transaction_id,agency,transaction_type,vendor_or_employee,amount,transaction_date,status,error_flag,anomaly
300,Health,Inspection,Ruiz and Sons,1660.53,2025-04-30,Approved,False,-1
424,Defense,Procurement,King LLC,981.0,2025-07-29,Rejected,False,-1
499,Defense,Inspection,Roberts-Wells,1435.5,2025-10-09,Approved,False,-1
541,Defense,Inspection,Garcia PLC,1605.64,2024-09-15,Rejected,False,-1
588,Defense,Benefits,Palmer Ltd,273.36,2024-09-07,Pending,False,-1
829,Education,Inspection,Rhodes-Perry,137.43,2024-11-28,Approved,False,-1
1090,Defense,Benefits,Griffin Ltd,498754.04,2024-10-15,Approved,False,-1
1181,Defense,Payroll,"Spencer, Sullivan and Dunn",499474.32,2024-12-09,Pending,False,-1
1236,Transportation,Benefits,Perez-Rodriguez,2135.96,2025-09-10,Pending,False,-1
1239,Defense,Inspection,Phelps LLC,1062.09,2024-11-09,Pending,False,-1
1321,Transportation,Payroll,Love-Cox,499180.61,2024-03-04,Approved,False,-1
1445,Defense,Benefits,Jensen Group,2489.51,2025-12-08,Rejected,False,-1
1480,Health,Procurement,Fleming-Hoover,2634.0,2025-02-24,Pending,False,-1
1512,Defense,Benefits,Obrien-Brandt,1798.8,2025-09-04,Approved,False,-1
1557,Health,Procurement,"Acosta, Reed and Graves",499357.49,2024-12-31,Approved,False,-1
1563,Health,Payroll,"Campbell, Lewis and Vargas",2273.55,2024-02-20,Rejected,False,-1
1685,Defense,Procurement,Lawrence PLC,233.28,2024-04-14,Approved,False,-1
1786,Health,Procurement,"Davis, Henson and Thomas",2523.86,2024-10-30,Pending,False,-1
1814,Education,Payroll,Hester-Smith,499662.81,2024-03-21,Pending,False,-1
1829,Transportation,Inspection,Abbott Inc,499338.6,2024-12-16,Pending,False,-1
2056,Defense,Procurement,Jones Group,498431.48,2024-10-03,Rejected,False,-1
2220,Transportation,Procurement,Blake Inc,499210.38,2024-06-19,Pending,False,-1
2259,Defense,Procurement,Bishop PLC,2735.54,2024-11-14,Approved,False,-1
2333,Education,Payroll,Marsh Group,3133.31,2024-04-25,Approved,False,-1
2361,Transportation,Procurement,Frazier Ltd,498189.73,2025-01-27,Approved,False,-1
2548,Health,Inspection,"Mcdaniel, King and Walker",498592.78,2024-10-18,Approved,False,-1
2554,Health,Procurement,Murphy and Sons,1584.1,2024-06-15,Pending,False,-1
2570,Health,Procurement,"Williams, Chambers and Frederick",498208.19,2025-05-13,Rejected,False,-1
2642,Transportation,Inspection,"Potter, Thompson and Delgado",498805.63,2024-05-13,Pending,False,-1
2742,Health,Payroll,"Schultz, Reilly and Hodges",498215.85,2024-02-25,Rejected,False,-1
2748,Transportation,Payroll,"Palmer, Neal and Owens",497892.49,2025-07-21,Rejected,False,-1
2832,Education,Benefits,Lane-Long,2854.0,2024-08-01,Rejected,False,-1
2841,Transportation,Inspection,"Curtis, Gomez and Stone",1544.8,2025-04-11,Rejected,False,-1
2860,Education,Inspection,Fitzgerald Ltd,1729.76,2024-07-28,Rejected,False,-1
2966,Defense,Payroll,Fletcher-Hopkins,499790.31,2025-03-02,Approved,False,-1
3003,Transportation,Payroll,Hughes-Hurley,2405.79,2025-09-07,Approved,False,-1
3326,Transportation,Payroll,"Jackson, Smith and Glenn",2943.15,2024-11-14,Rejected,False,-1
3381,Transportation,Benefits,"Williams, Contreras and Barnes",499184.85,2026-02-02,Approved,False,-1
3417,Education,Benefits,Brown-Deleon,499766.76,2025-09-01,Rejected,False,-1
3507,Education,Inspection,Nelson-Morris,3137.74,2024-10-09,Rejected,False,-1
3564,Defense,Payroll,"Edwards, Maldonado and Hartman",1241.22,2024-06-17,Approved,False,-1
3679,Education,Payroll,Martinez Inc,2083.33,2024-12-30,Approved,False,-1
4054,Education,Procurement,"Green, Smith and Jenkins",2158.54,2025-12-28,Pending,False,-1
4061,Transportation,Procurement,"Smith, Martin and Stark",228.4,2024-05-20,Pending,False,-1
4083,Transportation,Payroll,Montgomery PLC,498652.17,2024-04-19,Pending,False,-1
4223,Defense,Benefits,Neal PLC,2585.89,2025-08-06,Rejected,False,-1
4299,Defense,Inspection,"Wilson, Jones and Sanchez",2651.71,2024-10-26,Rejected,False,-1
4307,Defense,Procurement,Pennington PLC,2931.15,2026-01-01,Pending,False,-1
4391,Transportation,Benefits,Davis-Stephens,498917.81,2025-11-11,Approved,False,-1
4521,Transportation,Benefits,King-Baker,498144.51,2025-04-17,Approved,False,-1
4543,Transportation,Benefits,"Anderson, Rogers and Green",499147.51,2025-05-09,Rejected,False,-1
4676,Health,Procurement,Yoder-Price,498792.17,2025-06-29,Pending,False,-1
4736,Health,Payroll,White Group,1304.85,2024-11-18,Approved,False,-1
5048,Health,Payroll,"Johnson, Richardson and Collins",2233.1,2024-07-08,Pending,False,-1
5081,Transportation,Payroll,"Wise, Thomas and Vega",400.32,2025-10-09,Rejected,False,-1
5400,Transportation,Benefits,"Martin, Edwards and Orr",2485.38,2024-07-18,Approved,False,-1
5486,Transportation,Payroll,Shields-Brown,2285.68,2025-11-19,Rejected,False,-1
5495,Defense,Inspection,"Patrick, Lynch and Estes",157.07,2024-04-09,Rejected,False,-1
5512,Transportation,Benefits,Tyler PLC,249.56,2025-02-04,Pending,False,-1
5638,Health,Inspection,"Hunt, Garcia and Hardin",497944.1,2025-06-03,Pending,False,-1
5690,Health,Procurement,Young Ltd,498170.32,2024-12-23,Approved,False,-1
5765,Health,Inspection,"Smith, Jones and Cook",1534.6,2025-01-19,Approved,False,-1
5774,Transportation,Benefits,"Larson, Nguyen and Stark",1673.56,2024-08-26,Approved,False,-1
5868,Health,Payroll,"Peck, Hernandez and Davis",499486.31,2024-07-18,Pending,False,-1
5902,Health,Procurement,Reyes-Dorsey,498447.06,2025-10-20,Rejected,False,-1
6041,Transportation,Benefits,Wilson-Guzman,2487.46,2024-04-08,Pending,False,-1
6676,Education,Benefits,"Hawkins, Strickland and Pena",2878.82,2024-07-07,Rejected,False,-1
6768,Health,Payroll,"Dalton, Rivera and Johnson",498927.23,2026-02-01,Pending,False,-1
6808,Defense,Inspection,Morton-Garrett,499394.76,2024-03-13,Pending,False,-1
6892,Defense,Procurement,"Salazar, Mason and Arnold",499972.7,2025-11-12,Pending,False,-1
6950,Defense,Procurement,Howell-Moore,1566.67,2025-11-23,Approved,False,-1
7030,Education,Procurement,Henderson-Williams,1975.34,2025-11-07,Rejected,False,-1
7045,Transportation,Inspection,Silva-Pham,1102.09,2025-09-04,Pending,False,-1
7523,Transportation,Inspection,Patrick-Scott,470.78,2025-06-30,Approved,False,-1
7625,Defense,Payroll,Carter-Harding,3007.9,2024-11-19,Rejected,False,-1
7954,Defense,Benefits,Jones Ltd,499800.88,2025-08-15,Pending,False,-1
7987,Health,Procurement,"Francis, Miller and Banks",499621.77,2024-05-06,Rejected,False,-1
8019,Defense,Inspection,Keller LLC,499379.17,2025-01-05,Approved,False,-1
8147,Health,Inspection,"Wilson, Moore and Hudson",1333.85,2025-10-06,Approved,False,-1
8191,Defense,Payroll,Clark-Jackson,498641.05,2024-06-19,Approved,False,-1
8192,Transportation,Benefits,Ramirez PLC,498828.22,2024-09-01,Rejected,False,-1
8241,Health,Procurement,Downs Ltd,499533.14,2025-01-24,Rejected,False,-1
8248,Defense,Inspection,"Long, Morgan and Davidson",499770.41,2025-11-01,Approved,False,-1
8260,Transportation,Procurement,Schultz-Horn,498116.41,2024-11-10,Pending,False,-1
8337,Transportation,Payroll,"Henry, Smith and Garcia",498746.95,2024-06-15,Rejected,False,-1
8355,Health,Procurement,"Calderon, Whitaker and Olsen",497895.29,2024-06-11,Pending,False,-1
8482,Transportation,Procurement,"Smith, Mendoza and Hart",1108.41,2025-06-16,Approved,False,-1
8627,Education,Benefits,"Barr, Gomez and Kim",1357.11,2025-10-16,Rejected,False,-1
8629,Education,Payroll,Bolton Group,1374.66,2024-06-14,Approved,False,-1
8767,Defense,Inspection,Schroeder LLC,498903.19,2025-08-09,Pending,False,-1
8839,Education,Benefits,Williams-Barrett,2484.71,2024-08-11,Pending,False,-1
8870,Health,Procurement,"Smith, Nelson and Allen",2046.89,2024-07-02,Approved,False,-1
9020,Education,Inspection,Dennis and Sons,2104.0,2025-09-06,Pending,False,-1
9259,Defense,Procurement,Simpson-Wagner,498677.92,2025-05-31,Approved,False,-1
9495,Health,Inspection,Brown Inc,499363.3,2025-08-21,Pending,False,-1
9497,Defense,Procurement,"Pham, Cooley and Powell",498821.72,2025-02-07,Rejected,False,-1
9503,Health,Benefits,"Washington, Logan and Gallagher",498976.35,2025-07-17,Rejected,False,-1
9643,Health,Inspection,"Tran, Powell and Hood",498410.77,2024-04-11,Pending,False,-1
9721,Defense,Benefits,Jones-Mitchell,497934.79,2025-05-18,Approved,False,-1
10010,Transportation,Benefits,Keller and Sons,2542.83,2024-03-31,Approved,False,-1
10060,Transportation,Benefits,Lopez-Huynh,499929.88,2025-12-31,Rejected,False,-1
10149,Health,Procurement,Melendez-Romero,499619.03,2025-03-05,Approved,False,-1
10208,Transportation,Benefits,George LLC,498188.86,2024-05-09,Pending,False,-1
10311,Transportation,Payroll,"Parks, Macias and Baker",498101.42,2025-10-08,Approved,False,-1
10349,Health,Inspection,Colon Inc,2097.66,2025-09-08,Pending,False,-1
10411,Health,Inspection,Edwards and Sons,498669.69,2025-09-11,Pending,False,-1
10493,Education,Benefits,Rodriguez PLC,498067.85,2025-10-24,Rejected,False,-1
10614,Defense,Payroll,Turner-Hawkins,1296.51,2024-07-07,Rejected,False,-1
10640,Defense,Benefits,"Gentry, Tucker and Becker",499697.83,2025-01-07,Rejected,False,-1
10653,Education,Benefits,Freeman and Sons,1207.88,2025-03-12,Pending,False,-1
10793,Defense,Payroll,"Edwards, Archer and Brown",1692.74,2024-04-04,Approved,False,-1
10921,Education,Benefits,Blair PLC,499209.91,2024-08-05,Rejected,False,-1
11121,Transportation,Benefits,Cole-Thomas,1456.29,2024-09-03,Pending,False,-1
11383,Defense,Procurement,Walker-Andrews,499253.48,2024-10-01,Rejected,False,-1
11513,Health,Inspection,Navarro and Sons,1985.83,2025-10-19,Approved,False,-1
11773,Health,Payroll,Williamson Group,499111.09,2025-04-19,Approved,False,-1
11978,Defense,Procurement,Green and Sons,1056.82,2024-03-19,Pending,False,-1
12014,Education,Payroll,Holloway-Rogers,499884.33,2025-10-23,Approved,False,-1
12086,Defense,Procurement,Bennett-Becker,2962.41,2025-12-17,Approved,False,-1
12129,Education,Procurement,"Burton, King and Walker",2095.29,2024-07-16,Rejected,False,-1
12151,Health,Payroll,"Cruz, White and Young",499571.52,2025-09-25,Approved,False,-1
12166,Education,Inspection,"Mills, Williams and Ortega",2997.74,2024-11-11,Pending,False,-1
12281,Education,Payroll,Merritt-Davis,2846.84,2024-11-02,Pending,False,-1
12302,Health,Benefits,"Irwin, Johnson and Reeves",2126.24,2025-10-27,Rejected,False,-1
12345,Education,Inspection,Humphrey-White,499791.24,2024-12-28,Approved,False,-1
12370,Education,Procurement,Medina and Sons,728.55,2024-02-23,Pending,False,-1
12402,Education,Benefits,"Price, Abbott and Williams",256.18,2025-08-30,Rejected,False,-1
12526,Transportation,Benefits,Salazar-Clark,497922.37,2025-08-16,Approved,False,-1
12559,Defense,Benefits,Wang-Mcgee,1506.52,2024-10-06,Pending,False,-1
12578,Transportation,Inspection,Owens-Guzman,499412.97,2025-08-19,Rejected,False,-1
13040,Education,Procurement,"Bowers, Garcia and Hall",498141.1,2024-09-22,Approved,False,-1
13156,Education,Procurement,Cherry-Taylor,498997.1,2025-09-10,Pending,False,-1
13186,Health,Payroll,"Orr, Pope and York",611.76,2024-02-29,Rejected,False,-1
13208,Health,Payroll,"Sims, Richard and Wade",187.56,2025-09-18,Rejected,False,-1
13310,Education,Procurement,Arias-Spears,2121.78,2024-03-05,Approved,False,-1
13443,Health,Procurement,Kerr Group,1489.18,2025-07-25,Approved,False,-1
13541,Defense,Benefits,"Jackson, Larson and Lang",499349.82,2025-02-24,Pending,False,-1
13562,Health,Procurement,Koch Inc,499586.73,2025-06-27,Rejected,False,-1
13693,Defense,Inspection,Jackson-Carson,610.18,2025-02-02,Approved,False,-1
13710,Transportation,Benefits,"Merritt, Jenkins and Nelson",419.81,2024-06-05,Rejected,False,-1
13736,Transportation,Procurement,Moore-Harding,432.59,2026-01-17,Approved,False,-1
14006,Health,Procurement,"Ruiz, White and Mann",499975.49,2024-04-17,Pending,False,-1
14184,Defense,Payroll,Savage-Bridges,499881.51,2024-12-04,Rejected,False,-1
14321,Health,Benefits,Duncan LLC,2912.35,2025-08-03,Rejected,False,-1
14417,Transportation,Inspection,Ibarra-Powell,498947.55,2025-06-28,Pending,False,-1
14634,Defense,Inspection,Adams Group,499265.14,2024-02-16,Rejected,False,-1
14660,Education,Procurement,Burgess PLC,325.5,2025-05-13,Pending,False,-1
14694,Defense,Benefits,"Singleton, Mcfarland and Cooper",914.93,2025-08-23,Pending,False,-1
14718,Health,Payroll,"Vance, Smith and Clayton",693.58,2024-07-22,Rejected,False,-1
14727,Transportation,Procurement,Green-Garcia,3154.41,2025-05-05,Pending,False,-1
14816,Defense,Payroll,Lang Ltd,451.27,2025-03-29,Approved,False,-1
14957,Education,Inspection,Clark-Austin,792.04,2024-11-18,Rejected,False,-1
15148,Health,Procurement,Mcdaniel Group,498573.02,2025-01-20,Rejected,False,-1
15182,Transportation,Procurement,Conway Inc,498580.58,2024-06-07,Rejected,False,-1
15277,Health,Inspection,Burns-Zuniga,498095.38,2024-12-13,Pending,False,-1
15461,Education,Payroll,"James, Phillips and Dickson",498302.47,2025-08-05,Pending,False,-1
15520,Defense,Payroll,"Duarte, Parker and White",499541.64,2024-09-04,Approved,False,-1
15601,Health,Payroll,Novak LLC,498922.21,2024-05-03,Pending,False,-1
15655,Health,Benefits,"Gallagher, Pierce and Jenkins",499094.43,2025-05-13,Rejected,False,-1
15665,Education,Payroll,"Nelson, Medina and Hall",1235.89,2025-10-19,Approved,False,-1
15768,Education,Inspection,Nichols and Sons,2616.53,2025-12-01,Pending,False,-1
15867,Defense,Benefits,Moran Inc,1185.05,2024-08-18,Approved,False,-1
15934,Defense,Procurement,Jimenez-Sullivan,1769.07,2024-03-16,Approved,False,-1
15981,Education,Procurement,Anthony-Reeves,2814.24,2024-06-23,Rejected,False,-1
16022,Defense,Procurement,Martinez PLC,2756.85,2024-02-17,Pending,False,-1
16046,Health,Inspection,"Davis, Mclaughlin and Rangel",499344.14,2024-05-25,Pending,False,-1
16413,Education,Inspection,Williams LLC,2681.12,2024-06-28,Rejected,False,-1
16460,Defense,Inspection,Barrett-Evans,499358.36,2025-06-09,Rejected,False,-1
16540,Education,Benefits,Guzman and Sons,1322.48,2025-07-03,Pending,False,-1
16547,Transportation,Inspection,Smith-Mooney,499972.87,2025-09-11,Rejected,False,-1
16554,Health,Payroll,Meyers Ltd,2719.56,2024-10-04,Pending,False,-1
16646,Defense,Procurement,Simmons Ltd,499813.43,2024-03-30,Approved,False,-1
16650,Defense,Procurement,"Alvarado, Anderson and Taylor",136.28,2024-04-07,Rejected,False,-1
16719,Defense,Procurement,Harris Group,498774.84,2025-04-15,Approved,False,-1
16853,Education,Benefits,"Watson, Lowe and Campbell",498405.09,2025-11-09,Rejected,False,-1
17006,Health,Payroll,Rogers LLC,498513.8,2026-02-06,Approved,False,-1
17081,Education,Procurement,Higgins-Spence,910.99,2025-12-20,Pending,False,-1
17113,Education,Procurement,Thompson and Sons,498745.9,2025-09-20,Approved,False,-1
17205,Defense,Inspection,Montgomery and Sons,499281.14,2024-04-21,Pending,False,-1
17232,Health,Inspection,Acosta-Campbell,499752.05,2024-06-29,Rejected,False,-1
17281,Transportation,Benefits,Fritz-Sparks,568.98,2024-04-10,Pending,False,-1
17437,Transportation,Benefits,Scott LLC,2085.49,2025-07-03,Approved,False,-1
17489,Education,Inspection,Chen-Mclaughlin,498999.45,2025-03-09,Rejected,False,-1
17656,Defense,Benefits,Faulkner-Obrien,1163.87,2024-10-13,Pending,False,-1
17742,Transportation,Benefits,Smith-Day,498904.32,2025-12-11,Rejected,False,-1
17774,Health,Inspection,Hopkins-Morgan,705.22,2025-11-25,Rejected,False,-1
18087,Health,Inspection,Bright and Sons,992.39,2024-11-08,Pending,False,-1
18155,Health,Procurement,West Ltd,2650.52,2024-10-29,Approved,False,-1
18226,Education,Inspection,"Wood, Kelly and Russell",498122.71,2024-02-19,Approved,False,-1
18283,Transportation,Inspection,Hill-Smith,2469.89,2025-02-03,Pending,False,-1
18310,Education,Payroll,Lewis-Rivera,499493.97,2025-05-17,Approved,False,-1
18326,Defense,Inspection,"Williams, King and Huber",2751.54,2025-03-15,Approved,False,-1
18653,Education,Procurement,Young PLC,3016.2,2024-03-27,Rejected,False,-1
18695,Defense,Benefits,Kelly-Peters,498276.95,2025-12-23,Pending,False,-1
18726,Transportation,Inspection,"Chan, Gonzales and Williams",160.0,2026-01-19,Pending,False,-1
18788,Health,Inspection,"Campbell, Clark and Wilkins",498789.71,2025-01-12,Approved,False,-1
18918,Health,Inspection,"Knight, Burns and Chavez",498540.97,2024-06-06,Approved,False,-1
19041,Defense,Benefits,Miller-Bradshaw,498199.96,2026-01-10,Pending,False,-1
19058,Defense,Benefits,"Woods, Ortiz and Davenport",499548.7,2024-02-13,Approved,False,-1
19107,Education,Benefits,Murray Ltd,499620.87,2025-11-30,Rejected,False,-1
19168,Education,Benefits,Walters LLC,333.2,2024-04-28,Rejected,False,-1
19178,Education,Payroll,Jordan Inc,498944.14,2025-12-04,Rejected,False,-1
19253,Health,Procurement,Lamb LLC,2939.63,2024-12-01,Pending,False,-1
19260,Transportation,Procurement,Baker Inc,2108.57,2025-04-01,Rejected,False,-1
19590,Education,Inspection,Greer-Arnold,1625.99,2025-11-17,Pending,False,-1
19861,Transportation,Benefits,Smith Inc,291.86,2025-02-26,Approved,False,-1
19890,Health,Payroll,Baldwin and Sons,2535.73,2024-06-30,Approved,False,-1
19914,Health,Benefits,"Hall, Simpson and Bell",498791.15,2024-06-20,Rejected,False,-1
19947,Defense,Payroll,"Dawson, Hampton and Romero",2561.79,2026-01-11,Pending,False,-1
19990,Transportation,Payroll,"Page, Garcia and Butler",498486.78,2025-03-02,Approved,False,-1
20007,Health,Procurement,Hopkins Group,498043.41,2024-08-07,Approved,False,-1
20050,Education,Payroll,Medina LLC,2730.34,2025-07-29,Rejected,False,-1
20132,Defense,Benefits,Bird-Andrews,2537.18,2024-11-29,Approved,False,-1
20133,Defense,Inspection,Bailey Ltd,1839.63,2025-11-25,Rejected,False,-1
20273,Defense,Payroll,Carter-Robinson,499067.95,2024-09-05,Pending,False,-1
20305,Defense,Inspection,Richard-Snyder,499635.22,2025-10-26,Rejected,False,-1
20417,Education,Inspection,Cameron-Thomas,1150.36,2025-07-14,Pending,False,-1
20455,Transportation,Benefits,"Gibson, Campbell and Jackson",2657.08,2024-03-08,Pending,False,-1
20478,Defense,Benefits,Harper Group,497964.69,2025-02-27,Pending,False,-1
20521,Health,Benefits,"Whitaker, Hanson and Whitehead",1813.65,2024-10-13,Rejected,False,-1
20538,Transportation,Payroll,Kline-West,499987.92,2025-09-10,Approved,False,-1
20550,Defense,Procurement,Salinas-Hodge,679.7,2025-09-30,Rejected,False,-1
20822,Defense,Inspection,"Carson, Holmes and Jacobs",499079.29,2025-02-02,Rejected,False,-1
21064,Education,Procurement,Chambers-Knight,1750.79,2024-08-12,Approved,False,-1
21067,Defense,Payroll,"Foley, Davis and Ramos",834.39,2025-10-01,Approved,False,-1
21240,Health,Benefits,Ramirez-Ayala,1362.03,2024-02-19,Approved,False,-1
21864,Health,Procurement,Williams Inc,498368.77,2025-05-15,Approved,False,-1
21911,Education,Benefits,"Rowe, Day and Harris",2484.11,2025-01-04,Approved,False,-1
21940,Defense,Inspection,Frazier LLC,498656.47,2025-05-21,Approved,False,-1
21948,Education,Procurement,Gilbert-Mason,2414.12,2024-10-29,Approved,False,-1
22138,Defense,Procurement,Salinas Inc,1279.54,2025-06-02,Approved,False,-1
22346,Education,Procurement,Curry-Bridges,1970.62,2024-09-10,Pending,False,-1
22356,Health,Inspection,Carney PLC,499738.7,2026-01-10,Rejected,False,-1
22660,Education,Inspection,Werner-Wright,498508.77,2024-11-29,Pending,False,-1
22695,Education,Benefits,"Tucker, Brown and Sharp",1867.69,2026-01-01,Approved,False,-1
22732,Transportation,Benefits,Oliver-Morse,499561.67,2024-02-15,Rejected,False,-1
22797,Transportation,Procurement,"Hensley, Flynn and Sanchez",498888.12,2025-03-16,Pending,False,-1
22800,Transportation,Inspection,Wagner LLC,1236.3,2024-11-14,Pending,False,-1
22880,Defense,Benefits,Moore-Owen,499885.38,2026-02-05,Approved,False,-1
22968,Education,Procurement,"Ross, Carroll and Juarez",499183.82,2025-08-26,Pending,False,-1
22989,Education,Inspection,King and Sons,875.23,2024-04-26,Pending,False,-1
23192,Education,Inspection,White Inc,1971.56,2025-10-22,Pending,False,-1
23295,Education,Inspection,Potter-Marshall,499878.69,2025-12-15,Pending,False,-1
23368,Education,Payroll,Johns-Massey,499064.18,2024-03-02,Approved,False,-1
23503,Education,Benefits,Reid and Sons,134.3,2025-07-31,Pending,False,-1
23540,Defense,Benefits,"Valdez, Clark and Howard",499240.46,2024-07-03,Rejected,False,-1
23589,Education,Benefits,"Clark, Rodriguez and Wilson",499518.5,2025-03-31,Approved,False,-1
23595,Education,Payroll,Elliott-Reed,497935.02,2025-10-07,Approved,False,-1
23674,Health,Procurement,Lewis PLC,2072.68,2024-02-12,Approved,False,-1
23678,Health,Payroll,Moses-Green,1558.49,2025-11-11,Pending,False,-1
23870,Education,Procurement,Smith Ltd,470.83,2025-08-18,Rejected,False,-1
23885,Defense,Benefits,"Miles, Vaughn and Fowler",1465.56,2024-10-14,Pending,False,-1
24143,Health,Payroll,"Martinez, Lynn and West",499374.8,2025-12-16,Approved,False,-1
24203,Education,Payroll,Robertson-Mullen,1945.54,2024-09-10,Approved,False,-1
24251,Health,Inspection,Garza Group,953.68,2024-09-08,Approved,False,-1
24389,Education,Inspection,Chambers PLC,498829.34,2024-08-15,Pending,False,-1
24487,Health,Payroll,Robertson and Sons,2914.27,2024-02-11,Rejected,False,-1
24900,Transportation,Payroll,Olson-Green,2127.61,2025-04-23,Pending,False,-1
24962,Defense,Procurement,Wong PLC,499216.67,2025-08-06,Approved,False,-1
25163,Transportation,Payroll,Reed PLC,498159.27,2024-12-06,Rejected,False,-1
25191,Defense,Inspection,"Hernandez, Terry and Coleman",1887.0,2026-01-13,Pending,False,-1
25192,Defense,Payroll,Smith-Alvarado,584.35,2025-05-09,Approved,False,-1
25201,Transportation,Procurement,"Ward, Keller and Watson",1599.87,2024-06-25,Rejected,False,-1
25230,Transportation,Benefits,Long-Olson,498710.33,2024-07-15,Pending,False,-1
25420,Defense,Payroll,Bennett-Kelly,499462.04,2024-06-21,Rejected,False,-1
25671,Defense,Inspection,"Wolf, Santiago and Lee",2551.88,2025-06-17,Pending,False,-1
25887,Health,Inspection,"Henderson, Ibarra and Ayala",454.91,2024-11-27,Rejected,False,-1
26120,Health,Benefits,Kelly PLC,499849.41,2024-09-30,Rejected,False,-1
26224,Education,Payroll,West PLC,499568.28,2025-07-10,Pending,False,-1
26324,Defense,Payroll,"Rodriguez, Mejia and Orr",2674.31,2024-10-02,Rejected,False,-1
26430,Defense,Inspection,Wade-Rogers,498554.74,2024-12-14,Rejected,False,-1
26527,Health,Benefits,"Pace, Huffman and Banks",206.02,2024-03-01,Approved,False,-1
26578,Transportation,Payroll,Brown-Smith,603.44,2025-08-17,Pending,False,-1
26622,Health,Payroll,Ferrell-Moore,498455.46,2024-02-26,Approved,False,-1
26685,Education,Procurement,Bailey-Vega,1088.74,2024-04-12,Pending,False,-1
26705,Transportation,Procurement,Scott-Sandoval,1937.58,2025-08-25,Approved,False,-1
26902,Transportation,Benefits,Ross-Patel,2330.87,2025-06-20,Rejected,False,-1
27083,Education,Benefits,Jackson Group,498917.03,2025-03-30,Approved,False,-1
27143,Defense,Inspection,"Lewis, Mcneil and Thomas",499506.68,2025-02-04,Pending,False,-1
27170,Health,Procurement,"Fitzgerald, James and Ortega",1179.88,2024-06-26,Rejected,False,-1
27190,Education,Procurement,"Thompson, Fisher and Gardner",214.68,2025-11-07,Approved,False,-1
27332,Health,Benefits,Cohen Inc,498335.85,2025-03-05,Rejected,False,-1
27416,Health,Payroll,Thompson Ltd,498551.01,2025-02-15,Rejected,False,-1
27445,Transportation,Inspection,Lloyd Group,498958.29,2025-06-04,Approved,False,-1
27579,Education,Inspection,Byrd Inc,499467.57,2025-12-12,Pending,False,-1
27583,Health,Procurement,"Doyle, Carter and Sullivan",1160.51,2025-06-09,Pending,False,-1
27842,Transportation,Inspection,Ford-Sanchez,444.29,2024-06-05,Approved,False,-1
27876,Defense,Inspection,"Yang, Frederick and Marquez",1569.88,2024-08-16,Pending,False,-1
27929,Defense,Payroll,"Calderon, Boyd and Cohen",2066.01,2025-08-04,Pending,False,-1
27962,Education,Procurement,Bryan Inc,499234.45,2024-07-12,Pending,False,-1
28035,Defense,Procurement,Chase-Wilson,499310.52,2025-05-26,Pending,False,-1
28245,Defense,Procurement,Gibbs-Lopez,1300.4,2025-01-01,Approved,False,-1
28310,Defense,Inspection,Sanchez-Alvarez,1873.12,2024-09-28,Approved,False,-1
28422,Education,Inspection,Rice-Johnson,380.69,2024-06-11,Rejected,False,-1
28585,Transportation,Inspection,"Hunter, Diaz and Castaneda",1194.3,2024-12-03,Rejected,False,-1
28606,Defense,Inspection,Carter-Harris,498623.73,2024-12-13,Pending,False,-1
28776,Health,Inspection,"Bell, Johnston and Ramos",1857.55,2025-01-15,Pending,False,-1
28790,Defense,Procurement,Barker LLC,2391.74,2025-11-10,Pending,False,-1
28883,Defense,Benefits,Summers-Ho,2434.61,2024-04-01,Approved,False,-1
28937,Education,Payroll,"Anderson, Gamble and Warren",1966.99,2024-11-03,Pending,False,-1
28940,Transportation,Inspection,Barton-Torres,759.22,2025-07-15,Rejected,False,-1
29092,Health,Inspection,Hernandez-Lester,2670.49,2024-06-03,Approved,False,-1
29169,Transportation,Procurement,"Vega, Mclean and Harrison",499395.22,2024-12-13,Pending,False,-1
29219,Health,Procurement,"Morris, Harris and Carr",498347.17,2024-04-03,Rejected,False,-1
29358,Health,Benefits,"Stewart, Meza and Little",3012.71,2025-11-29,Pending,False,-1
29458,Education,Payroll,Gonzalez LLC,2187.28,2024-07-20,Approved,False,-1
29625,Health,Payroll,Price-Lambert,1516.13,2025-06-09,Pending,False,-1
30102,Defense,Payroll,Higgins PLC,1278.64,2024-10-01,Pending,False,-1
30185,Education,Procurement,Massey-Williams,499823.48,2024-09-28,Pending,False,-1
30262,Defense,Procurement,Carpenter-Gray,498962.0,2025-08-13,Approved,False,-1
30303,Health,Inspection,"Moore, Wheeler and Mccall",499394.84,2025-04-07,Rejected,False,-1
30348,Education,Inspection,Duncan and Sons,498651.4,2025-12-17,Rejected,False,-1
30413,Education,Payroll,Cain Inc,1958.44,2024-09-10,Approved,False,-1
31034,Education,Payroll,Carr-Mora,499026.01,2024-11-25,Pending,False,-1
31227,Defense,Inspection,"Herring, Johnson and Rhodes",498463.77,2025-07-18,Approved,False,-1
31308,Transportation,Procurement,Richardson-Cuevas,499290.46,2025-08-02,Approved,False,-1
31328,Education,Benefits,"Dawson, Bray and Lopez",498882.03,2024-03-03,Rejected,False,-1
31352,Defense,Payroll,Vega Group,498915.07,2025-11-08,Approved,False,-1
31425,Defense,Payroll,Gomez-Powers,606.56,2025-02-22,Rejected,False,-1
31576,Transportation,Procurement,Powers-Yang,498404.86,2025-05-17,Pending,False,-1
31654,Defense,Benefits,Williams LLC,498160.09,2024-07-13,Rejected,False,-1
31747,Health,Payroll,Shelton-Williams,498992.02,2024-06-30,Approved,False,-1
31757,Transportation,Procurement,Becker LLC,499588.98,2025-01-05,Pending,False,-1
31795,Education,Inspection,"Rowe, Gray and Mason",1301.63,2024-08-28,Pending,False,-1
31814,Health,Payroll,"Le, Stanton and Erickson",1794.74,2025-02-13,Pending,False,-1
32062,Health,Benefits,Oliver and Sons,499051.33,2025-01-04,Approved,False,-1
32066,Education,Procurement,Prince-Mitchell,1981.43,2024-03-18,Rejected,False,-1
32106,Defense,Payroll,Carter-Harris,498264.52,2025-04-19,Approved,False,-1
32280,Health,Benefits,Russell LLC,498123.69,2026-01-10,Approved,False,-1
32397,Education,Benefits,"Suarez, Pena and Palmer",2975.72,2025-03-15,Rejected,False,-1
32776,Health,Payroll,"Leonard, Bailey and Barnes",2255.08,2025-03-03,Pending,False,-1
32897,Defense,Inspection,Anderson-Jones,1868.97,2024-11-02,Pending,False,-1
32909,Defense,Benefits,Conner Inc,497911.37,2025-05-31,Pending,False,-1
32922,Education,Payroll,"Gomez, Hebert and Schaefer",498121.94,2025-03-04,Pending,False,-1
33301,Education,Inspection,"Gutierrez, Jones and Lara",2518.96,2024-05-15,Rejected,False,-1
33314,Transportation,Procurement,Johnson-Edwards,499758.1,2024-09-25,Approved,False,-1
33320,Transportation,Benefits,"Garcia, Padilla and Hayes",211.61,2025-03-31,Pending,False,-1
33322,Defense,Benefits,Buchanan-Hill,1651.73,2024-11-28,Pending,False,-1
33335,Health,Procurement,"Anderson, Torres and Perry",1001.41,2024-06-15,Approved,False,-1
33389,Defense,Benefits,Coleman LLC,499598.28,2025-11-24,Approved,False,-1
33415,Transportation,Benefits,"Mathis, Owens and Buchanan",1357.59,2024-07-10,Approved,False,-1
33451,Defense,Procurement,"Johnson, Hicks and Ford",729.11,2024-03-31,Pending,False,-1
33517,Defense,Procurement,"Duncan, Dillon and Robbins",1853.84,2024-05-03,Approved,False,-1
33556,Transportation,Payroll,Castro Group,1904.38,2024-07-05,Approved,False,-1
33566,Defense,Payroll,Anderson-Harris,498365.45,2026-01-04,Approved,False,-1
33568,Defense,Payroll,Payne PLC,499534.63,2024-07-20,Approved,False,-1
33675,Education,Inspection,Arnold-Solomon,2714.0,2024-09-15,Approved,False,-1
33760,Transportation,Payroll,"Fisher, Clark and Bradley",498127.15,2024-04-24,Rejected,False,-1
33853,Education,Payroll,Davis Ltd,2322.78,2024-08-03,Pending,False,-1
34145,Transportation,Payroll,Mcintyre-Welch,498152.94,2025-04-02,Approved,False,-1
34254,Defense,Procurement,Mcdonald Inc,1052.87,2025-09-05,Rejected,False,-1
34435,Transportation,Inspection,"Williams, Bailey and Franklin",499781.82,2025-03-25,Rejected,False,-1
34464,Transportation,Payroll,Anderson-Cox,1223.18,2025-11-10,Rejected,False,-1
34710,Health,Inspection,"Ford, Atkins and Harrison",499894.37,2025-09-15,Approved,False,-1
34750,Education,Procurement,Miller-Roberson,498624.33,2024-08-09,Pending,False,-1
34887,Defense,Procurement,"Chen, Graves and Williams",1121.63,2025-09-24,Approved,False,-1
34893,Health,Benefits,"Shaw, Webster and Rogers",499047.31,2024-08-16,Rejected,False,-1
35006,Health,Benefits,Thomas-Poole,571.42,2025-12-22,Approved,False,-1
35035,Transportation,Payroll,Allen Inc,499537.92,2024-09-10,Approved,False,-1
35041,Defense,Procurement,Brooks-Tanner,499450.1,2025-02-20,Rejected,False,-1
35263,Transportation,Payroll,"Smith, Townsend and Davis",498079.8,2025-04-23,Pending,False,-1
35508,Education,Procurement,Charles and Sons,187.61,2025-09-06,Approved,False,-1
35556,Education,Payroll,Murphy Group,499323.52,2026-02-02,Pending,False,-1
35722,Education,Benefits,Bates Inc,499089.23,2025-11-21,Pending,False,-1
35747,Transportation,Inspection,"Williams, White and Chen",673.5,2025-12-03,Pending,False,-1
35924,Education,Benefits,Boyd Inc,498590.27,2025-05-29,Pending,False,-1
35993,Transportation,Procurement,Richardson-Miller,498894.52,2024-10-24,Approved,False,-1
35995,Defense,Procurement,Campbell Inc,498553.0,2025-04-14,Approved,False,-1
36104,Defense,Benefits,Odonnell-Roberts,498933.83,2025-06-13,Approved,False,-1
36419,Health,Benefits,Matthews Group,2564.77,2024-07-18,Rejected,False,-1
36513,Health,Inspection,Chen-Johnston,1538.04,2024-02-11,Approved,False,-1
36624,Education,Inspection,Garcia LLC,3025.45,2024-11-05,Pending,False,-1
36655,Education,Procurement,Davidson Ltd,499915.79,2024-06-02,Rejected,False,-1
36758,Defense,Procurement,Coleman-Sullivan,498260.69,2025-04-13,Pending,False,-1
36801,Health,Payroll,Rowe Ltd,758.9,2025-04-12,Rejected,False,-1
37161,Education,Benefits,"Perez, Roberts and Rose",1842.38,2024-10-06,Pending,False,-1
37217,Defense,Procurement,Nelson-Brown,1690.5,2025-05-31,Pending,False,-1
37307,Defense,Inspection,"Perkins, Gomez and Wu",499565.31,2024-03-22,Pending,False,-1
37500,Education,Payroll,Ryan Group,2408.5,2025-02-23,Approved,False,-1
37680,Health,Procurement,Bailey-Banks,246.77,2024-04-14,Approved,False,-1
37753,Transportation,Payroll,Smith-Vargas,1262.51,2025-03-07,Rejected,False,-1
37917,Defense,Inspection,Camacho LLC,498128.23,2024-07-09,Pending,False,-1
37936,Health,Benefits,"Brown, Smith and Bates",1388.37,2025-08-02,Rejected,False,-1
38009,Health,Payroll,Howard-Forbes,499397.01,2024-03-25,Approved,False,-1
38108,Education,Payroll,Hunt-Yu,3146.43,2025-08-27,Pending,False,-1
38173,Defense,Inspection,Jackson-Reese,2237.34,2024-08-18,Rejected,False,-1
38292,Health,Inspection,"Reynolds, Hendrix and Pugh",2199.91,2025-02-05,Approved,False,-1
38337,Transportation,Payroll,"Benson, Pena and Grant",1997.58,2025-12-12,Approved,False,-1
38427,Defense,Benefits,"Green, Gomez and Wallace",2771.07,2025-05-25,Rejected,False,-1
38429,Health,Payroll,"Martinez, Thompson and Lang",498322.65,2025-05-30,Pending,False,-1
38444,Health,Benefits,"Chambers, Glass and Phillips",2239.51,2024-10-03,Rejected,False,-1
38522,Health,Benefits,Baird-Reynolds,921.16,2025-02-09,Approved,False,-1
38577,Transportation,Payroll,"Carroll, Gonzalez and Doyle",1313.68,2025-01-10,Pending,False,-1
38709,Health,Payroll,Sanchez Ltd,499194.17,2024-12-09,Pending,False,-1
38772,Defense,Benefits,Davidson LLC,499966.89,2024-12-04,Approved,False,-1
39351,Health,Inspection,Williams-Burns,2061.92,2025-11-05,Approved,False,-1
39486,Health,Procurement,Lozano-Reed,1846.17,2024-04-15,Approved,False,-1
39629,Defense,Procurement,Marquez-Andrews,498362.18,2024-05-30,Pending,False,-1
39643,Transportation,Procurement,Mendoza-Larson,498226.13,2024-12-04,Approved,False,-1
39955,Education,Payroll,Miles Group,2467.42,2024-02-27,Approved,False,-1
39977,Defense,Payroll,Fields-Neal,2505.55,2025-08-26,Approved,False,-1
40171,Education,Payroll,"Vaughn, Osborne and Young",498801.39,2024-11-14,Approved,False,-1
40215,Education,Inspection,Jones-Adams,1760.18,2024-06-14,Approved,False,-1
40225,Education,Benefits,"Palmer, Boyer and Taylor",875.75,2025-05-09,Pending,False,-1
40232,Education,Payroll,"Lee, Decker and Velazquez",2425.64,2024-04-06,Rejected,False,-1
40281,Transportation,Payroll,Frederick LLC,1989.76,2024-03-15,Approved,False,-1
40389,Health,Benefits,"King, Lowe and Phillips",1812.5,2025-07-10,Rejected,False,-1
40432,Defense,Benefits,Hamilton-Solomon,499981.22,2025-08-06,Pending,False,-1
40454,Education,Payroll,Hansen PLC,812.57,2025-08-20,Rejected,False,-1
40464,Transportation,Procurement,Fisher Group,1355.83,2025-12-05,Approved,False,-1
40544,Defense,Payroll,Rogers-Brown,1104.48,2024-10-12,Approved,False,-1
40909,Health,Payroll,Wilson-Proctor,263.25,2024-03-15,Pending,False,-1
40973,Defense,Payroll,"Hubbard, Hernandez and Leon",2109.79,2024-10-30,Approved,False,-1
41272,Education,Inspection,Martin-Farley,499700.21,2025-06-26,Pending,False,-1
41313,Transportation,Inspection,"Guzman, Burch and Fisher",3140.87,2025-12-10,Pending,False,-1
41351,Defense,Inspection,"Fuller, Morgan and Underwood",1331.79,2025-02-09,Rejected,False,-1
41417,Health,Payroll,Hernandez-Adams,498699.79,2025-08-11,Approved,False,-1
41510,Health,Payroll,Marsh LLC,2240.81,2024-05-18,Rejected,False,-1
41803,Transportation,Payroll,Jennings-Gonzalez,498818.52,2025-05-26,Pending,False,-1
41849,Defense,Payroll,"Ward, Cox and Ruiz",498229.24,2025-12-14,Pending,False,-1
41989,Health,Inspection,Crawford and Sons,2097.59,2025-05-28,Rejected,False,-1
42213,Transportation,Payroll,"Snyder, Johnson and Carey",2988.48,2024-05-26,Approved,False,-1
42274,Education,Benefits,Jones-Cox,499472.64,2025-11-24,Pending,False,-1
42311,Health,Benefits,Hart-Stanley,498555.02,2025-05-08,Pending,False,-1
42316,Education,Procurement,Harris-Hartman,498628.68,2024-06-28,Pending,False,-1
42431,Health,Benefits,Mcdonald and Sons,1039.4,2024-05-26,Pending,False,-1
42643,Health,Benefits,Watkins Inc,499017.15,2025-01-15,Pending,False,-1
42646,Defense,Payroll,Good-Carrillo,498817.76,2024-02-10,Approved,False,-1
42874,Defense,Procurement,Fernandez-Brown,498982.96,2025-09-25,Rejected,False,-1
43193,Defense,Procurement,Holder and Sons,499241.09,2025-05-19,Approved,False,-1
43426,Transportation,Procurement,Jennings-Rosales,736.0,2024-08-09,Rejected,False,-1
43664,Defense,Inspection,Rodriguez-Mann,499909.3,2024-08-22,Rejected,False,-1
43819,Education,Procurement,"Andersen, Evans and Cohen",499305.38,2024-05-21,Pending,False,-1
43857,Defense,Inspection,"Nguyen, Mullins and Sampson",499288.62,2025-03-27,Rejected,False,-1
43874,Defense,Inspection,Allen Ltd,2029.11,2026-01-24,Approved,False,-1
43890,Health,Benefits,Haynes-Powell,2315.99,2024-08-02,Rejected,False,-1
43907,Transportation,Inspection,Lopez PLC,497940.57,2024-04-07,Approved,False,-1
43932,Education,Inspection,Montoya-Clark,498373.2,2025-06-10,Approved,False,-1
43939,Defense,Procurement,"Morales, Monroe and Rollins",498078.91,2024-03-11,Pending,False,-1
43962,Transportation,Procurement,Peterson Inc,215.34,2025-04-02,Approved,False,-1
44014,Defense,Benefits,"Silva, Schneider and Reeves",499029.23,2026-01-21,Rejected,False,-1
44132,Education,Inspection,"Cooper, Miller and Byrd",2549.64,2024-12-13,Pending,False,-1
44687,Transportation,Payroll,Barnett-Marks,1241.29,2024-12-24,Rejected,False,-1
44799,Health,Inspection,"Diaz, Singleton and Jackson",498473.16,2024-10-31,Pending,False,-1
44829,Defense,Payroll,"Ellis, Mueller and Taylor",271.71,2024-05-21,Approved,False,-1
45053,Health,Benefits,Gray and Sons,1937.27,2024-03-19,Approved,False,-1
45058,Education,Benefits,"Shields, Lowe and Carlson",1214.52,2025-03-27,Rejected,False,-1
45160,Health,Inspection,Alvarez LLC,2358.54,2024-11-08,Approved,False,-1
45215,Transportation,Benefits,Wright LLC,530.73,2025-11-17,Pending,False,-1
45270,Defense,Payroll,Goodwin-Potter,498534.84,2024-06-10,Pending,False,-1
45380,Defense,Inspection,Rogers-Sanchez,2461.61,2026-01-25,Approved,False,-1
45520,Defense,Inspection,"Edwards, Johnson and Greene",2102.26,2025-04-24,Rejected,False,-1
45550,Defense,Payroll,Gonzales-Smith,498402.75,2024-03-31,Approved,False,-1
45724,Defense,Inspection,Gonzales Ltd,2298.21,2025-12-19,Approved,False,-1
46042,Transportation,Procurement,Castaneda-Burke,499018.97,2025-04-09,Rejected,False,-1
46174,Education,Procurement,Bradshaw-Herrera,2646.26,2025-02-13,Approved,False,-1
46384,Health,Benefits,Hall LLC,1846.17,2025-05-05,Approved,False,-1
46426,Education,Procurement,"Scott, Barber and Guerrero",415.7,2025-10-26,Approved,False,-1
46686,Education,Payroll,Hutchinson-Smith,1503.3,2025-04-13,Approved,False,-1
46763,Education,Payroll,"Bishop, Lopez and Cruz",2380.14,2025-06-12,Pending,False,-1
46822,Transportation,Benefits,Mitchell Inc,836.4,2025-12-21,Rejected,False,-1
46874,Education,Benefits,"Harvey, Williams and Hughes",498185.73,2025-03-28,Approved,False,-1
46945,Transportation,Procurement,Blair Inc,137.12,2024-07-29,Rejected,False,-1
47002,Health,Benefits,Schmidt-Aguilar,2015.68,2025-09-05,Approved,False,-1
47032,Transportation,Inspection,Keith-Black,189.22,2024-03-18,Pending,False,-1
47062,Defense,Payroll,Juarez-Robinson,197.03,2025-10-05,Pending,False,-1
47075,Education,Procurement,Zamora-Johnson,499947.19,2024-10-14,Pending,False,-1
47179,Defense,Procurement,"Adams, Paul and Lopez",3131.15,2025-04-08,Pending,False,-1
47188,Defense,Payroll,Cole-Simon,428.33,2024-10-06,Approved,False,-1
47200,Education,Payroll,Warren-Stone,498063.44,2024-04-13,Pending,False,-1
47485,Defense,Inspection,Myers PLC,2553.0,2025-08-18,Approved,False,-1
47559,Education,Payroll,Moore Ltd,498885.76,2025-10-27,Pending,False,-1
47606,Education,Payroll,"Rodriguez, Fitzpatrick and Brown",1085.32,2025-08-18,Approved,False,-1
47640,Defense,Benefits,"Warren, Wilson and Wade",862.28,2025-04-11,Approved,False,-1
47642,Transportation,Benefits,Kidd-King,2556.54,2024-05-27,Pending,False,-1
47725,Transportation,Benefits,"Davis, Richards and Perkins",1411.06,2026-01-28,Rejected,False,-1
47829,Defense,Inspection,Davila Inc,498886.56,2025-10-26,Pending,False,-1
47851,Defense,Payroll,Sullivan-Wu,499981.69,2024-06-17,Rejected,False,-1
47944,Defense,Procurement,"Tucker, Bailey and Petersen",498740.19,2024-03-20,Approved,False,-1
48070,Education,Inspection,Lawson-Lee,2979.55,2025-12-25,Approved,False,-1
48432,Transportation,Procurement,York-Maddox,498687.46,2024-07-17,Approved,False,-1
48659,Transportation,Inspection,Castillo-Vaughn,499809.73,2025-04-30,Rejected,False,-1
48682,Transportation,Payroll,Garcia and Sons,498221.33,2025-07-01,Rejected,False,-1
48701,Transportation,Procurement,"Gonzalez, Taylor and Guerrero",2709.4,2025-05-20,Approved,False,-1
48745,Education,Procurement,Jensen-Hayes,448.08,2024-03-08,Pending,False,-1
48830,Health,Payroll,Thompson-Wilson,498063.68,2024-07-30,Approved,False,-1
48876,Defense,Payroll,Hampton-Monroe,1962.13,2025-04-15,Rejected,False,-1
48897,Defense,Payroll,Morgan LLC,2934.41,2025-09-12,Rejected,False,-1
48945,Defense,Payroll,Thomas PLC,259.88,2025-04-19,Rejected,False,-1
49021,Defense,Inspection,"Jackson, Obrien and Coleman",2371.87,2025-08-23,Pending,False,-1
49260,Transportation,Benefits,Phelps-Romero,499875.22,2026-01-23,Rejected,False,-1
49266,Health,Payroll,Mccarthy-Watts,498323.27,2025-10-09,Pending,False,-1
49340,Education,Procurement,"King, Reese and Carter",499730.97,2024-11-23,Rejected,False,-1
49416,Health,Procurement,"Patton, Williams and Schmidt",498385.99,2025-01-27,Rejected,False,-1
49469,Transportation,Benefits,"Cummings, Small and Martinez",1716.62,2025-05-25,Approved,False,-1
49472,Transportation,Benefits,"Cox, Hanson and Ortega",2368.02,2025-08-14,Approved,False,-1
49595,Health,Benefits,Roy-Brewer,504.63,2024-02-24,Rejected,False,-1
49839,Education,Inspection,Garrison PLC,982.77,2025-07-22,Approved,False,-1
49843,Defense,Procurement,Thomas LLC,498919.43,2024-07-27,Pending,False,-1
49910,Transportation,Inspection,"Lee, Rice and Jackson",499044.67,2024-12-21,Approved,False,-1
50049,Defense,Inspection,"Stewart, Powell and Cantu",499571.7,2024-05-10,Approved,False,-1
50069,Education,Procurement,Gilbert and Sons,1703.75,2024-11-19,Pending,False,-1
50102,Health,Benefits,Simmons-Murillo,499848.25,2024-09-18,Rejected,False,-1
50330,Education,Procurement,"Salinas, Johnson and Jones",2476.42,2025-12-08,Pending,False,-1
50569,Education,Payroll,"Wilkins, Martinez and Reese",499748.07,2025-09-04,Pending,False,-1
50680,Health,Benefits,Bell-Hill,499289.05,2024-09-16,Approved,False,-1
50763,Health,Benefits,"Lamb, Flores and Martin",498573.05,2024-05-01,Pending,False,-1
50847,Defense,Benefits,Edwards Group,499681.32,2025-10-06,Rejected,False,-1
50851,Education,Inspection,Lane and Sons,498054.28,2024-05-11,Pending,False,-1
51069,Defense,Procurement,"Lopez, Massey and Yu",708.55,2025-04-08,Rejected,False,-1
51093,Health,Benefits,"Peterson, Price and Short",498362.83,2025-03-10,Pending,False,-1
51152,Health,Procurement,Keller-Bell,932.26,2024-04-17,Approved,False,-1
51205,Transportation,Payroll,"Carpenter, Walsh and Curry",499664.88,2025-02-26,Pending,False,-1
51242,Education,Procurement,"Meyer, Lane and Hutchinson",498475.4,2024-12-26,Approved,False,-1
51380,Health,Procurement,"Kaufman, Lawrence and Haney",1516.99,2025-01-10,Approved,False,-1
51439,Education,Payroll,"Dunn, Perez and Davis",238.24,2025-09-05,Approved,False,-1
51454,Education,Procurement,Hansen-Cruz,1690.96,2025-06-04,Approved,False,-1
51491,Transportation,Inspection,Flores Group,969.76,2025-08-15,Approved,False,-1
51525,Education,Inspection,"Hayes, Wilson and Page",2594.31,2024-05-29,Rejected,False,-1
51632,Transportation,Inspection,"Santiago, Callahan and Chavez",394.22,2025-11-06,Pending,False,-1
52048,Health,Inspection,"Lee, Price and Nichols",2854.37,2025-10-23,Rejected,False,-1
52124,Health,Procurement,"Schultz, Lara and Hernandez",499316.92,2024-02-26,Pending,False,-1
52337,Defense,Inspection,"Greene, Villa and Gonzalez",498905.54,2024-09-10,Pending,False,-1
52396,Transportation,Procurement,"Herring, Coleman and Peterson",589.11,2025-09-01,Rejected,False,-1
52523,Health,Payroll,Clark Ltd,498353.38,2025-08-09,Rejected,False,-1
52548,Defense,Payroll,Gregory and Sons,925.73,2024-07-11,Approved,False,-1
52637,Education,Procurement,Odom Group,499028.38,2025-07-16,Rejected,False,-1
52681,Health,Payroll,Fleming-King,498180.37,2025-12-23,Rejected,False,-1
52695,Health,Inspection,"Powell, Mata and Salinas",424.33,2025-02-09,Pending,False,-1
52803,Defense,Procurement,Higgins-Boone,498698.59,2025-10-04,Approved,False,-1
52845,Transportation,Inspection,Sawyer-Johnston,537.56,2025-01-14,Rejected,False,-1
52915,Health,Benefits,"Gomez, Huber and Johnson",1516.99,2025-05-21,Approved,False,-1
52938,Education,Inspection,Wilson-Bennett,1578.91,2025-12-08,Pending,False,-1
52969,Health,Payroll,Rogers and Sons,498281.95,2025-04-10,Approved,False,-1
53096,Transportation,Benefits,"Sanders, Walker and Butler",2629.5,2024-11-10,Rejected,False,-1
53229,Education,Procurement,"Sanders, Palmer and Jackson",998.6,2024-03-29,Rejected,False,-1
53323,Defense,Procurement,Pruitt Group,2079.05,2025-07-05,Rejected,False,-1
53464,Transportation,Payroll,Taylor Ltd,498501.73,2024-08-04,Pending,False,-1
53495,Defense,Benefits,Austin Group,516.9,2024-03-20,Rejected,False,-1
53497,Education,Payroll,Hamilton-Williams,117.19,2024-12-18,Pending,False,-1
53527,Transportation,Procurement,Alvarez Group,2934.18,2025-09-09,Pending,False,-1
53545,Education,Benefits,Hurst Ltd,627.01,2025-12-21,Approved,False,-1
53804,Education,Benefits,"Hartman, Patel and Freeman",499509.17,2025-12-12,Pending,False,-1
53865,Transportation,Benefits,Patel-Jones,499021.71,2024-07-06,Pending,False,-1
54030,Transportation,Benefits,Fitzpatrick Group,2972.29,2024-07-05,Rejected,False,-1
54094,Transportation,Inspection,Dean Ltd,498941.85,2024-02-17,Pending,False,-1
54193,Health,Payroll,Wood and Sons,2086.75,2024-04-10,Rejected,False,-1
54382,Health,Payroll,Mclaughlin Inc,2907.04,2025-01-19,Rejected,False,-1
54512,Health,Inspection,Castro-Green,2295.43,2025-02-20,Rejected,False,-1
54692,Defense,Payroll,Blackwell PLC,499580.43,2024-09-05,Approved,False,-1
54737,Defense,Benefits,Richardson-Harris,1985.55,2025-10-12,Rejected,False,-1
54860,Transportation,Benefits,Orozco and Sons,499019.85,2024-03-12,Pending,False,-1
54930,Education,Procurement,Pena and Sons,499016.15,2025-02-19,Approved,False,-1
55069,Education,Payroll,"Hardy, Smith and Baker",199.09,2025-09-16,Rejected,False,-1
55071,Health,Benefits,Chapman-Nixon,498769.61,2024-07-12,Pending,False,-1
55074,Education,Procurement,"Adams, Peters and Miranda",314.43,2026-01-02,Rejected,False,-1
55348,Health,Inspection,"Floyd, Williams and Cooper",498762.7,2024-05-22,Pending,False,-1
55414,Defense,Payroll,Crawford LLC,170.17,2024-12-04,Rejected,False,-1
55522,Education,Inspection,"Patel, Shaw and Davis",927.62,2025-06-15,Pending,False,-1
55637,Health,Benefits,Hendricks-Morgan,334.99,2024-06-13,Approved,False,-1
55670,Education,Procurement,Thomas and Sons,498974.38,2025-07-16,Approved,False,-1
55697,Health,Payroll,Carlson Group,1904.01,2024-10-13,Pending,False,-1
55701,Health,Benefits,"Graham, Diaz and Griffin",593.25,2024-11-02,Pending,False,-1
55847,Health,Procurement,"Oconnell, Smith and Acosta",642.69,2024-05-19,Approved,False,-1
56025,Health,Benefits,Wilkerson Group,499627.57,2024-05-30,Rejected,False,-1
56135,Defense,Procurement,"Gilmore, Clark and Ray",498345.96,2025-08-21,Rejected,False,-1
56381,Transportation,Procurement,Stevens-Fernandez,1384.99,2024-12-11,Pending,False,-1
56436,Health,Benefits,Williams Inc,2835.07,2024-11-17,Pending,False,-1
56437,Health,Inspection,"Ward, Gonzalez and Diaz",498951.61,2024-09-09,Pending,False,-1
56521,Health,Procurement,"Santos, Taylor and Robinson",499290.08,2025-04-26,Pending,False,-1
56532,Transportation,Benefits,Martinez-Davidson,407.45,2024-04-05,Pending,False,-1
56747,Education,Benefits,Moreno Group,2391.2,2025-12-25,Rejected,False,-1
56753,Health,Payroll,"Perry, Jackson and Odonnell",499201.15,2024-10-20,Rejected,False,-1
56833,Defense,Benefits,Graham-Hart,1626.03,2026-01-29,Pending,False,-1
56916,Education,Inspection,Williams and Sons,813.78,2025-02-24,Pending,False,-1
56923,Education,Benefits,Black-Hudson,206.76,2025-11-25,Pending,False,-1
57279,Health,Benefits,Bautista PLC,2196.08,2024-02-17,Approved,False,-1
57367,Health,Payroll,Henry-Jackson,643.26,2025-10-29,Pending,False,-1
57425,Health,Payroll,Bolton-Allen,2679.15,2025-07-03,Approved,False,-1
57587,Transportation,Procurement,Martin-Jones,2477.43,2025-05-27,Rejected,False,-1
57599,Defense,Procurement,Aguilar Group,826.01,2025-05-14,Approved,False,-1
57616,Health,Benefits,Rice Group,299.57,2024-05-17,Pending,False,-1
57686,Defense,Benefits,"Clark, Salinas and Cox",114.26,2025-09-25,Approved,False,-1
58087,Defense,Payroll,Jones Group,971.83,2024-11-07,Rejected,False,-1
58478,Defense,Benefits,Conley Group,2268.8,2025-04-12,Pending,False,-1
58519,Transportation,Procurement,"Brown, Hampton and Smith",499706.85,2026-01-20,Pending,False,-1
58543,Education,Benefits,Carter-Ramirez,2714.97,2025-06-22,Pending,False,-1
58561,Defense,Payroll,Mendez LLC,499214.81,2024-08-01,Approved,False,-1
58735,Health,Benefits,Taylor-Novak,787.53,2025-09-23,Rejected,False,-1
58777,Education,Procurement,Smith and Sons,2028.73,2025-10-27,Rejected,False,-1
58801,Defense,Inspection,Mason-Riley,1292.11,2024-07-15,Pending,False,-1
58904,Education,Procurement,Hunter Ltd,1679.77,2025-05-07,Pending,False,-1
59066,Defense,Benefits,"Pierce, Douglas and Mason",1512.47,2025-12-26,Approved,False,-1
59072,Education,Payroll,Barker PLC,1245.05,2024-08-25,Pending,False,-1
59191,Education,Payroll,"Castillo, Stone and Powers",1436.66,2024-12-24,Approved,False,-1
59314,Transportation,Procurement,Diaz-Baker,2232.39,2024-05-13,Rejected,False,-1
59329,Education,Benefits,"Vasquez, Herrera and Morgan",498297.44,2024-11-02,Approved,False,-1
59461,Education,Payroll,Mills and Sons,1920.13,2024-05-10,Approved,False,-1
59586,Transportation,Inspection,Lambert-Flynn,499675.13,2025-06-13,Rejected,False,-1
59623,Transportation,Payroll,Li PLC,2534.87,2025-07-28,Approved,False,-1
59664,Education,Procurement,Russell-Carrillo,703.74,2024-09-09,Pending,False,-1
59714,Education,Benefits,"Ewing, Jackson and Richardson",2005.16,2025-05-14,Pending,False,-1
60038,Education,Payroll,"Baker, Anderson and Wilson",2284.16,2025-09-06,Pending,False,-1
60153,Education,Procurement,Gardner Inc,2050.32,2024-02-29,Rejected,False,-1
60396,Health,Payroll,"Davila, Kelly and Hill",499370.98,2024-04-18,Rejected,False,-1
60427,Education,Procurement,"Ross, Haney and Bird",499830.97,2024-09-25,Pending,False,-1
60429,Health,Procurement,Weber and Sons,1465.97,2025-08-21,Rejected,False,-1
60433,Transportation,Benefits,"Chandler, Taylor and Wright",497909.86,2024-11-18,Rejected,False,-1
60515,Defense,Procurement,Aguilar Group,499177.76,2024-06-22,Pending,False,-1
60705,Education,Procurement,Baker Group,3011.55,2025-12-02,Approved,False,-1
61011,Defense,Benefits,Davidson Ltd,2659.06,2024-04-19,Pending,False,-1
61032,Health,Payroll,"Taylor, Vasquez and Miller",1127.5,2025-01-15,Rejected,False,-1
61264,Transportation,Payroll,"Salinas, Gonzalez and Gregory",499553.32,2025-01-21,Pending,False,-1
61319,Transportation,Payroll,Cole LLC,2349.51,2025-08-31,Pending,False,-1
61401,Health,Procurement,Rivera LLC,1467.87,2024-11-16,Pending,False,-1
61465,Health,Payroll,Lewis and Sons,499024.71,2024-05-11,Pending,False,-1
61673,Health,Procurement,Lin LLC,745.48,2025-06-16,Approved,False,-1
61845,Transportation,Inspection,Cruz PLC,1179.92,2024-02-26,Pending,False,-1
61849,Education,Inspection,Hunter-Sanchez,808.11,2024-09-26,Rejected,False,-1
61911,Health,Inspection,Ryan Inc,2728.96,2025-03-25,Pending,False,-1
61939,Transportation,Inspection,Dunn LLC,2335.85,2024-05-09,Approved,False,-1
61951,Defense,Payroll,Phillips Group,2690.12,2024-02-17,Approved,False,-1
61986,Health,Payroll,"Ross, Gomez and Price",498610.19,2025-08-20,Approved,False,-1
62002,Health,Inspection,Burns-Turner,499006.97,2025-06-11,Rejected,False,-1
62199,Defense,Payroll,Jordan LLC,498448.57,2025-11-09,Pending,False,-1
62569,Transportation,Inspection,"Hogan, Cabrera and Evans",499797.56,2024-12-27,Pending,False,-1
62633,Transportation,Payroll,Horton-Harrison,497935.49,2024-03-04,Rejected,False,-1
62994,Education,Benefits,Thomas-Rodriguez,498702.56,2025-07-25,Approved,False,-1
62996,Health,Procurement,Peck and Sons,499599.06,2025-08-10,Pending,False,-1
63069,Health,Inspection,"Mathews, Thomas and Lewis",1201.67,2025-05-10,Rejected,False,-1
63169,Defense,Payroll,Burns Ltd,499267.01,2024-06-08,Rejected,False,-1
63310,Transportation,Benefits,Hoffman-Rodriguez,1890.39,2024-05-18,Approved,False,-1
63352,Transportation,Procurement,"Williams, Turner and Barnett",1532.09,2025-12-12,Rejected,False,-1
63416,Transportation,Inspection,"Armstrong, Tyler and Curtis",2407.77,2025-08-30,Rejected,False,-1
63556,Health,Payroll,Richards-Bowman,499174.56,2024-05-16,Pending,False,-1
63577,Defense,Payroll,Davis-Bell,712.41,2025-09-05,Pending,False,-1
63680,Transportation,Benefits,Welch-Horn,499067.16,2025-01-30,Rejected,False,-1
63734,Defense,Payroll,"Harris, Holland and Riley",498961.85,2024-02-14,Approved,False,-1
63779,Defense,Benefits,Martinez Group,350.76,2024-11-30,Pending,False,-1
64302,Defense,Benefits,Wallace Inc,517.19,2024-09-20,Rejected,False,-1
64794,Transportation,Procurement,Wilkerson LLC,498541.69,2024-06-18,Pending,False,-1
64801,Health,Procurement,"Lee, Mullins and Miller",1892.03,2025-12-30,Pending,False,-1
64825,Education,Benefits,Williams-Wolfe,499315.16,2024-10-14,Approved,False,-1
64913,Transportation,Inspection,Pacheco-Miller,2564.18,2025-06-25,Pending,False,-1
64987,Defense,Procurement,Riley-Nunez,353.92,2025-09-30,Rejected,False,-1
65174,Health,Inspection,Kline-White,499863.75,2025-09-10,Approved,False,-1
65713,Education,Inspection,Gray-Wolf,1911.31,2024-03-01,Approved,False,-1
66003,Defense,Benefits,Holland LLC,498376.95,2024-02-18,Rejected,False,-1
66357,Transportation,Benefits,Dennis-White,1956.87,2025-06-16,Approved,False,-1
66402,Education,Procurement,"Rose, Simon and Brown",1004.15,2024-07-05,Rejected,False,-1
66519,Defense,Inspection,Evans PLC,499116.19,2025-08-24,Rejected,False,-1
66593,Education,Benefits,Simpson and Sons,285.56,2024-08-23,Approved,False,-1
66966,Health,Inspection,"Perez, Thomas and Smith",498843.28,2025-09-24,Rejected,False,-1
67039,Defense,Payroll,Fletcher PLC,1935.23,2024-10-12,Approved,False,-1
67176,Health,Payroll,Stafford-Lindsey,1734.31,2025-03-25,Pending,False,-1
67485,Health,Benefits,Johnson Ltd,498533.0,2024-05-17,Approved,False,-1
67645,Health,Payroll,Levine-Franklin,1796.32,2026-01-18,Pending,False,-1
67734,Defense,Payroll,"Castillo, Oliver and Ramirez",263.27,2026-01-25,Approved,False,-1
67839,Education,Payroll,Moore-Morton,498447.86,2025-03-19,Pending,False,-1
67871,Health,Procurement,Walls Inc,498399.61,2024-12-10,Pending,False,-1
68051,Education,Inspection,Pitts Ltd,498441.93,2025-06-05,Pending,False,-1
68497,Education,Payroll,"Jones, Chapman and Gordon",2610.89,2024-02-28,Pending,False,-1
68535,Health,Benefits,Clark-Smith,1313.67,2024-02-22,Rejected,False,-1
68590,Defense,Procurement,Gonzalez and Sons,551.89,2024-08-04,Approved,False,-1
68635,Education,Inspection,Barnes-Stewart,1829.68,2025-04-01,Approved,False,-1
68647,Defense,Payroll,Riley-Espinoza,499352.7,2024-12-30,Approved,False,-1
68788,Defense,Payroll,Bell-Bauer,1195.25,2025-03-08,Approved,False,-1
68858,Education,Procurement,Stanley-Leon,499831.16,2024-10-07,Rejected,False,-1
69079,Education,Payroll,"Hernandez, Duran and Ellis",436.11,2025-04-27,Pending,False,-1
69204,Transportation,Procurement,Frederick Inc,1685.51,2024-12-21,Approved,False,-1
69240,Health,Payroll,"Chambers, Kelly and Bolton",497908.49,2025-05-25,Approved,False,-1
69368,Health,Payroll,"Cantrell, Carrillo and Morgan",499137.13,2025-04-15,Pending,False,-1
69431,Defense,Benefits,"Moon, Dunn and Hall",498897.54,2024-08-18,Rejected,False,-1
69510,Health,Benefits,Hartman Ltd,121.5,2025-09-15,Rejected,False,-1
69579,Transportation,Benefits,Barber Ltd,499023.3,2025-08-27,Pending,False,-1
69718,Education,Benefits,Bailey-Arnold,498947.49,2025-11-04,Rejected,False,-1
69734,Transportation,Payroll,Hunter-Franklin,497935.21,2025-02-10,Pending,False,-1
69851,Transportation,Procurement,Payne PLC,655.87,2024-05-11,Pending,False,-1
70058,Transportation,Procurement,Valentine Inc,499679.4,2025-12-02,Pending,False,-1
70354,Health,Inspection,Thompson and Sons,499234.96,2025-11-03,Pending,False,-1
70409,Health,Benefits,Hughes Ltd,2343.17,2025-02-11,Rejected,False,-1
70428,Defense,Benefits,Peterson PLC,499202.65,2025-03-04,Rejected,False,-1
70722,Defense,Procurement,Robertson LLC,499596.0,2025-03-03,Approved,False,-1
70754,Defense,Benefits,Barnes-Krause,498343.37,2024-11-27,Rejected,False,-1
70762,Defense,Benefits,Ross PLC,3143.82,2025-06-05,Rejected,False,-1
70771,Education,Payroll,"Smith, Horn and Abbott",497919.13,2025-07-08,Pending,False,-1
70804,Education,Benefits,Boyd-Jones,499166.14,2024-11-06,Pending,False,-1
70832,Education,Benefits,"Rose, Hill and Schaefer",2085.84,2024-07-03,Rejected,False,-1
70862,Education,Benefits,Smith PLC,497921.45,2025-07-22,Rejected,False,-1
70881,Education,Inspection,Anderson PLC,1938.44,2025-04-20,Pending,False,-1
70895,Transportation,Payroll,Nguyen-Lewis,1495.08,2024-05-27,Rejected,False,-1
70897,Defense,Payroll,Stewart-Bailey,1807.09,2025-07-08,Rejected,False,-1
70915,Health,Inspection,Mooney-Mitchell,2367.44,2024-08-18,Rejected,False,-1
70967,Health,Benefits,Bennett-Robertson,498700.46,2024-03-03,Pending,False,-1
70977,Transportation,Benefits,Byrd LLC,250.78,2024-12-15,Pending,False,-1
71194,Transportation,Payroll,"Boyle, Martinez and Brown",129.55,2025-04-07,Pending,False,-1
71271,Defense,Payroll,"Harvey, Marshall and Keith",499450.5,2025-10-22,Pending,False,-1
71284,Health,Inspection,Hernandez Group,497933.72,2025-05-20,Rejected,False,-1
71544,Health,Payroll,Wright LLC,499106.07,2025-02-22,Rejected,False,-1
71576,Health,Inspection,Johnson LLC,2362.14,2024-04-13,Approved,False,-1
71824,Transportation,Inspection,Scott-Diaz,498665.45,2024-07-04,Pending,False,-1
72011,Health,Procurement,Hayes Inc,499955.69,2025-11-05,Rejected,False,-1
72069,Transportation,Inspection,Edwards-Martin,498422.98,2024-05-07,Approved,False,-1
72158,Defense,Inspection,Mcdonald and Sons,499270.11,2025-03-15,Approved,False,-1
72169,Defense,Procurement,"Nunez, Wood and Woods",124.57,2024-02-22,Pending,False,-1
72181,Defense,Inspection,"Trujillo, Bray and Mann",408.36,2025-01-23,Approved,False,-1
72241,Health,Benefits,Matthews PLC,498372.32,2026-01-09,Pending,False,-1
72297,Education,Payroll,Hernandez PLC,793.89,2025-09-24,Pending,False,-1
72316,Health,Payroll,"Ramsey, Nelson and Williams",499734.94,2025-08-23,Rejected,False,-1
72433,Education,Procurement,Munoz-Cuevas,2734.68,2025-08-12,Approved,False,-1
72604,Defense,Benefits,Johnson Inc,2462.49,2024-03-20,Pending,False,-1
72973,Transportation,Payroll,"Wilson, Smith and Wallace",1719.65,2025-05-18,Approved,False,-1
73178,Defense,Payroll,Becker Ltd,2460.3,2024-06-23,Rejected,False,-1
73232,Transportation,Benefits,Richards Group,2211.56,2025-03-12,Approved,False,-1
73238,Defense,Procurement,"Lara, Sanchez and Wright",2340.95,2025-01-22,Rejected,False,-1
73264,Education,Benefits,Taylor and Sons,498631.84,2024-10-23,Rejected,False,-1
73269,Defense,Procurement,"Schmidt, Bush and Taylor",498638.85,2025-10-25,Pending,False,-1
73309,Education,Benefits,"Bradshaw, Monroe and Hudson",288.86,2024-11-14,Approved,False,-1
73368,Defense,Benefits,Hansen-Dorsey,498352.59,2024-03-06,Rejected,False,-1
73391,Defense,Procurement,"Gonzalez, Porter and Liu",1963.29,2026-01-27,Rejected,False,-1
73444,Health,Payroll,Medina-Johnson,1564.1,2026-01-17,Approved,False,-1
73452,Health,Payroll,"Wright, Ramirez and Thompson",2219.73,2025-06-26,Pending,False,-1
73606,Transportation,Procurement,"Mcguire, Clark and Sweeney",2752.57,2025-07-09,Rejected,False,-1
73715,Education,Inspection,Roberts Ltd,472.43,2024-09-18,Pending,False,-1
74133,Transportation,Inspection,Hansen-Griffin,2745.36,2025-04-18,Rejected,False,-1
74156,Health,Procurement,Phillips Group,499936.67,2025-02-10,Rejected,False,-1
74703,Defense,Inspection,Hernandez-Mcconnell,165.23,2024-09-17,Pending,False,-1
74704,Transportation,Benefits,"Hernandez, Montoya and Elliott",1416.54,2025-07-08,Approved,False,-1
74807,Transportation,Benefits,"Harper, Conner and Manning",781.24,2025-11-16,Rejected,False,-1
74848,Health,Payroll,"Gray, Walker and Hicks",2451.21,2025-09-08,Rejected,False,-1
74857,Health,Payroll,Brown-Jackson,336.24,2024-04-16,Approved,False,-1
74859,Transportation,Procurement,Gardner Inc,1359.43,2025-06-21,Pending,False,-1
75080,Health,Procurement,"Rodriguez, Hale and Martinez",2220.71,2025-03-31,Approved,False,-1
75099,Transportation,Inspection,Silva LLC,918.94,2024-03-05,Approved,False,-1
75127,Transportation,Benefits,"Weaver, Keller and Gates",2335.34,2024-05-13,Rejected,False,-1
75192,Health,Inspection,Franklin Inc,498646.39,2025-02-26,Rejected,False,-1
75243,Education,Procurement,Castaneda-Conner,1032.99,2024-08-25,Pending,False,-1
75535,Defense,Inspection,Moran PLC,3006.19,2024-07-18,Rejected,False,-1
75653,Defense,Benefits,"Davis, Henderson and Boyd",498384.39,2025-05-07,Rejected,False,-1
75823,Defense,Payroll,Callahan Inc,1823.02,2024-03-04,Pending,False,-1
75946,Health,Inspection,"Marshall, Taylor and Cannon",1056.47,2024-08-10,Pending,False,-1
75967,Health,Payroll,"Fowler, Garcia and Hawkins",498439.82,2025-06-04,Rejected,False,-1
76056,Transportation,Inspection,"Phillips, Mcmahon and Williams",499511.49,2025-07-08,Rejected,False,-1
76464,Health,Payroll,Diaz-Coffey,1453.45,2025-07-26,Approved,False,-1
76607,Education,Payroll,"Curtis, Hicks and Jenkins",498551.08,2024-09-01,Rejected,False,-1
76747,Education,Payroll,Walters-Sanchez,499996.8,2025-09-09,Rejected,False,-1
76839,Transportation,Benefits,Bryant-Santiago,2003.49,2025-03-07,Rejected,False,-1
76846,Health,Payroll,"Henson, Moore and Greene",498590.02,2025-07-18,Pending,False,-1
76974,Health,Inspection,"Burke, Davenport and Torres",498068.19,2024-12-16,Rejected,False,-1
77234,Transportation,Inspection,"Moran, White and Daniels",499181.42,2024-12-18,Pending,False,-1
77283,Defense,Inspection,Evans Ltd,499269.42,2024-07-21,Rejected,False,-1
77287,Transportation,Benefits,Parker Inc,2087.91,2024-11-12,Rejected,False,-1
77421,Education,Payroll,Perez PLC,498860.94,2024-11-05,Rejected,False,-1
77441,Defense,Benefits,Martin-Armstrong,499986.47,2024-12-14,Rejected,False,-1
77444,Education,Payroll,Garner and Sons,498134.89,2026-01-26,Pending,False,-1
77584,Defense,Benefits,"Lewis, Warner and Olsen",759.2,2024-08-08,Approved,False,-1
77727,Health,Procurement,"Hoover, Young and Peterson",887.23,2024-08-01,Rejected,False,-1
77911,Transportation,Procurement,"Porter, Peters and Smith",1547.03,2025-11-09,Rejected,False,-1
78096,Education,Inspection,Wilson-Valentine,497892.4,2025-10-23,Pending,False,-1
78115,Education,Procurement,Meadows-Preston,499442.14,2025-04-26,Rejected,False,-1
78217,Education,Payroll,Trevino Ltd,823.33,2025-06-08,Rejected,False,-1
78242,Education,Payroll,"Cooper, Kelly and King",499731.88,2024-02-17,Approved,False,-1
78284,Defense,Procurement,Stone PLC,2363.81,2025-03-29,Approved,False,-1
78318,Health,Procurement,"Matthews, Campbell and Evans",498196.79,2024-10-02,Rejected,False,-1
78576,Health,Payroll,Best-Aguilar,1344.34,2025-07-08,Pending,False,-1
78578,Defense,Payroll,"Butler, Barker and Smith",498615.14,2025-05-31,Pending,False,-1
78742,Health,Inspection,"Rogers, Brown and Robinson",1641.29,2024-07-04,Pending,False,-1
78744,Transportation,Procurement,"Barnes, Craig and Smith",2458.83,2024-02-16,Rejected,False,-1
78769,Defense,Inspection,"Maddox, Mcneil and Parker",1535.04,2025-08-30,Approved,False,-1
78861,Transportation,Benefits,"Velasquez, Bailey and Clayton",1992.92,2025-11-04,Rejected,False,-1
78873,Transportation,Inspection,Walls and Sons,2112.91,2025-11-08,Approved,False,-1
78964,Health,Procurement,"Brown, Johnson and Butler",2577.0,2025-09-12,Pending,False,-1
79087,Defense,Payroll,Calderon Inc,1728.65,2025-07-11,Pending,False,-1
79142,Defense,Procurement,"Gilbert, Macias and Hopkins",499971.51,2025-08-16,Rejected,False,-1
79367,Transportation,Procurement,Simmons-Higgins,498149.45,2025-07-05,Pending,False,-1
79383,Education,Inspection,"Hart, Green and Miller",499391.77,2025-07-31,Pending,False,-1
79411,Transportation,Benefits,King-Walker,499025.07,2025-02-18,Approved,False,-1
79540,Education,Inspection,"Cruz, Norman and Jones",2214.54,2025-03-31,Rejected,False,-1
79578,Education,Procurement,"Perez, Johnson and Mann",3031.92,2024-06-20,Pending,False,-1
79584,Health,Inspection,Mckinney Ltd,1927.79,2025-06-07,Pending,False,-1
79590,Health,Procurement,Mendoza-Mills,620.08,2024-02-21,Approved,False,-1
79755,Transportation,Benefits,Castro Inc,112.18,2024-05-23,Pending,False,-1
79822,Health,Payroll,"Joyce, Smith and Rosario",498899.04,2025-09-07,Pending,False,-1
79988,Defense,Payroll,Berger Inc,2191.41,2025-10-01,Rejected,False,-1
80007,Health,Inspection,Kelley and Sons,499010.17,2025-02-25,Approved,False,-1
80477,Health,Inspection,Wilson-Miller,1231.64,2025-04-08,Rejected,False,-1
80506,Education,Inspection,Martinez Ltd,113.5,2025-07-11,Rejected,False,-1
80521,Health,Inspection,"Thomas, Lopez and House",498403.74,2024-03-07,Approved,False,-1
80857,Education,Payroll,Graham PLC,498890.41,2025-11-23,Approved,False,-1
80959,Health,Inspection,Hess Group,499226.45,2025-07-19,Pending,False,-1
81012,Transportation,Benefits,"Pena, Maxwell and Mcclain",2412.49,2025-10-19,Pending,False,-1
81135,Transportation,Procurement,Price-Hall,2584.13,2024-08-08,Rejected,False,-1
81270,Transportation,Payroll,"Wu, Faulkner and Friedman",2478.64,2024-08-24,Pending,False,-1
81282,Education,Benefits,Ross-Miller,499652.5,2025-04-26,Rejected,False,-1
81304,Defense,Inspection,Coleman-Andrade,1091.38,2025-01-14,Rejected,False,-1
81695,Health,Benefits,"Jackson, Farmer and Thompson",498747.44,2024-03-06,Approved,False,-1
81771,Transportation,Inspection,Davis Inc,2818.92,2024-10-31,Rejected,False,-1
81949,Defense,Benefits,Larsen-Thomas,2378.24,2024-09-25,Approved,False,-1
82024,Transportation,Payroll,Cooper-Hernandez,498148.51,2024-03-24,Pending,False,-1
82084,Defense,Benefits,"Monroe, Davidson and Green",498666.45,2025-11-10,Pending,False,-1
82236,Health,Benefits,"Lee, Ryan and Wong",547.73,2024-12-20,Approved,False,-1
82432,Health,Inspection,Parker Ltd,1633.12,2025-10-15,Rejected,False,-1
82480,Defense,Procurement,Duran LLC,1821.58,2024-02-27,Approved,False,-1
82763,Transportation,Benefits,Dean-Moore,498676.47,2024-08-14,Approved,False,-1
82773,Health,Procurement,Weeks-Johnson,499263.19,2024-02-10,Approved,False,-1
83060,Transportation,Payroll,"Brown, Martinez and Howell",390.73,2025-09-20,Pending,False,-1
83061,Defense,Payroll,Smith-Flynn,3137.69,2024-06-30,Approved,False,-1
83267,Defense,Procurement,Dunn-Miller,2120.83,2025-04-05,Pending,False,-1
83771,Transportation,Procurement,Graham Group,1833.98,2025-04-01,Pending,False,-1
83782,Education,Benefits,Singleton-Anderson,907.8,2025-07-31,Rejected,False,-1
83784,Transportation,Procurement,Miller-Ferguson,1433.24,2025-08-11,Rejected,False,-1
83789,Health,Benefits,Fisher Group,2557.66,2024-10-19,Pending,False,-1
83823,Defense,Inspection,"Briggs, Combs and Hicks",644.01,2025-02-26,Rejected,False,-1
83917,Education,Payroll,"Guerrero, Davis and Garcia",1576.16,2025-06-30,Approved,False,-1
84011,Defense,Procurement,Frey LLC,923.53,2024-06-09,Approved,False,-1
84131,Defense,Inspection,Gomez Ltd,566.21,2024-04-24,Pending,False,-1
84140,Education,Payroll,Garcia Inc,498451.46,2024-02-28,Pending,False,-1
84295,Education,Benefits,Ray Ltd,681.7,2024-10-31,Pending,False,-1
84432,Defense,Payroll,"Hart, Kim and Baker",2586.05,2024-12-09,Approved,False,-1
84508,Defense,Payroll,"Vaughn, Lynch and Frey",1955.08,2025-09-10,Rejected,False,-1
84599,Education,Procurement,"Thompson, Lewis and Cooper",1851.28,2026-01-18,Pending,False,-1
84659,Education,Payroll,Williams-Woodward,498197.21,2024-11-23,Approved,False,-1
84863,Health,Procurement,Waters-Grant,498822.78,2025-07-19,Rejected,False,-1
85312,Education,Payroll,"Stevens, Lee and Douglas",498098.64,2025-08-09,Pending,False,-1
85357,Health,Inspection,Valenzuela and Sons,1641.71,2025-06-20,Approved,False,-1
85444,Transportation,Procurement,Scott-Hart,498905.31,2025-01-15,Approved,False,-1
85519,Transportation,Benefits,"Price, Davis and Cook",499069.35,2025-12-02,Rejected,False,-1
85733,Defense,Payroll,Scott Ltd,1499.01,2024-03-08,Rejected,False,-1
85734,Defense,Inspection,Freeman-Carson,2747.46,2025-01-30,Approved,False,-1
85743,Education,Benefits,Mccormick-Adkins,2259.7,2026-01-29,Approved,False,-1
85941,Defense,Payroll,Williams and Sons,612.68,2025-10-10,Rejected,False,-1
85942,Education,Benefits,"Gibson, Potter and Wade",498669.23,2024-07-21,Approved,False,-1
85977,Education,Benefits,"Mathews, Conway and Ryan",2729.25,2025-10-28,Approved,False,-1
85990,Defense,Inspection,Braun Ltd,887.28,2025-11-07,Pending,False,-1
86042,Transportation,Procurement,Garcia-Martin,498143.7,2025-12-18,Pending,False,-1
86101,Defense,Inspection,"Pitts, Valdez and Perez",498375.57,2025-01-13,Pending,False,-1
86147,Education,Procurement,Morris-Rhodes,498138.01,2025-04-30,Pending,False,-1
86173,Health,Procurement,Bradley and Sons,498151.91,2024-10-18,Pending,False,-1
86277,Transportation,Procurement,"Davis, Lee and Taylor",499554.36,2024-02-22,Pending,False,-1
86409,Health,Benefits,Evans-Lee,499933.89,2025-11-30,Approved,False,-1
86555,Education,Procurement,"Calhoun, Lee and Pittman",749.81,2025-04-27,Approved,False,-1
86591,Health,Inspection,Cox and Sons,499594.7,2025-04-10,Rejected,False,-1
86692,Health,Procurement,Taylor and Sons,826.45,2025-10-10,Rejected,False,-1
86751,Transportation,Benefits,Harris-Marshall,498687.92,2025-02-05,Approved,False,-1
86798,Transportation,Benefits,Jackson Inc,499684.62,2024-07-15,Pending,False,-1
86802,Defense,Payroll,Chandler Ltd,498697.57,2024-02-20,Rejected,False,-1
86936,Health,Inspection,Schultz LLC,2735.92,2025-01-21,Approved,False,-1
86937,Health,Procurement,Hurst Group,1004.52,2024-02-21,Rejected,False,-1
87104,Transportation,Procurement,Norman-Arnold,2047.1,2025-10-12,Approved,False,-1
87107,Health,Procurement,Stanton PLC,498872.83,2025-01-22,Pending,False,-1
87385,Transportation,Inspection,"Williams, Taylor and Fowler",1239.64,2025-10-01,Rejected,False,-1
87616,Health,Inspection,"Sullivan, Hall and Hudson",498908.51,2024-09-05,Pending,False,-1
87758,Health,Inspection,Miller-Shelton,1414.27,2025-08-15,Pending,False,-1
87783,Health,Procurement,Coleman-Pittman,499582.67,2025-10-17,Pending,False,-1
87948,Transportation,Procurement,"Campbell, Gordon and Morrison",498191.85,2025-06-30,Rejected,False,-1
87971,Defense,Payroll,Johnson-Wilson,499827.4,2024-03-22,Approved,False,-1
87992,Defense,Inspection,Osborne-Larsen,691.94,2024-02-17,Pending,False,-1
88028,Transportation,Payroll,"Cooley, Jones and Aguilar",147.26,2024-10-06,Approved,False,-1
88187,Defense,Payroll,"Wood, Forbes and Garcia",1553.15,2025-09-07,Approved,False,-1
88231,Education,Inspection,Wolfe and Sons,499868.4,2026-02-05,Rejected,False,-1
88303,Defense,Procurement,"Wallace, Bryan and Rivera",2272.23,2026-01-25,Rejected,False,-1
88317,Defense,Benefits,Avila and Sons,499725.75,2025-10-23,Rejected,False,-1
88373,Education,Procurement,"Floyd, Klein and Contreras",498330.4,2025-09-06,Pending,False,-1
88570,Defense,Procurement,Henry PLC,2154.32,2025-04-13,Approved,False,-1
88779,Education,Benefits,Larson-Hoffman,498557.89,2024-12-03,Rejected,False,-1
88842,Transportation,Inspection,"Lang, Hunt and Benson",498675.56,2025-08-15,Pending,False,-1
88880,Defense,Procurement,Garcia-Schmidt,2481.27,2024-05-17,Approved,False,-1
88951,Health,Inspection,Moreno-Williams,499168.9,2026-01-25,Approved,False,-1
89057,Defense,Benefits,"Thomas, Hester and Carney",1801.11,2025-01-07,Rejected,False,-1
89063,Transportation,Benefits,Mills and Sons,498516.62,2025-09-23,Rejected,False,-1
89088,Education,Procurement,Molina-Torres,497888.52,2024-06-22,Rejected,False,-1
89112,Health,Benefits,Garner-Thomas,2240.71,2025-06-07,Rejected,False,-1
89228,Education,Procurement,Conner-Morrison,1044.71,2025-04-13,Pending,False,-1
89239,Health,Inspection,Morris LLC,499410.26,2025-04-07,Pending,False,-1
89465,Transportation,Benefits,"Melton, Ramirez and Davis",1616.0,2025-04-27,Rejected,False,-1
89658,Health,Inspection,"King, Thompson and Vega",255.29,2025-08-16,Pending,False,-1
89690,Health,Benefits,Ruiz and Sons,1822.7,2025-07-28,Approved,False,-1
90220,Transportation,Inspection,Brown LLC,499730.31,2026-01-24,Pending,False,-1
90322,Transportation,Benefits,"Stevens, Chang and Soto",2210.34,2026-01-07,Approved,False,-1
90344,Education,Procurement,"Ramirez, Day and Green",2267.33,2024-02-09,Pending,False,-1
90476,Defense,Procurement,"Burns, Hutchinson and Hamilton",627.35,2025-10-01,Approved,False,-1
90548,Education,Benefits,May Inc,1218.51,2024-06-12,Rejected,False,-1
90627,Health,Benefits,Rice-Diaz,2169.7,2025-03-02,Pending,False,-1
90787,Transportation,Inspection,Bowman-Parks,1052.74,2025-02-21,Approved,False,-1
90801,Transportation,Benefits,Williams-Johnston,2844.33,2025-07-10,Approved,False,-1
90834,Education,Procurement,"Osborne, Wood and Buck",996.7,2024-11-25,Rejected,False,-1
90935,Transportation,Inspection,Matthews LLC,1853.16,2025-03-19,Approved,False,-1
90936,Health,Payroll,Peters-Diaz,1947.41,2026-01-21,Rejected,False,-1
90959,Defense,Procurement,"Flores, Guzman and Patton",499683.76,2024-08-01,Approved,False,-1
90961,Education,Inspection,Ruiz-Lin,1595.66,2025-06-27,Pending,False,-1
91186,Defense,Inspection,Jones-Henderson,498092.73,2025-03-13,Pending,False,-1
91191,Education,Payroll,Rosales PLC,498110.18,2025-03-22,Rejected,False,-1
91254,Education,Procurement,Mcdaniel-Rhodes,1475.52,2024-04-05,Pending,False,-1
91345,Education,Inspection,Riggs PLC,2131.11,2024-04-10,Pending,False,-1
91432,Health,Inspection,"Jones, Walton and Jones",764.79,2024-10-30,Rejected,False,-1
91725,Health,Payroll,Richardson-Schneider,498685.7,2025-07-30,Pending,False,-1
91839,Transportation,Inspection,"Lee, Freeman and Walsh",715.75,2025-12-02,Approved,False,-1
91920,Transportation,Inspection,Alexander Ltd,499372.09,2024-06-06,Approved,False,-1
92007,Transportation,Procurement,Foster Ltd,499678.19,2025-06-06,Rejected,False,-1
92085,Health,Benefits,Floyd-Juarez,465.0,2026-01-29,Approved,False,-1
92608,Health,Inspection,Kelley-Gibbs,499054.88,2025-10-10,Pending,False,-1
92648,Transportation,Procurement,Snyder and Sons,498102.53,2024-04-08,Approved,False,-1
92674,Defense,Benefits,Roth LLC,1937.13,2025-12-07,Approved,False,-1
92819,Health,Inspection,Warner-Harris,453.44,2026-01-26,Pending,False,-1
92887,Transportation,Procurement,Young Ltd,109.73,2024-03-04,Rejected,False,-1
92942,Health,Inspection,Flores and Sons,483.06,2025-11-14,Rejected,False,-1
92971,Transportation,Procurement,Strong Inc,2630.29,2024-06-01,Rejected,False,-1
93150,Health,Inspection,Simmons LLC,499147.74,2025-01-25,Pending,False,-1
93204,Transportation,Procurement,Lucas PLC,2999.71,2025-11-09,Approved,False,-1
93323,Health,Inspection,Martinez and Sons,498662.28,2024-11-18,Rejected,False,-1
93424,Health,Benefits,Blair-Baker,498373.69,2026-02-06,Approved,False,-1
93449,Health,Payroll,Conway-Williams,2730.62,2024-07-27,Rejected,False,-1
93536,Education,Benefits,Saunders Group,1146.67,2024-03-13,Rejected,False,-1
93592,Education,Benefits,Klein-Hopkins,1916.72,2025-03-23,Approved,False,-1
93629,Transportation,Payroll,Hernandez LLC,1181.33,2025-09-11,Rejected,False,-1
93663,Health,Payroll,Ortiz PLC,1025.14,2025-02-05,Approved,False,-1
93667,Defense,Procurement,"Davidson, Jones and Flores",1614.3,2025-08-03,Rejected,False,-1
93796,Health,Benefits,"Gomez, Osborne and Adkins",2237.89,2024-08-05,Rejected,False,-1
93832,Transportation,Procurement,"Rivas, Conrad and Montgomery",218.11,2025-09-13,Pending,False,-1
93842,Defense,Procurement,Brown-Gonzalez,498124.04,2024-07-09,Rejected,False,-1
93853,Transportation,Payroll,Washington-Nelson,499382.56,2024-06-17,Approved,False,-1
93874,Education,Benefits,Thomas-Miller,499802.14,2024-04-20,Pending,False,-1
94129,Health,Inspection,Medina-Reese,499154.24,2024-12-05,Pending,False,-1
94411,Defense,Inspection,"Smith, Gray and Carpenter",499642.63,2025-11-28,Approved,False,-1
94495,Defense,Procurement,Johnson-Mills,499391.9,2025-11-09,Rejected,False,-1
94575,Defense,Payroll,Stein PLC,2064.42,2025-07-13,Approved,False,-1
94649,Education,Benefits,"Miller, David and Duncan",1863.56,2024-11-08,Rejected,False,-1
94936,Health,Payroll,Davis-Hall,2059.46,2024-03-23,Approved,False,-1
94949,Transportation,Procurement,"Kelly, Schneider and Thomas",498955.67,2025-03-04,Approved,False,-1
95050,Transportation,Benefits,Smith PLC,2245.66,2024-03-20,Pending,False,-1
95087,Transportation,Procurement,Griffith-Martinez,1421.65,2025-04-21,Rejected,False,-1
95183,Defense,Benefits,Hays Ltd,1270.81,2024-07-10,Pending,False,-1
95210,Health,Benefits,"Navarro, Wilson and Lewis",499619.82,2025-09-04,Rejected,False,-1
95366,Health,Payroll,Trevino-Lee,499628.66,2024-06-20,Rejected,False,-1
95398,Education,Procurement,Williamson-Rose,2398.37,2024-04-27,Pending,False,-1
95507,Health,Procurement,Monroe and Sons,1475.95,2025-05-02,Rejected,False,-1
95727,Education,Benefits,Robinson Inc,736.57,2025-09-24,Pending,False,-1
95735,Education,Benefits,"Johnson, Russo and Mendez",498965.18,2025-03-12,Approved,False,-1
95775,Defense,Procurement,Wilkinson-Meyer,650.86,2025-02-11,Rejected,False,-1
95960,Education,Benefits,Hall-Olsen,438.02,2024-06-15,Approved,False,-1
96086,Health,Inspection,"Saunders, Nguyen and Garcia",2045.27,2024-04-08,Pending,False,-1
96166,Education,Procurement,"Blackburn, Mooney and Hurley",433.44,2024-06-14,Rejected,False,-1
96198,Transportation,Inspection,Waters LLC,1836.72,2024-02-28,Approved,False,-1
96209,Education,Benefits,Cooper PLC,1385.69,2024-05-09,Rejected,False,-1
96235,Defense,Procurement,Jackson-Mitchell,1788.05,2026-01-19,Pending,False,-1
96253,Defense,Inspection,Jones LLC,101.48,2024-04-07,Approved,False,-1
96267,Defense,Procurement,"Watson, Garner and Gonzalez",497947.98,2024-04-14,Approved,False,-1
96335,Health,Procurement,Barrett and Sons,498840.4,2024-09-03,Pending,False,-1
96373,Transportation,Payroll,"Harper, Bates and Hughes",499928.48,2024-06-22,Rejected,False,-1
96397,Transportation,Payroll,Leach-Bradshaw,498924.04,2024-04-25,Rejected,False,-1
96449,Health,Procurement,Hansen Ltd,2005.09,2024-03-09,Rejected,False,-1
96505,Health,Payroll,"Webster, Faulkner and Garcia",2925.7,2025-10-16,Approved,False,-1
96557,Transportation,Payroll,Rose LLC,498226.79,2024-06-25,Rejected,False,-1
96796,Education,Payroll,Bell-Parsons,2690.85,2024-05-03,Approved,False,-1
96900,Transportation,Payroll,Stephens-Marshall,1346.03,2025-02-11,Rejected,False,-1
96916,Education,Procurement,"Wade, Lynch and Rhodes",498455.16,2025-07-24,Rejected,False,-1
97221,Education,Inspection,Olson-Johnson,1276.51,2025-04-17,Pending,False,-1
97234,Education,Inspection,Diaz-Arnold,194.12,2024-11-30,Pending,False,-1
97629,Education,Procurement,Olson Ltd,499927.45,2025-10-20,Rejected,False,-1
97792,Transportation,Inspection,"Carroll, Henderson and Walker",2531.76,2024-08-04,Pending,False,-1
97880,Health,Benefits,"Romero, Andrews and Day",1217.53,2025-11-05,Pending,False,-1
98092,Defense,Payroll,Mercer Ltd,1856.85,2024-05-28,Approved,False,-1
98201,Education,Payroll,Knight-Hunt,498480.25,2025-07-10,Rejected,False,-1
98210,Education,Benefits,Wade Group,2077.78,2024-02-16,Approved,False,-1
98460,Health,Procurement,Chavez LLC,498803.38,2024-09-21,Rejected,False,-1
98497,Health,Inspection,Curtis and Sons,499269.14,2024-12-24,Approved,False,-1
98595,Education,Benefits,Brown PLC,2007.6,2025-06-29,Approved,False,-1
98601,Health,Procurement,"Berry, Owens and Schaefer",499343.44,2024-10-18,Rejected,False,-1
98650,Health,Benefits,Mejia-Kirk,467.41,2025-05-03,Rejected,False,-1
98692,Transportation,Payroll,Mcbride Inc,2676.05,2024-07-15,Rejected,False,-1
98712,Transportation,Payroll,Rodriguez-Boyer,2404.62,2024-10-26,Pending,False,-1
98760,Defense,Procurement,Gallagher Ltd,1021.05,2025-04-11,Approved,False,-1
98816,Education,Payroll,Gomez LLC,499964.13,2026-01-13,Rejected,False,-1
98974,Health,Inspection,Cowan Ltd,1705.82,2026-01-26,Approved,False,-1
99025,Education,Payroll,"Adams, Davis and Young",498934.98,2025-11-25,Approved,False,-1
99235,Health,Benefits,Bush PLC,498614.27,2024-03-18,Approved,False,-1
99329,Defense,Benefits,"Wade, Hughes and Mcgrath",686.14,2024-10-09,Rejected,False,-1
99353,Defense,Payroll,"Duran, Sanchez and Barnes",499394.94,2024-05-22,Approved,False,-1
99451,Health,Payroll,"Cole, Ruiz and Velasquez",1473.21,2024-06-29,Approved,False,-1
99577,Transportation,Benefits,Mathews and Sons,499975.17,2024-07-21,Rejected,False,-1
99583,Defense,Benefits,Evans-Brown,2213.85,2025-07-24,Pending,False,-1
99685,Education,Inspection,Lewis PLC,499600.86,2024-06-01,Rejected,False,-1
99726,Health,Benefits,"Mullen, Klein and Stanley",776.95,2024-08-18,Approved,False,-1
99940,Education,Payroll,"Freeman, Rodriguez and Smith",499843.17,2025-10-12,Pending,False,-1
99962,Education,Payroll,Spencer-David,2153.84,2024-08-31,Rejected,False,-1
99970,Health,Payroll,Calderon-Huff,499098.92,2025-07-28,Rejected,False,-1
99997,Health,Procurement,Trujillo LLC,499748.59,2024-05-13,Pending,False,-1
100025,Education,Payroll,"Williams, Hardy and White",1456.7,2024-11-14,Pending,False,-1
100057,Education,Payroll,"Moss, Jones and Dillon",2560.43,2026-02-07,Pending,False,-1
100125,Health,Inspection,Murphy Ltd,1771.87,2025-05-24,Approved,False,-1
100126,Transportation,Procurement,Bates-Mills,499414.22,2025-08-31,Pending,False,-1
100350,Health,Payroll,"Dawson, Kennedy and Fowler",499284.77,2024-12-09,Pending,False,-1
100375,Education,Procurement,Fowler and Sons,451.22,2025-07-02,Pending,False,-1
100420,Defense,Procurement,Pace-Edwards,1656.14,2025-12-27,Approved,False,-1
100524,Transportation,Inspection,"Anderson, West and Ballard",499581.25,2024-05-19,Rejected,False,-1
100543,Transportation,Payroll,Rogers Group,1101.76,2024-04-18,Approved,False,-1
100616,Education,Inspection,Riley Ltd,2862.18,2025-12-08,Rejected,False,-1
100698,Transportation,Benefits,Goodwin-Garcia,499965.13,2025-07-10,Pending,False,-1
100866,Health,Benefits,Holland-Phelps,2336.95,2024-02-23,Pending,False,-1
100905,Education,Inspection,Good-Lawson,2947.87,2024-08-22,Approved,False,-1
101021,Transportation,Payroll,"Silva, Mendoza and Griffin",944.72,2025-10-27,Pending,False,-1
101055,Education,Payroll,Carter-Roth,499856.14,2024-09-20,Pending,False,-1
101322,Health,Payroll,Lane-Potter,2744.42,2025-01-13,Rejected,False,-1
101478,Defense,Procurement,Franco and Sons,499222.33,2025-01-06,Approved,False,-1
101687,Education,Payroll,Archer Group,2072.84,2024-07-03,Approved,False,-1
101767,Health,Benefits,"Gregory, Lewis and Riggs",499048.35,2025-09-21,Approved,False,-1
101797,Health,Benefits,"Jackson, Melendez and Lane",2935.51,2025-07-07,Rejected,False,-1
101883,Health,Inspection,"Nash, Schultz and Cameron",447.39,2026-01-20,Approved,False,-1
101960,Health,Inspection,Lester-Hicks,499462.38,2024-03-08,Approved,False,-1
102034,Health,Inspection,Maxwell Ltd,498546.0,2024-09-08,Approved,False,-1
102103,Defense,Inspection,"Melendez, Brown and Davis",498846.77,2024-10-30,Pending,False,-1
102151,Transportation,Benefits,Clarke-Duffy,499495.73,2025-04-18,Approved,False,-1
102206,Education,Payroll,"Wilson, Castillo and Martin",407.73,2024-06-18,Approved,False,-1
102339,Transportation,Inspection,Jones Group,641.38,2024-08-09,Rejected,False,-1
102540,Health,Inspection,Lawrence-Singh,499043.04,2024-04-07,Pending,False,-1
102647,Transportation,Inspection,Roth-Cain,2162.67,2025-11-13,Pending,False,-1
102724,Defense,Procurement,Jackson-Edwards,273.16,2024-10-24,Rejected,False,-1
102806,Health,Payroll,Dougherty-Villanueva,2664.44,2025-06-22,Rejected,False,-1
102832,Education,Inspection,"Coleman, Lewis and Copeland",499672.47,2024-08-03,Pending,False,-1
103128,Health,Benefits,Randolph Group,1476.69,2025-10-14,Rejected,False,-1
103395,Education,Procurement,"Moore, Wagner and Sims",949.8,2024-07-24,Approved,False,-1
103412,Education,Payroll,Jordan Inc,498648.69,2025-05-21,Pending,False,-1
103527,Defense,Inspection,"Weiss, Murphy and Snyder",2380.92,2024-08-29,Pending,False,-1
103531,Defense,Inspection,"Liu, Oliver and Price",1822.39,2025-02-28,Rejected,False,-1
103539,Transportation,Inspection,"Allen, King and Taylor",498173.12,2026-02-08,Rejected,False,-1
103758,Transportation,Benefits,"Lopez, Valdez and Smith",2156.54,2024-07-25,Pending,False,-1
103902,Health,Benefits,Harris-Kelley,1392.74,2024-04-14,Rejected,False,-1
103950,Education,Procurement,"Smith, Olson and Stephens",1284.29,2026-01-04,Approved,False,-1
104182,Transportation,Benefits,Sims-Walls,987.55,2024-02-12,Pending,False,-1
104304,Defense,Payroll,Peterson-Elliott,2872.77,2025-12-20,Rejected,False,-1
104503,Defense,Inspection,Clark Group,1956.29,2024-09-23,Pending,False,-1
104735,Transportation,Inspection,York and Sons,409.5,2024-07-16,Pending,False,-1
104737,Education,Inspection,Hernandez-Barrera,499937.6,2024-11-18,Rejected,False,-1
105046,Health,Benefits,Phillips-Olsen,1546.64,2024-05-01,Rejected,False,-1
105072,Defense,Inspection,Wright-Palmer,1185.68,2024-02-26,Rejected,False,-1
105198,Transportation,Payroll,Jenkins Ltd,499916.71,2024-09-12,Pending,False,-1
105203,Health,Payroll,Rodriguez LLC,498535.34,2025-03-09,Approved,False,-1
105210,Defense,Payroll,"Stevens, Dean and Richards",2642.57,2026-01-17,Approved,False,-1
105276,Defense,Procurement,Rice-Taylor,2661.97,2025-12-14,Rejected,False,-1
105452,Transportation,Payroll,Davis-Dickson,498770.61,2026-01-11,Approved,False,-1
105460,Health,Payroll,Merritt Inc,2938.25,2025-03-16,Rejected,False,-1
105486,Transportation,Procurement,Sanchez Ltd,781.31,2025-01-06,Rejected,False,-1
105512,Education,Inspection,Johnson Inc,125.27,2025-02-26,Approved,False,-1
105528,Education,Payroll,"Vincent, Pollard and Werner",223.33,2024-06-09,Pending,False,-1
105610,Defense,Inspection,"Schneider, Murray and Ho",1443.04,2024-05-17,Pending,False,-1
105643,Defense,Payroll,Foster-Brown,498095.24,2025-06-11,Approved,False,-1
105668,Defense,Benefits,Gomez-Osborne,497891.76,2024-11-05,Rejected,False,-1
105715,Transportation,Inspection,"Baker, Marsh and Spencer",393.39,2024-03-02,Pending,False,-1
105755,Defense,Inspection,Nielsen PLC,496.41,2025-02-23,Pending,False,-1
105793,Education,Procurement,Walters-Lewis,498404.3,2025-04-15,Pending,False,-1
106201,Education,Procurement,"Rodriguez, Hayden and Evans",2071.35,2024-04-24,Pending,False,-1
106233,Defense,Procurement,Watson and Sons,413.98,2025-11-23,Pending,False,-1
106269,Transportation,Procurement,Wilson-Sullivan,862.22,2024-12-07,Rejected,False,-1
106272,Education,Benefits,Mahoney and Sons,499325.1,2025-07-13,Approved,False,-1
106335,Transportation,Inspection,Clay Ltd,1043.85,2025-08-16,Approved,False,-1
106373,Transportation,Payroll,"Jackson, Johnson and Brady",2314.42,2024-06-11,Pending,False,-1
106406,Health,Inspection,Blackwell Ltd,498671.54,2024-07-15,Approved,False,-1
106532,Education,Inspection,Snow Inc,498918.48,2025-12-17,Pending,False,-1
106606,Education,Procurement,Campbell PLC,498940.21,2025-01-21,Approved,False,-1
106657,Transportation,Procurement,Sweeney-Sheppard,499386.74,2025-04-09,Approved,False,-1
106827,Health,Inspection,Valdez-Hernandez,152.93,2025-07-07,Pending,False,-1
107082,Defense,Inspection,"Larson, Fox and Jenkins",499730.7,2024-06-03,Pending,False,-1
107313,Health,Inspection,Weeks LLC,498621.85,2024-06-15,Pending,False,-1
107421,Defense,Procurement,Castillo-Ramirez,498949.02,2024-07-10,Pending,False,-1
107587,Education,Benefits,Long-Bennett,2631.12,2024-09-21,Approved,False,-1
107758,Transportation,Inspection,Newton-Thompson,330.58,2024-10-17,Approved,False,-1
107824,Transportation,Inspection,Moore-Hamilton,499706.84,2025-06-19,Pending,False,-1
107840,Defense,Benefits,Waller-Perry,1693.71,2025-09-03,Rejected,False,-1
107937,Transportation,Benefits,Smith Ltd,498367.34,2025-12-18,Approved,False,-1
107994,Health,Inspection,Bailey-Anderson,499933.19,2025-12-07,Pending,False,-1
108206,Health,Procurement,"Hill, Wilson and Harvey",499626.66,2025-06-12,Rejected,False,-1
108293,Defense,Payroll,"Smith, Jackson and Arnold",2002.9,2025-10-16,Approved,False,-1
108422,Transportation,Inspection,"Klein, Jackson and Thornton",1696.93,2025-09-03,Rejected,False,-1
108520,Defense,Benefits,"Mann, Johnson and Martinez",499884.28,2025-12-03,Approved,False,-1
108576,Education,Benefits,Lambert Ltd,498403.65,2025-05-21,Pending,False,-1
108771,Health,Payroll,Porter Inc,2141.14,2024-04-20,Pending,False,-1
108776,Defense,Benefits,Hart Inc,1709.08,2025-12-23,Rejected,False,-1
108991,Transportation,Benefits,Smith PLC,1788.91,2025-06-14,Pending,False,-1
109173,Health,Payroll,Mccarthy-Perry,763.79,2024-04-14,Rejected,False,-1
109307,Education,Procurement,Thomas Ltd,137.75,2025-04-23,Approved,False,-1
109314,Education,Inspection,Harris-Reynolds,498113.74,2025-09-06,Rejected,False,-1
109495,Health,Inspection,Rasmussen Inc,499877.09,2025-09-30,Rejected,False,-1
109560,Health,Payroll,Howard and Sons,906.72,2025-09-20,Rejected,False,-1
109618,Health,Benefits,Robinson and Sons,2813.85,2025-02-23,Rejected,False,-1
109769,Defense,Inspection,Johnson Inc,1295.75,2024-06-09,Approved,False,-1
109887,Health,Payroll,Stevenson-Hart,814.7,2025-10-23,Approved,False,-1
109921,Defense,Payroll,Gordon LLC,1395.74,2025-01-03,Approved,False,-1
109953,Education,Inspection,Jones Inc,499932.36,2024-09-16,Pending,False,-1
110064,Education,Payroll,Johnson PLC,498409.58,2025-10-10,Rejected,False,-1
110144,Transportation,Procurement,"Mclaughlin, Jones and Torres",498319.18,2026-01-12,Rejected,False,-1
110374,Defense,Procurement,"Farley, Allen and Johnson",2757.58,2025-06-05,Pending,False,-1
110407,Health,Inspection,Roth-Holt,1546.47,2024-09-24,Rejected,False,-1
110637,Education,Payroll,Alvarez LLC,1856.59,2024-09-01,Pending,False,-1
110753,Education,Procurement,Conrad PLC,498429.27,2024-06-02,Rejected,False,-1
110756,Transportation,Procurement,Mendoza PLC,499207.55,2025-12-15,Pending,False,-1
110769,Health,Benefits,"Jackson, Howard and Murray",499880.26,2024-10-17,Pending,False,-1
110887,Health,Procurement,"Sanchez, Shepherd and Owens",499049.7,2024-08-21,Pending,False,-1
111122,Transportation,Procurement,"Stewart, Rodriguez and Massey",498040.33,2024-02-19,Approved,False,-1
111126,Defense,Payroll,Gutierrez-Gray,2961.16,2025-12-04,Approved,False,-1
111141,Transportation,Benefits,Gonzalez PLC,1802.19,2024-07-09,Approved,False,-1
111199,Defense,Inspection,Flores and Sons,499339.91,2024-03-24,Approved,False,-1
111254,Health,Inspection,Ramirez-Rodriguez,182.55,2025-09-26,Approved,False,-1
111476,Health,Benefits,Mahoney-Yang,499551.01,2024-06-15,Approved,False,-1
111681,Health,Procurement,"Mendez, Reyes and Dixon",1858.64,2025-02-07,Approved,False,-1
111815,Health,Inspection,Young Inc,499948.22,2025-06-06,Approved,False,-1
112299,Health,Procurement,"Jacobs, Ramirez and Gonzales",2543.65,2025-05-31,Rejected,False,-1
112414,Health,Procurement,Torres LLC,2538.39,2024-05-24,Rejected,False,-1
112452,Health,Benefits,Watts-Barber,961.29,2024-06-09,Approved,False,-1
112714,Education,Inspection,Myers Group,2061.71,2025-03-20,Pending,False,-1
112882,Transportation,Benefits,"Phillips, Anderson and Harris",1180.03,2024-09-07,Approved,False,-1
112959,Transportation,Benefits,"Edwards, Johnson and Alexander",499523.82,2025-01-31,Approved,False,-1
112989,Health,Procurement,Barnes-Carter,498942.45,2025-05-19,Rejected,False,-1
112996,Defense,Procurement,"Paul, Marshall and Hanson",498644.7,2025-04-29,Approved,False,-1
113022,Education,Payroll,Brooks Group,1705.12,2024-11-14,Approved,False,-1
113103,Transportation,Payroll,Carney and Sons,853.31,2025-01-27,Rejected,False,-1
113239,Transportation,Inspection,Hall-Salinas,2529.67,2024-05-14,Approved,False,-1
113318,Health,Inspection,Price LLC,1913.29,2024-11-16,Approved,False,-1
113347,Transportation,Payroll,"Turner, Garcia and Farrell",498063.05,2025-03-17,Pending,False,-1
113373,Defense,Payroll,Schmidt-Olsen,1005.26,2025-11-04,Approved,False,-1
113458,Health,Procurement,"Carrillo, Harris and Rios",499079.19,2025-06-19,Approved,False,-1
113496,Education,Inspection,Shaw and Sons,1841.27,2024-02-12,Pending,False,-1
113525,Health,Benefits,Morris Group,2560.88,2025-01-03,Pending,False,-1
113530,Transportation,Payroll,Terry Group,499596.19,2025-04-09,Rejected,False,-1
113563,Health,Payroll,Thompson-White,499029.09,2025-09-22,Rejected,False,-1
113720,Education,Inspection,Barker Inc,1011.39,2024-03-03,Pending,False,-1
113845,Defense,Procurement,Gonzales Inc,2104.13,2024-07-17,Pending,False,-1
113922,Defense,Payroll,"Wolfe, Thompson and Rodriguez",499240.48,2025-01-01,Rejected,False,-1
114005,Health,Procurement,Noble Ltd,498401.13,2025-06-19,Approved,False,-1
114045,Health,Inspection,Cook-Hubbard,498336.73,2025-06-10,Rejected,False,-1
114138,Defense,Benefits,Petersen PLC,122.56,2025-07-20,Pending,False,-1
114164,Education,Payroll,York LLC,1885.14,2025-09-24,Rejected,False,-1
114172,Transportation,Payroll,Tucker Ltd,207.07,2024-08-10,Approved,False,-1
114378,Health,Procurement,Frank-Davis,1247.92,2024-03-18,Pending,False,-1
114496,Defense,Procurement,Morgan-Morrison,498912.85,2024-08-06,Rejected,False,-1
114618,Transportation,Benefits,Brady Group,498403.13,2025-01-23,Rejected,False,-1
114763,Health,Payroll,"Lopez, Harris and Simmons",498942.09,2026-01-15,Pending,False,-1
114770,Health,Benefits,"Myers, Davis and Sanchez",859.96,2025-11-29,Rejected,False,-1
114863,Transportation,Payroll,"Cunningham, Brown and Tucker",499014.92,2024-11-02,Approved,False,-1
114986,Defense,Inspection,"Owens, Morton and Hayes",1514.0,2024-06-05,Approved,False,-1
115034,Health,Inspection,"Bass, Bailey and Baker",1724.46,2025-04-21,Rejected,False,-1
115132,Transportation,Procurement,"Perez, Delgado and Ewing",499860.58,2025-11-15,Pending,False,-1
115209,Education,Benefits,Hayes Inc,499932.79,2024-05-04,Rejected,False,-1
115232,Defense,Benefits,Lee Ltd,691.37,2025-11-13,Rejected,False,-1
115500,Defense,Procurement,Fuller LLC,497945.15,2025-05-02,Approved,False,-1
115529,Education,Procurement,"Brown, Wells and Walters",840.23,2025-07-02,Pending,False,-1
115534,Health,Benefits,Lopez Ltd,498448.84,2024-04-21,Rejected,False,-1
115590,Transportation,Benefits,Baird Inc,499997.64,2024-11-21,Rejected,False,-1
115630,Education,Procurement,"Lee, Mendoza and Nixon",499454.02,2025-10-20,Rejected,False,-1
115666,Transportation,Benefits,Martinez Group,2455.3,2025-03-24,Approved,False,-1
115833,Education,Inspection,Martin and Sons,499420.55,2024-09-08,Pending,False,-1
115857,Health,Benefits,Morales and Sons,499643.13,2025-09-03,Pending,False,-1
116008,Health,Payroll,Warren-Peterson,1020.98,2025-05-11,Pending,False,-1
116009,Transportation,Payroll,Conley LLC,2412.53,2025-06-02,Pending,False,-1
116022,Transportation,Inspection,"Singleton, Kramer and Davidson",499613.59,2026-01-22,Pending,False,-1
116093,Health,Payroll,Ramirez Inc,2905.51,2024-03-23,Pending,False,-1
116241,Health,Payroll,Sosa Inc,2441.7,2025-01-14,Rejected,False,-1
116451,Defense,Payroll,Booth and Sons,683.01,2025-07-28,Rejected,False,-1
116546,Transportation,Inspection,Kim-Lee,2771.1,2024-10-30,Pending,False,-1
116610,Transportation,Benefits,"Stanley, Ferguson and Cooper",499032.67,2024-09-05,Pending,False,-1
116622,Transportation,Payroll,"Gonzalez, Gay and Giles",2294.73,2025-10-27,Approved,False,-1
116633,Education,Inspection,"Harrison, Porter and Martinez",1571.67,2024-03-24,Approved,False,-1
116741,Defense,Payroll,Mitchell Inc,499738.06,2024-06-23,Pending,False,-1
116775,Health,Benefits,"Parsons, Wilkinson and Washington",2464.83,2024-03-13,Approved,False,-1
116779,Transportation,Inspection,Miller Group,2138.29,2024-03-16,Approved,False,-1
116960,Transportation,Payroll,Khan Group,2749.09,2024-04-01,Approved,False,-1
116989,Health,Payroll,Owen PLC,499656.88,2025-08-17,Rejected,False,-1
117044,Education,Procurement,"Smith, Austin and Cox",499025.97,2025-02-10,Approved,False,-1
117081,Defense,Benefits,Santiago-Dalton,2885.78,2024-06-10,Approved,False,-1
117114,Education,Payroll,Berry-Mitchell,1004.0,2025-11-09,Pending,False,-1
117146,Education,Procurement,"Logan, Arnold and Andrade",3014.07,2025-03-23,Approved,False,-1
117196,Health,Benefits,"Williams, Cooper and Rollins",1573.45,2025-03-17,Rejected,False,-1
117209,Health,Benefits,Hall-Beck,498796.34,2024-03-03,Rejected,False,-1
117269,Education,Payroll,Ewing Inc,990.75,2025-06-25,Approved,False,-1
117271,Education,Procurement,Miller Inc,2565.0,2024-05-07,Approved,False,-1
117312,Defense,Inspection,Fisher Inc,2060.41,2025-06-19,Approved,False,-1
117420,Education,Procurement,"Dean, Moore and Hudson",220.71,2024-04-13,Rejected,False,-1
117503,Transportation,Procurement,Johnston-Perry,2388.44,2025-11-08,Rejected,False,-1
117508,Defense,Payroll,Benson Group,2468.72,2025-06-27,Rejected,False,-1
117755,Defense,Inspection,Figueroa LLC,2215.05,2025-12-13,Approved,False,-1
117833,Transportation,Procurement,Christian-Day,499693.53,2025-12-28,Pending,False,-1
117902,Education,Payroll,White-Hodge,499666.87,2026-01-30,Rejected,False,-1
117957,Health,Benefits,"Cook, Medina and Carey",2075.79,2025-05-06,Pending,False,-1
117972,Defense,Procurement,"Scott, Brown and Decker",1817.63,2025-10-28,Rejected,False,-1
118089,Health,Inspection,Anderson Group,1002.03,2024-04-21,Approved,False,-1
118148,Health,Payroll,Rodriguez PLC,499340.81,2025-01-31,Approved,False,-1
118309,Education,Inspection,Cabrera-Martin,2952.82,2025-05-05,Rejected,False,-1
118444,Health,Payroll,Jones PLC,2491.68,2025-11-26,Rejected,False,-1
118604,Education,Procurement,Williamson PLC,871.38,2025-05-05,Pending,False,-1
118638,Transportation,Benefits,Lopez Ltd,497950.48,2024-04-26,Rejected,False,-1
118669,Defense,Procurement,"Jones, Hess and Ryan",2364.82,2026-01-31,Rejected,False,-1
118739,Transportation,Payroll,Washington Group,499919.01,2024-09-18,Pending,False,-1
118810,Transportation,Procurement,Lopez Ltd,2658.09,2025-01-14,Pending,False,-1
118838,Health,Procurement,"Quinn, Powell and Rowland",228.65,2025-10-16,Approved,False,-1
119181,Defense,Payroll,"Terry, Ruiz and Camacho",499383.14,2025-07-24,Rejected,False,-1
119192,Defense,Procurement,Pugh-Singh,499060.73,2024-05-10,Rejected,False,-1
119256,Health,Benefits,"Rich, Taylor and Bowman",1363.48,2024-04-05,Pending,False,-1
119277,Transportation,Procurement,"Ward, Patel and Case",2351.05,2025-12-14,Approved,False,-1
119382,Defense,Inspection,Case Inc,499186.51,2024-12-10,Rejected,False,-1
119938,Education,Procurement,Alexander-Johnson,499963.45,2024-03-09,Approved,False,-1
120030,Health,Benefits,Ross Ltd,2428.87,2024-03-22,Approved,False,-1
120071,Defense,Procurement,Lamb PLC,2903.5,2025-02-13,Rejected,False,-1
120299,Health,Procurement,"Travis, Joseph and Lynch",499940.48,2024-06-20,Pending,False,-1
120384,Transportation,Payroll,Lowery-Huynh,2706.44,2025-11-14,Pending,False,-1
120413,Transportation,Procurement,"Haney, Figueroa and Alvarez",3002.72,2025-09-04,Approved,False,-1
120456,Transportation,Benefits,Scott-Dixon,499582.41,2025-10-09,Rejected,False,-1
120485,Transportation,Procurement,Kerr-Mcgee,498134.77,2024-05-17,Rejected,False,-1
120524,Transportation,Procurement,"Williams, Lane and Evans",700.65,2025-09-02,Pending,False,-1
120639,Health,Payroll,Alexander Ltd,1641.4,2024-07-25,Pending,False,-1
120780,Education,Payroll,Lewis PLC,498578.49,2024-04-16,Rejected,False,-1
120785,Health,Benefits,Erickson LLC,498420.17,2025-04-25,Pending,False,-1
120923,Education,Benefits,"Hernandez, Hill and Bell",498679.29,2024-03-26,Approved,False,-1
121090,Transportation,Procurement,Graham PLC,1697.82,2025-05-05,Rejected,False,-1
121280,Transportation,Payroll,"Oneal, King and Matthews",954.3,2024-05-17,Approved,False,-1
121292,Education,Payroll,Davis-Waters,498318.88,2024-03-21,Pending,False,-1
121546,Defense,Procurement,"Nguyen, Peterson and Baker",498900.88,2025-12-05,Pending,False,-1
121697,Health,Procurement,Lloyd PLC,276.16,2025-11-15,Pending,False,-1
121770,Transportation,Procurement,Chambers Group,1345.71,2025-02-12,Pending,False,-1
121775,Defense,Inspection,"Jones, Hoover and Wilson",499497.93,2024-05-01,Rejected,False,-1
121784,Transportation,Inspection,Trevino-Ramirez,2462.35,2024-11-22,Approved,False,-1
121888,Defense,Inspection,Black PLC,2169.72,2025-03-12,Rejected,False,-1
121889,Transportation,Payroll,"Combs, Lutz and Turner",830.96,2026-01-31,Pending,False,-1
121938,Transportation,Payroll,Figueroa-Meyer,499826.88,2025-04-20,Rejected,False,-1
122081,Health,Payroll,"Stewart, Ramos and Wilson",498766.99,2024-04-27,Pending,False,-1
122444,Transportation,Benefits,Mueller-Watson,499912.27,2025-07-30,Rejected,False,-1
122563,Education,Inspection,"Olson, Reed and Reed",499069.71,2025-09-04,Approved,False,-1
122625,Defense,Inspection,Hernandez Inc,829.48,2024-03-24,Pending,False,-1
122643,Education,Inspection,"Hebert, Mclaughlin and Parker",1659.72,2024-09-29,Approved,False,-1
122827,Health,Inspection,"Everett, Bennett and Buck",499339.49,2024-02-10,Rejected,False,-1
123034,Defense,Inspection,"Ellison, Mann and Casey",2370.65,2024-08-02,Pending,False,-1
123235,Defense,Payroll,Montes LLC,499937.75,2024-03-02,Pending,False,-1
123356,Defense,Benefits,Allen-Adams,499488.11,2024-02-29,Rejected,False,-1
123493,Health,Procurement,Eaton-Warren,731.63,2025-11-30,Rejected,False,-1
123740,Health,Payroll,Stuart Group,818.46,2025-06-16,Rejected,False,-1
123744,Health,Benefits,"Lawson, Logan and Miranda",498240.85,2026-01-18,Approved,False,-1
123789,Transportation,Benefits,Riley-Singleton,499791.87,2025-12-09,Pending,False,-1
123955,Defense,Procurement,"Garcia, Giles and French",1249.64,2025-03-08,Rejected,False,-1
124062,Transportation,Inspection,Lee LLC,1364.42,2025-07-31,Pending,False,-1
124116,Transportation,Benefits,Lopez LLC,2753.71,2024-11-24,Approved,False,-1
124231,Transportation,Inspection,"Sparks, Wilson and Phillips",145.99,2024-11-16,Approved,False,-1
124654,Defense,Procurement,"Johnson, Adkins and Wells",528.0,2025-12-07,Rejected,False,-1
124672,Defense,Inspection,Fleming-Taylor,696.44,2024-03-21,Approved,False,-1
124716,Education,Payroll,Wilson-Malone,498830.55,2025-07-02,Rejected,False,-1
124724,Education,Benefits,Schmidt Inc,1522.78,2025-12-08,Pending,False,-1
124872,Health,Payroll,Wright PLC,499925.35,2026-01-25,Approved,False,-1
124960,Education,Payroll,Smith-Garza,498043.41,2024-03-19,Rejected,False,-1
125073,Education,Benefits,Gonzalez and Sons,499261.97,2024-11-12,Pending,False,-1
125475,Transportation,Procurement,Torres LLC,455.68,2025-05-29,Rejected,False,-1
125511,Education,Payroll,"Christian, Best and Hernandez",809.21,2024-05-06,Pending,False,-1
125636,Education,Payroll,Mitchell and Sons,780.05,2024-04-13,Pending,False,-1
125765,Defense,Procurement,Reyes Ltd,926.47,2025-12-09,Approved,False,-1
125808,Education,Procurement,Howard Group,499633.45,2025-05-09,Pending,False,-1
126058,Transportation,Payroll,Ryan-Dorsey,1949.44,2024-11-01,Pending,False,-1
126180,Health,Payroll,"Lane, Fuller and York",499547.66,2025-02-15,Rejected,False,-1
126271,Education,Procurement,"Garcia, Sims and Thomas",612.2,2025-07-19,Rejected,False,-1
126388,Education,Procurement,Griffin and Sons,498740.44,2024-10-18,Approved,False,-1
126416,Education,Payroll,Zuniga Ltd,1169.17,2025-01-31,Rejected,False,-1
126558,Defense,Benefits,Rivera Group,498131.44,2025-11-17,Pending,False,-1
126644,Health,Procurement,Morgan-King,499966.52,2025-01-20,Pending,False,-1
126762,Education,Procurement,Elliott Inc,1577.86,2024-09-09,Approved,False,-1
126967,Defense,Inspection,"Jackson, Perry and Salazar",819.67,2024-09-27,Approved,False,-1
126977,Health,Inspection,"Wolfe, Lewis and Becker",1229.4,2025-11-01,Rejected,False,-1
127001,Health,Benefits,"Wright, Moore and Horne",2706.83,2026-01-29,Pending,False,-1
127110,Defense,Benefits,Cooper-Robinson,2146.91,2025-11-19,Pending,False,-1
127188,Education,Payroll,"Brown, Martinez and Pierce",498899.44,2024-10-24,Rejected,False,-1
127499,Health,Benefits,"Wilkerson, Deleon and Molina",499851.29,2025-02-24,Rejected,False,-1
127519,Defense,Inspection,Mccarty PLC,507.17,2024-02-15,Rejected,False,-1
127596,Health,Benefits,"Bentley, Reyes and Martinez",499756.48,2024-03-19,Pending,False,-1
127699,Health,Payroll,Fisher and Sons,1442.04,2024-10-03,Rejected,False,-1
127703,Defense,Payroll,"Martin, Wolf and King",784.38,2024-05-27,Approved,False,-1
127743,Education,Benefits,Wilson-Young,498170.57,2025-08-30,Pending,False,-1
127878,Health,Benefits,"Rasmussen, Rocha and Hall",499431.32,2025-09-18,Rejected,False,-1
128003,Transportation,Inspection,James-Rodriguez,499086.41,2025-04-10,Pending,False,-1
128049,Transportation,Procurement,Wilson Group,2272.48,2025-01-09,Approved,False,-1
128106,Transportation,Inspection,Moreno and Sons,1602.42,2024-05-06,Approved,False,-1
128183,Transportation,Inspection,"Blair, Garcia and Hill",499008.84,2025-05-15,Pending,False,-1
128266,Defense,Benefits,Parker-Knox,498599.73,2024-06-15,Pending,False,-1
128294,Transportation,Inspection,Lopez-Bowen,2096.91,2025-04-27,Approved,False,-1
128301,Defense,Payroll,Villanueva-Cochran,498511.55,2025-11-16,Rejected,False,-1
128451,Health,Inspection,Velasquez-Hamilton,499272.52,2024-02-21,Approved,False,-1
128504,Health,Inspection,"Tapia, Mueller and Little",498658.47,2024-04-18,Pending,False,-1
129042,Transportation,Procurement,"Johnson, King and Rivera",2859.55,2025-10-03,Approved,False,-1
129277,Health,Inspection,Russo-Anthony,947.14,2024-08-17,Approved,False,-1
129327,Defense,Procurement,Lara-Kim,797.42,2025-04-07,Approved,False,-1
129332,Education,Benefits,Bennett PLC,1824.79,2024-09-23,Pending,False,-1
129433,Defense,Benefits,Garza-Hensley,498839.66,2025-12-01,Rejected,False,-1
129597,Health,Inspection,Rich-Vazquez,2481.12,2026-01-06,Pending,False,-1
129737,Transportation,Benefits,Singleton-Conway,2702.03,2025-07-17,Approved,False,-1
129900,Education,Benefits,Clark Ltd,1514.01,2025-08-06,Approved,False,-1
130016,Education,Benefits,Ballard PLC,499019.24,2025-06-01,Rejected,False,-1
130098,Defense,Benefits,Clark-Fisher,499335.14,2025-02-26,Pending,False,-1
130109,Education,Benefits,"Kelley, Stevens and Jones",499415.64,2024-02-17,Rejected,False,-1
130353,Education,Procurement,Hansen Group,498519.61,2025-04-18,Rejected,False,-1
130425,Health,Benefits,West-Jackson,390.44,2025-01-29,Rejected,False,-1
130479,Defense,Procurement,Nguyen-Patterson,499725.41,2024-03-31,Rejected,False,-1
130567,Defense,Procurement,May Group,124.33,2025-04-03,Rejected,False,-1
130658,Transportation,Procurement,Bennett-Smith,499957.08,2024-04-07,Approved,False,-1
130710,Defense,Payroll,"Gomez, Robbins and Brown",2789.12,2025-07-04,Approved,False,-1
130716,Health,Benefits,Walsh-Frost,498212.5,2025-01-07,Pending,False,-1
130732,Education,Payroll,Dixon-Byrd,2695.05,2025-11-08,Approved,False,-1
130946,Transportation,Benefits,Silva-Fernandez,1950.72,2024-06-06,Rejected,False,-1
130953,Health,Inspection,Willis-Robinson,1987.46,2024-06-29,Rejected,False,-1
130997,Health,Inspection,Wilson Ltd,677.41,2024-03-01,Rejected,False,-1
131102,Health,Benefits,Johnson-Carter,499954.27,2025-09-09,Approved,False,-1
131143,Defense,Inspection,"Wilcox, Dixon and Kelly",319.33,2024-05-17,Pending,False,-1
131556,Education,Benefits,Austin Group,499888.82,2024-06-12,Approved,False,-1
131617,Health,Inspection,"Wood, Hale and Lowe",1247.7,2025-01-27,Pending,False,-1
131746,Education,Benefits,Rocha PLC,499981.68,2025-08-16,Rejected,False,-1
131897,Health,Procurement,White Inc,1053.04,2025-08-07,Pending,False,-1
132016,Health,Payroll,Garcia Group,257.45,2024-09-02,Rejected,False,-1
132033,Defense,Procurement,Clark Ltd,499251.28,2024-10-18,Pending,False,-1
132154,Health,Procurement,Cisneros PLC,2370.48,2026-01-20,Pending,False,-1
132265,Education,Payroll,Roth Inc,1464.48,2024-04-08,Approved,False,-1
132339,Defense,Payroll,"Michael, Harris and Lucas",499753.0,2024-10-06,Rejected,False,-1
132372,Education,Payroll,Warren-Wilkins,2081.86,2024-09-25,Approved,False,-1
132385,Health,Procurement,"King, Arellano and Medina",499683.95,2025-04-05,Rejected,False,-1
132406,Defense,Procurement,Hernandez-Franklin,1061.13,2024-07-29,Pending,False,-1
132561,Defense,Procurement,Blackwell Ltd,1291.74,2024-04-20,Rejected,False,-1
132589,Education,Payroll,Riley PLC,1225.01,2024-06-30,Pending,False,-1
132602,Defense,Benefits,"Gomez, Cox and White",569.7,2025-06-10,Pending,False,-1
132877,Health,Benefits,"Collins, Martin and Chan",2403.11,2025-04-21,Rejected,False,-1
132900,Defense,Procurement,Dillon LLC,2253.36,2025-09-05,Pending,False,-1
133004,Health,Inspection,"Ward, Scott and Marshall",1968.78,2025-01-26,Approved,False,-1
133177,Transportation,Inspection,Nelson and Sons,2019.61,2024-10-08,Rejected,False,-1
133233,Health,Procurement,"Reed, Mckinney and Powers",498706.02,2025-09-19,Pending,False,-1
133345,Education,Payroll,Brewer-Jones,173.16,2024-09-04,Rejected,False,-1
133474,Health,Payroll,Klein Ltd,2219.83,2025-04-10,Pending,False,-1
133563,Defense,Benefits,Watkins Group,263.05,2024-04-27,Rejected,False,-1
133662,Health,Payroll,Merritt-Cole,499047.34,2025-05-08,Rejected,False,-1
133725,Health,Inspection,"Bryant, Smith and Frank",498207.72,2026-01-25,Approved,False,-1
133823,Transportation,Inspection,"Alvarado, Harper and Smith",499252.55,2024-08-15,Pending,False,-1
133940,Transportation,Payroll,Moran Ltd,1868.72,2024-04-02,Rejected,False,-1
134011,Education,Payroll,Hess-Lopez,2284.03,2024-04-10,Pending,False,-1
134034,Transportation,Payroll,"Winters, Bernard and Guzman",499937.32,2024-04-02,Rejected,False,-1
134110,Health,Benefits,Ellis Group,2690.65,2025-10-08,Pending,False,-1
134236,Transportation,Payroll,Brown-Huang,1909.34,2025-01-20,Approved,False,-1
134317,Defense,Procurement,"Jenkins, Park and Finley",1505.57,2024-06-02,Approved,False,-1
134319,Health,Benefits,"Cowan, Morgan and Barrett",499076.82,2024-04-15,Rejected,False,-1
134330,Defense,Procurement,"Jones, Holmes and Mullins",1153.33,2024-10-24,Pending,False,-1
134430,Defense,Benefits,Ramirez and Sons,1212.05,2024-10-06,Pending,False,-1
134479,Education,Procurement,"Miller, Daniels and Gonzalez",2500.01,2025-08-25,Rejected,False,-1
134740,Education,Inspection,Jackson LLC,1690.66,2024-12-21,Pending,False,-1
134883,Defense,Benefits,Merritt Group,498166.37,2024-11-16,Rejected,False,-1
134921,Education,Procurement,Turner LLC,3159.31,2025-04-21,Pending,False,-1
134972,Defense,Procurement,"Delgado, Reyes and Vasquez",499224.39,2024-05-11,Pending,False,-1
135036,Health,Payroll,"Patterson, Rodriguez and Hodges",499914.56,2024-12-18,Pending,False,-1
135043,Health,Payroll,Hunt-Jones,667.35,2024-11-30,Rejected,False,-1
135093,Education,Payroll,Young and Sons,2415.68,2024-06-14,Approved,False,-1
135288,Education,Benefits,Walker-Levine,499319.44,2025-07-12,Pending,False,-1
135296,Defense,Benefits,Mendez-Elliott,498533.18,2025-11-10,Rejected,False,-1
135389,Health,Procurement,"Gates, Curry and Moore",2182.6,2025-06-30,Pending,False,-1
135461,Education,Procurement,Garza LLC,508.48,2025-07-21,Approved,False,-1
135599,Defense,Inspection,Harris-Smith,2668.47,2024-03-17,Approved,False,-1
135607,Transportation,Benefits,Underwood-Lee,499141.94,2024-07-24,Rejected,False,-1
135620,Defense,Benefits,Gutierrez-Freeman,498038.63,2025-10-07,Pending,False,-1
135623,Transportation,Inspection,Powell and Sons,808.48,2025-07-23,Rejected,False,-1
135906,Transportation,Procurement,Clayton-Newton,499410.88,2024-07-04,Pending,False,-1
135999,Health,Benefits,Murphy Ltd,498365.12,2024-10-21,Approved,False,-1
136047,Education,Payroll,Velazquez and Sons,498547.59,2024-08-11,Pending,False,-1
136097,Defense,Benefits,"Rose, Richardson and Harris",817.09,2025-08-01,Pending,False,-1
136403,Education,Payroll,Johnson LLC,1175.55,2024-03-04,Approved,False,-1
136428,Health,Payroll,"Mendez, Robinson and Moody",3142.1,2025-04-04,Rejected,False,-1
136552,Education,Inspection,Landry Inc,2933.77,2025-05-08,Rejected,False,-1
136560,Health,Payroll,Castillo-Clements,2644.97,2024-10-30,Pending,False,-1
136563,Health,Payroll,"Williams, Carney and Harris",914.12,2024-12-15,Rejected,False,-1
136569,Transportation,Benefits,Williams-Thompson,498151.43,2025-12-31,Rejected,False,-1
136739,Education,Payroll,"Smith, Becker and Davis",499885.23,2024-07-08,Approved,False,-1
136770,Defense,Benefits,"Reynolds, Brooks and Brown",491.92,2024-04-04,Rejected,False,-1
136942,Transportation,Procurement,Williams-Lee,1636.43,2024-04-17,Approved,False,-1
136974,Transportation,Inspection,Weaver-Allen,369.46,2024-09-05,Pending,False,-1
136989,Defense,Payroll,"Pierce, Bowman and Alvarez",1360.36,2024-07-27,Pending,False,-1
137037,Transportation,Payroll,Gray Inc,967.47,2025-04-30,Rejected,False,-1
137083,Transportation,Procurement,Lee Ltd,497946.81,2026-01-24,Pending,False,-1
137174,Transportation,Procurement,"Faulkner, Butler and Castillo",3145.32,2025-06-10,Rejected,False,-1
137192,Education,Benefits,Pope-Smith,499912.13,2024-10-22,Approved,False,-1
137235,Transportation,Benefits,"Long, Lewis and Blackburn",656.27,2026-01-02,Approved,False,-1
137413,Education,Inspection,"Brown, Armstrong and Robertson",2744.45,2025-02-18,Rejected,False,-1
137426,Education,Benefits,"Nguyen, Winters and Lane",499615.5,2024-11-17,Pending,False,-1
137441,Health,Payroll,"Frye, Knight and Frey",427.31,2024-10-04,Rejected,False,-1
137549,Education,Payroll,"Richardson, Hoffman and Stanley",499205.75,2024-08-10,Rejected,False,-1
137568,Transportation,Inspection,Sanchez-Macdonald,498689.76,2025-01-27,Pending,False,-1
137769,Health,Inspection,Murphy-Swanson,1366.89,2025-06-15,Rejected,False,-1
137771,Education,Benefits,Miller-Tucker,499695.54,2025-08-29,Approved,False,-1
137815,Education,Procurement,"Mccarthy, Vasquez and Fowler",813.22,2025-02-04,Rejected,False,-1
137983,Education,Inspection,Harrison-Sullivan,498371.76,2025-11-11,Approved,False,-1
138026,Transportation,Benefits,Phillips-Hernandez,1692.67,2026-01-06,Pending,False,-1
138042,Transportation,Procurement,Young LLC,1101.39,2024-05-12,Approved,False,-1
138076,Health,Payroll,Smith Inc,2686.35,2025-08-20,Rejected,False,-1
138126,Defense,Inspection,"Mitchell, Wells and Cunningham",2010.58,2025-06-07,Approved,False,-1
138259,Defense,Benefits,Wilson-Washington,499176.38,2024-10-16,Pending,False,-1
138322,Transportation,Procurement,"Ramirez, Bell and Scott",1674.77,2024-12-24,Rejected,False,-1
138423,Education,Benefits,Smith Ltd,498580.83,2025-12-27,Rejected,False,-1
138701,Education,Payroll,"Campos, Stevens and Hancock",499844.74,2024-08-08,Rejected,False,-1
138751,Education,Procurement,Noble Ltd,499383.21,2025-10-05,Pending,False,-1
138844,Transportation,Procurement,Stephenson Ltd,1445.44,2025-09-14,Rejected,False,-1
138945,Defense,Payroll,Wilson-Mayer,498164.98,2025-11-21,Rejected,False,-1
139057,Defense,Procurement,"Roberts, Fernandez and Houston",499537.51,2024-11-09,Rejected,False,-1
139447,Defense,Benefits,Olson Inc,498041.12,2025-01-23,Approved,False,-1
139449,Transportation,Benefits,Case-Ashley,1557.51,2025-09-30,Pending,False,-1
139517,Defense,Benefits,Mitchell Group,499344.57,2025-01-08,Approved,False,-1
139594,Health,Payroll,Hartman-Coleman,1582.8,2025-11-18,Rejected,False,-1
139692,Health,Payroll,Jones Ltd,499591.36,2025-11-20,Approved,False,-1
139744,Health,Inspection,Foley-Garcia,498885.82,2025-04-07,Pending,False,-1
139776,Education,Payroll,"Garcia, Sherman and Parker",498473.07,2024-12-07,Rejected,False,-1
139817,Defense,Benefits,"Bowen, Salazar and Henry",498131.12,2024-09-05,Rejected,False,-1
139857,Defense,Benefits,"Garcia, Jordan and Kennedy",2938.49,2024-12-17,Rejected,False,-1
139863,Education,Procurement,"Stephens, Curtis and Warner",498692.66,2024-04-21,Approved,False,-1
139877,Education,Inspection,"Turner, Brown and Burns",498344.99,2024-10-23,Rejected,False,-1
139957,Transportation,Benefits,Yang-Lawrence,499548.68,2024-03-10,Approved,False,-1
140067,Defense,Inspection,"Thompson, Sharp and Ramos",2108.34,2026-01-08,Approved,False,-1
140179,Education,Benefits,Silva Ltd,1399.57,2024-03-01,Approved,False,-1
140241,Education,Benefits,Warner Inc,498665.46,2026-01-14,Approved,False,-1
140365,Defense,Payroll,Edwards-Black,1812.34,2025-10-28,Rejected,False,-1
140571,Education,Payroll,Mccarthy-Harper,499825.95,2026-01-07,Approved,False,-1
140633,Health,Payroll,Lane-Burns,497912.57,2025-04-27,Approved,False,-1
140751,Health,Benefits,Goodwin Ltd,2784.93,2025-02-20,Pending,False,-1
140846,Transportation,Inspection,"Hamilton, Robinson and Hill",605.96,2025-02-16,Rejected,False,-1
140996,Defense,Payroll,Wagner-Stevens,589.51,2026-01-24,Pending,False,-1
141169,Health,Inspection,Cruz Ltd,1682.62,2024-12-18,Approved,False,-1
141267,Education,Procurement,Best-Wiley,498630.69,2025-08-11,Pending,False,-1
141347,Transportation,Benefits,Rosario-Herring,499064.43,2024-04-30,Rejected,False,-1
141441,Transportation,Payroll,Walker and Sons,499318.91,2025-01-31,Pending,False,-1
141508,Education,Benefits,"Garrett, Hughes and Chavez",499210.95,2026-01-28,Rejected,False,-1
141518,Education,Payroll,Taylor-Bennett,499804.78,2024-11-20,Rejected,False,-1
141669,Transportation,Inspection,Watson and Sons,498650.6,2024-03-14,Approved,False,-1
141719,Education,Payroll,Cox Inc,498988.12,2024-08-10,Approved,False,-1
141744,Transportation,Benefits,Perry LLC,1831.77,2024-03-05,Approved,False,-1
141770,Education,Inspection,Schmidt Ltd,498180.4,2025-11-19,Approved,False,-1
141814,Education,Procurement,Villa Inc,245.65,2024-03-10,Pending,False,-1
142030,Transportation,Benefits,"Riley, Becker and Byrd",2974.82,2026-01-11,Rejected,False,-1
142120,Health,Inspection,Pena-Williams,203.98,2025-07-14,Pending,False,-1
142125,Education,Procurement,"Meyer, Coffey and Beard",1639.69,2024-12-03,Rejected,False,-1
142182,Defense,Procurement,"Ball, Mullins and Mitchell",2071.86,2024-11-29,Rejected,False,-1
142238,Health,Benefits,Roberts-Sullivan,2203.34,2025-04-08,Rejected,False,-1
142316,Education,Inspection,Byrd LLC,2031.94,2025-04-12,Rejected,False,-1
142375,Education,Payroll,"Evans, Fowler and Knight",2412.55,2024-11-24,Approved,False,-1
142427,Defense,Procurement,Hinton-Lopez,755.61,2025-10-04,Pending,False,-1
142465,Transportation,Procurement,Mueller Group,2772.71,2024-03-09,Approved,False,-1
142534,Education,Benefits,Armstrong Inc,499196.34,2025-04-27,Pending,False,-1
142601,Health,Benefits,Petty LLC,2706.38,2025-01-20,Approved,False,-1
142605,Health,Inspection,"Dalton, Pope and Cruz",499041.9,2026-02-02,Pending,False,-1
143165,Defense,Benefits,Woodward PLC,499379.89,2025-02-15,Pending,False,-1
143280,Health,Benefits,"Tucker, Wall and Bonilla",1304.78,2024-11-08,Pending,False,-1
143486,Health,Payroll,"Porter, Murphy and Allen",1205.08,2024-07-02,Approved,False,-1
143658,Defense,Payroll,Mcguire-Bond,498943.98,2024-06-20,Pending,False,-1
143702,Education,Payroll,"Dixon, Rhodes and Daugherty",499740.06,2024-11-09,Pending,False,-1
143788,Health,Payroll,"Jones, Gutierrez and Moran",499100.19,2025-03-06,Pending,False,-1
143840,Defense,Procurement,Rowe-Vargas,216.39,2025-04-18,Pending,False,-1
143919,Health,Procurement,Castillo PLC,2973.93,2024-05-23,Approved,False,-1
144035,Health,Payroll,"Medina, Miller and Weber",402.95,2025-08-12,Rejected,False,-1
144055,Education,Procurement,Merritt LLC,1678.83,2025-10-27,Pending,False,-1
144088,Transportation,Payroll,Hunt-Bowman,2667.15,2025-11-21,Rejected,False,-1
144094,Education,Procurement,Marquez-Carter,497952.3,2026-02-01,Approved,False,-1
144137,Transportation,Inspection,Goodman Ltd,742.83,2025-10-20,Rejected,False,-1
144650,Health,Benefits,Randall-Mcbride,1687.72,2025-06-27,Pending,False,-1
144731,Defense,Procurement,Mccann Group,1376.27,2024-12-20,Rejected,False,-1
145035,Education,Inspection,Allen-Watkins,2865.39,2025-03-01,Rejected,False,-1
145071,Education,Inspection,Benson Ltd,308.79,2025-06-27,Pending,False,-1
145132,Transportation,Procurement,Guerrero and Sons,1426.52,2024-02-28,Approved,False,-1
145315,Defense,Procurement,"Wilson, Thompson and Small",1510.17,2024-06-14,Rejected,False,-1
145509,Defense,Payroll,Estes Inc,2527.65,2025-08-20,Rejected,False,-1
145578,Transportation,Inspection,"Gould, Boyd and Hall",499144.0,2025-05-09,Rejected,False,-1
145641,Health,Inspection,Brooks PLC,2146.33,2024-02-10,Approved,False,-1
145700,Transportation,Benefits,"Dickerson, Morales and Rodriguez",1082.43,2024-12-11,Approved,False,-1
145797,Education,Benefits,Flores-Nichols,744.93,2024-11-03,Pending,False,-1
145847,Defense,Procurement,Gutierrez LLC,420.68,2024-10-15,Approved,False,-1
146060,Health,Inspection,"Johnson, Lee and Woods",1083.9,2025-12-30,Rejected,False,-1
146094,Transportation,Procurement,"Sutton, Jacobson and Harris",497936.43,2024-12-19,Rejected,False,-1
146763,Health,Payroll,Bryant Group,498784.81,2024-09-04,Approved,False,-1
146857,Defense,Benefits,Simmons-Ryan,2054.38,2026-01-25,Pending,False,-1
146920,Transportation,Inspection,King-Ross,2593.28,2025-12-02,Rejected,False,-1
146995,Defense,Benefits,"Smith, Pratt and Griffith",499902.3,2025-06-20,Approved,False,-1
147036,Defense,Payroll,Wade Inc,498219.65,2025-02-22,Pending,False,-1
147058,Transportation,Payroll,"Thompson, Greer and Wilson",499865.61,2025-05-04,Rejected,False,-1
147342,Transportation,Payroll,Greene Ltd,2846.77,2025-07-04,Approved,False,-1
147386,Education,Inspection,Rodriguez-Reeves,499971.31,2024-08-19,Approved,False,-1
147497,Transportation,Inspection,Wright Inc,930.54,2024-06-02,Rejected,False,-1
147570,Transportation,Procurement,"Thompson, Rosales and Davis",498394.21,2025-08-07,Rejected,False,-1
147585,Defense,Inspection,"Wilson, Blankenship and Oconnor",498278.17,2024-12-19,Rejected,False,-1
147607,Transportation,Benefits,Hoffman-Clark,1570.94,2024-11-04,Rejected,False,-1
147674,Health,Procurement,Ritter-Phillips,2661.43,2024-04-05,Approved,False,-1
147685,Health,Inspection,Thornton-Sanford,2828.4,2025-10-09,Approved,False,-1
147692,Transportation,Payroll,Mueller PLC,441.57,2024-03-12,Rejected,False,-1
147825,Transportation,Payroll,"Graham, Gross and Mccarthy",498397.56,2025-03-13,Pending,False,-1
148099,Education,Payroll,"Erickson, Jones and Smith",2371.21,2024-08-23,Approved,False,-1
148241,Transportation,Payroll,Navarro-Murphy,1051.72,2025-08-10,Rejected,False,-1
148303,Education,Inspection,Bell-Arnold,499630.66,2024-03-08,Approved,False,-1
148331,Health,Inspection,"Alvarez, Lee and Orozco",2665.19,2025-06-20,Approved,False,-1
148334,Education,Procurement,Beck-Howard,498228.62,2024-06-02,Rejected,False,-1
148610,Defense,Payroll,Hammond Inc,499229.44,2025-05-11,Rejected,False,-1
148693,Defense,Procurement,Johnson Inc,1382.38,2026-01-06,Pending,False,-1
148768,Health,Procurement,Heath LLC,499384.94,2024-07-26,Rejected,False,-1
148868,Education,Inspection,"Wilson, Oneal and Hughes",1780.95,2025-10-07,Pending,False,-1
148937,Education,Procurement,Sanders Group,1346.72,2025-12-30,Rejected,False,-1
148938,Health,Inspection,"Williams, Nunez and Ramos",498572.86,2025-07-23,Approved,False,-1
148950,Defense,Procurement,Burnett-Medina,2669.44,2024-05-03,Pending,False,-1
149009,Transportation,Inspection,Montoya-Jensen,498293.23,2026-02-06,Pending,False,-1
149114,Education,Inspection,Mitchell-Castillo,2864.22,2026-01-01,Approved,False,-1
149199,Education,Procurement,"Mclaughlin, Oconnor and White",2813.38,2025-03-19,Approved,False,-1
149217,Education,Inspection,Gonzales-Mclaughlin,992.62,2025-06-14,Rejected,False,-1
149233,Transportation,Benefits,Snow-White,498744.45,2024-05-15,Pending,False,-1
149384,Defense,Payroll,"Johnson, Daniel and Myers",499008.91,2025-11-05,Approved,False,-1
149409,Health,Inspection,"Petersen, Lopez and Park",2106.86,2024-02-09,Approved,False,-1
149529,Education,Procurement,Bradley PLC,498264.97,2024-08-06,Rejected,False,-1
149740,Defense,Inspection,"Smith, Johnson and Bell",499532.12,2025-11-18,Pending,False,-1
149868,Defense,Inspection,Archer-Tran,1786.25,2024-12-17,Pending,False,-1
149953,Health,Payroll,Webster LLC,2470.95,2025-12-02,Approved,False,-1
149998,Defense,Procurement,Lucas and Sons,2861.06,2025-06-03,Rejected,False,-1
150023,Health,Inspection,Hardy and Sons,1229.45,2025-03-18,Pending,False,-1
150122,Transportation,Procurement,Hinton-Flores,1260.91,2025-11-21,Pending,False,-1
150195,Defense,Procurement,"Nichols, Martin and Owens",499849.34,2024-03-30,Rejected,False,-1
150227,Health,Inspection,Alvarez PLC,498393.49,2025-11-12,Rejected,False,-1
150231,Education,Benefits,Simpson PLC,498472.75,2025-04-24,Rejected,False,-1
150314,Education,Payroll,"Ewing, Love and Howe",1507.7,2025-09-29,Approved,False,-1
150405,Transportation,Benefits,Morales Inc,499951.08,2025-06-24,Rejected,False,-1
150431,Health,Payroll,Wilson-Golden,2245.3,2024-07-22,Pending,False,-1
150513,Transportation,Inspection,"Terry, Decker and Sullivan",499511.51,2024-06-07,Rejected,False,-1
150712,Transportation,Inspection,"Dunn, Webster and Mayo",498474.02,2025-06-06,Pending,False,-1
150924,Transportation,Benefits,Owens Group,498561.19,2025-12-24,Pending,False,-1
150934,Defense,Payroll,Young LLC,2156.96,2025-07-06,Approved,False,-1
151317,Health,Inspection,"Chen, Hudson and Kelly",499590.46,2025-07-30,Pending,False,-1
151344,Defense,Payroll,"Horton, Martin and Baldwin",1976.11,2025-08-23,Rejected,False,-1
151487,Defense,Procurement,Johnson LLC,499222.54,2024-11-01,Approved,False,-1
151729,Defense,Payroll,Simmons and Sons,1481.45,2025-06-08,Rejected,False,-1
151822,Transportation,Benefits,"Roach, Medina and Morgan",848.44,2025-02-21,Pending,False,-1
151931,Health,Benefits,"Johnson, Johnson and Mcdowell",337.58,2024-12-30,Pending,False,-1
151989,Transportation,Payroll,Hall-Gilbert,658.03,2024-07-27,Approved,False,-1
152128,Health,Payroll,Alexander and Sons,498498.24,2024-04-24,Rejected,False,-1
152133,Defense,Procurement,Hoffman PLC,1317.48,2025-11-26,Pending,False,-1
152239,Health,Benefits,"Gregory, Shelton and Jones",498526.25,2025-11-25,Approved,False,-1
152285,Health,Inspection,"Alvarez, Lee and Conway",2801.86,2025-09-30,Rejected,False,-1
152333,Health,Benefits,Young LLC,499122.16,2024-05-05,Rejected,False,-1
152367,Education,Benefits,Wheeler LLC,2546.01,2025-05-15,Pending,False,-1
152447,Health,Inspection,"Farley, Johnson and Garcia",1993.14,2024-05-15,Approved,False,-1
152495,Health,Payroll,"Rodriguez, Gutierrez and Malone",707.01,2025-01-01,Pending,False,-1
152630,Education,Benefits,"Page, Castillo and Cole",798.67,2025-08-04,Rejected,False,-1
152855,Defense,Inspection,Johnson LLC,499215.32,2026-01-24,Rejected,False,-1
152859,Defense,Procurement,Joseph Group,2691.85,2024-09-04,Approved,False,-1
152872,Education,Benefits,Russo-Baker,726.42,2025-05-07,Rejected,False,-1
152977,Health,Payroll,Green Group,1428.57,2026-02-01,Pending,False,-1
153003,Health,Benefits,Oliver-Russell,499569.22,2024-04-30,Rejected,False,-1
153099,Defense,Inspection,Dillon-Hess,2009.53,2025-01-29,Approved,False,-1
153140,Health,Payroll,Stewart Inc,498371.33,2025-12-24,Approved,False,-1
153369,Health,Inspection,Sullivan-Walters,2280.17,2025-03-16,Approved,False,-1
153669,Transportation,Payroll,Davis-Henderson,1447.88,2025-10-30,Rejected,False,-1
153672,Education,Payroll,Hanna PLC,499908.06,2024-04-14,Approved,False,-1
153791,Defense,Procurement,Haney-Tyler,499366.16,2024-03-26,Approved,False,-1
153947,Education,Procurement,Gonzalez-Hull,3022.62,2025-11-03,Approved,False,-1
154088,Defense,Payroll,Webster-Rodriguez,2255.99,2024-10-26,Rejected,False,-1
154239,Education,Payroll,Sparks-Martin,498403.61,2025-05-29,Pending,False,-1
154372,Transportation,Inspection,Hatfield-Butler,498858.74,2024-03-27,Pending,False,-1
154443,Education,Benefits,Rivera-Greer,498105.69,2026-01-17,Approved,False,-1
154463,Defense,Benefits,Beltran-Sherman,498221.07,2026-02-03,Approved,False,-1
154487,Transportation,Inspection,Gonzalez and Sons,2582.87,2025-07-14,Pending,False,-1
154507,Transportation,Inspection,"Williams, Harris and Davis",2335.84,2025-05-25,Pending,False,-1
154552,Education,Benefits,Watson and Sons,499773.62,2024-02-21,Rejected,False,-1
154577,Health,Benefits,Peterson-Kirk,2713.29,2025-05-14,Approved,False,-1
154634,Transportation,Benefits,"Lopez, Kane and James",1679.73,2025-05-12,Approved,False,-1
154722,Defense,Payroll,"Mendoza, Brown and Vance",498836.93,2025-01-24,Rejected,False,-1
154919,Defense,Inspection,Walker-Jones,499342.56,2024-06-13,Rejected,False,-1
155137,Transportation,Inspection,"Stafford, Mitchell and Coleman",2454.14,2024-08-06,Rejected,False,-1
155157,Health,Payroll,Taylor-Matthews,1495.49,2025-07-09,Rejected,False,-1
155335,Defense,Payroll,"Sweeney, Suarez and Ellis",498244.93,2025-09-06,Approved,False,-1
155421,Transportation,Benefits,Miller PLC,498702.77,2025-02-21,Rejected,False,-1
155445,Defense,Inspection,"Osborn, Davis and Stone",497892.52,2024-09-06,Pending,False,-1
155557,Health,Payroll,Robles Ltd,498425.32,2024-06-25,Pending,False,-1
155617,Education,Procurement,Gonzalez-Bell,2416.72,2025-09-25,Pending,False,-1
155707,Education,Procurement,Francis and Sons,1727.77,2025-07-24,Pending,False,-1
155934,Health,Procurement,Mccall and Sons,498922.9,2025-04-28,Rejected,False,-1
156000,Defense,Benefits,"Davenport, Graham and Adams",499361.49,2025-07-12,Rejected,False,-1
156009,Health,Benefits,Brown-Boone,498040.03,2025-03-25,Pending,False,-1
156018,Transportation,Procurement,"Ray, Webb and Alvarez",499375.72,2025-07-17,Approved,False,-1
156110,Education,Procurement,Gray and Sons,499807.21,2025-08-02,Pending,False,-1
156340,Health,Benefits,Jones-Lucas,2385.09,2025-02-22,Pending,False,-1
156453,Health,Inspection,Carter and Sons,498701.57,2024-03-06,Rejected,False,-1
156551,Education,Payroll,Marshall and Sons,1765.34,2025-07-06,Pending,False,-1
156608,Transportation,Benefits,Peters Ltd,498541.52,2025-04-10,Pending,False,-1
156649,Education,Inspection,Powell PLC,2283.44,2024-03-06,Approved,False,-1
156756,Education,Benefits,Gilmore-Valentine,1510.31,2024-07-30,Approved,False,-1
156767,Education,Procurement,Howard-Taylor,1224.57,2024-09-30,Rejected,False,-1
156830,Education,Payroll,Allen LLC,499327.13,2025-01-04,Approved,False,-1
156835,Defense,Inspection,Quinn and Sons,1681.77,2025-03-11,Pending,False,-1
156882,Transportation,Inspection,Barr and Sons,1723.8,2024-04-28,Rejected,False,-1
157233,Defense,Procurement,Johnson LLC,449.26,2025-07-07,Approved,False,-1
157267,Transportation,Procurement,"Ramsey, Chandler and Simmons",2638.98,2025-08-29,Approved,False,-1
157272,Transportation,Payroll,Reese PLC,2492.47,2025-06-16,Approved,False,-1
157325,Education,Procurement,Banks-Young,249.46,2025-09-05,Approved,False,-1
157556,Health,Procurement,"Figueroa, Wagner and Barrera",2165.05,2024-07-03,Rejected,False,-1
157562,Health,Procurement,"Rodgers, Kelly and Young",498977.4,2024-05-20,Pending,False,-1
157637,Education,Payroll,Dixon-Johnson,2159.91,2025-01-26,Pending,False,-1
157651,Education,Benefits,Manning-Lee,2472.5,2025-04-19,Approved,False,-1
157665,Defense,Inspection,Fuller-Lyons,2707.62,2025-10-09,Pending,False,-1
157838,Health,Procurement,Evans Group,499830.76,2025-05-14,Pending,False,-1
157861,Defense,Procurement,"York, Jones and Brown",2839.26,2024-03-10,Rejected,False,-1
158019,Defense,Benefits,Vargas Inc,1753.98,2025-07-01,Pending,False,-1
158081,Education,Payroll,"Peters, Mathews and Smith",498229.03,2025-04-19,Approved,False,-1
158291,Health,Procurement,"Carlson, Robinson and Tapia",499782.01,2024-11-07,Approved,False,-1
158414,Health,Procurement,Smith LLC,556.89,2025-10-03,Pending,False,-1
158499,Education,Benefits,Fisher-Avila,2623.93,2026-01-22,Rejected,False,-1
158543,Health,Procurement,Hood Inc,498239.37,2025-03-07,Pending,False,-1
158828,Defense,Inspection,Cannon PLC,484.77,2025-01-13,Pending,False,-1
158863,Health,Benefits,"Jones, Cobb and Brown",2454.8,2025-05-29,Pending,False,-1
159006,Health,Benefits,Diaz-Welch,2089.36,2025-08-16,Approved,False,-1
159095,Education,Benefits,"Carter, Huynh and Herring",157.61,2024-12-26,Rejected,False,-1
159162,Defense,Benefits,Clark PLC,1090.14,2024-07-30,Approved,False,-1
159173,Education,Benefits,Haynes-Rogers,655.36,2025-03-08,Approved,False,-1
159465,Defense,Inspection,Rogers-Booker,2692.51,2026-01-10,Rejected,False,-1
159491,Transportation,Payroll,Bush Inc,499832.19,2025-03-10,Approved,False,-1
159711,Defense,Inspection,Kim LLC,2385.21,2025-12-22,Pending,False,-1
159717,Education,Inspection,Gomez-Lyons,499730.28,2025-03-25,Rejected,False,-1
159782,Transportation,Procurement,Kim-Smith,498549.28,2024-06-21,Pending,False,-1
159858,Transportation,Benefits,Brown PLC,1515.69,2024-05-15,Rejected,False,-1
159886,Education,Benefits,Martinez Group,498754.12,2025-12-28,Approved,False,-1
159930,Health,Benefits,Ryan-Harris,499675.0,2024-07-20,Pending,False,-1
160038,Education,Inspection,"Savage, Davis and Frederick",499185.96,2024-08-20,Pending,False,-1
160130,Education,Payroll,Cordova LLC,498985.25,2024-03-14,Rejected,False,-1
160491,Transportation,Procurement,"Nguyen, Fernandez and Shah",1775.88,2025-07-05,Pending,False,-1
160658,Defense,Benefits,"Calhoun, Best and Hodges",444.5,2025-11-24,Pending,False,-1
160684,Education,Payroll,Yu and Sons,825.39,2025-07-11,Approved,False,-1
160951,Education,Payroll,Stewart-Harris,498993.05,2024-02-22,Rejected,False,-1
161037,Health,Procurement,Green and Sons,102.31,2024-02-25,Rejected,False,-1
161103,Education,Inspection,Munoz-King,363.55,2025-09-29,Rejected,False,-1
161178,Defense,Benefits,"Smith, Willis and Williams",499769.27,2025-09-21,Rejected,False,-1
161198,Defense,Inspection,Flowers-Allen,499928.66,2024-05-23,Rejected,False,-1
161336,Health,Benefits,"Hardy, Moyer and Riley",1208.09,2025-06-05,Approved,False,-1
161356,Transportation,Benefits,"Hamilton, Jordan and Browning",1836.28,2025-11-16,Pending,False,-1
161429,Health,Procurement,Lowe Ltd,499204.74,2024-03-22,Pending,False,-1
161447,Transportation,Benefits,Stone and Sons,498565.81,2024-08-05,Rejected,False,-1
161583,Transportation,Procurement,"Williams, Christian and Bond",499612.71,2024-06-06,Rejected,False,-1
161901,Transportation,Procurement,"Miles, Young and Williams",1565.57,2024-08-21,Approved,False,-1
161964,Health,Procurement,"Simon, Bradley and Oliver",2103.03,2025-04-09,Approved,False,-1
162126,Defense,Payroll,Smith and Sons,499934.34,2025-05-12,Pending,False,-1
162231,Transportation,Payroll,"Mcguire, Arellano and Morgan",166.83,2024-07-14,Approved,False,-1
162311,Education,Benefits,Parker Ltd,498783.16,2025-05-26,Approved,False,-1
162368,Education,Procurement,"Marshall, Pierce and Rodriguez",1851.11,2025-01-24,Pending,False,-1
162439,Education,Payroll,"Williams, Wilson and Richards",1171.13,2025-01-04,Pending,False,-1
162522,Health,Inspection,Osborne-Hopkins,499158.41,2025-08-13,Pending,False,-1
162601,Defense,Procurement,Adams-Terrell,2011.55,2026-02-06,Rejected,False,-1
162713,Defense,Procurement,"Young, Sellers and Burke",1819.54,2025-09-02,Rejected,False,-1
162838,Transportation,Benefits,Humphrey LLC,499682.6,2025-10-19,Rejected,False,-1
162893,Health,Inspection,"Mcdonald, Lopez and King",2555.02,2024-12-03,Pending,False,-1
162933,Defense,Benefits,Torres Group,497896.15,2025-12-30,Pending,False,-1
163303,Education,Payroll,"Malone, Yoder and Mills",499857.12,2025-08-04,Rejected,False,-1
163351,Transportation,Inspection,Gregory-Barnett,499809.68,2025-03-06,Approved,False,-1
163387,Health,Procurement,Perez LLC,1958.33,2025-08-19,Approved,False,-1
163429,Education,Benefits,Freeman PLC,2737.21,2024-03-31,Rejected,False,-1
163447,Transportation,Payroll,Smith PLC,133.08,2024-10-18,Approved,False,-1
163449,Health,Inspection,Wheeler-Graham,2015.61,2025-12-10,Rejected,False,-1
163526,Defense,Procurement,Martinez-Powell,2409.45,2025-06-04,Rejected,False,-1
163819,Transportation,Payroll,Lewis-Hull,498531.59,2024-04-07,Rejected,False,-1
163880,Health,Benefits,Curtis-Gordon,303.72,2024-06-05,Pending,False,-1
163891,Transportation,Payroll,Benton LLC,1075.25,2024-08-11,Approved,False,-1
164014,Health,Benefits,Moore Inc,669.43,2025-10-23,Rejected,False,-1
164446,Defense,Benefits,Bates-Conner,1478.81,2025-02-03,Pending,False,-1
164504,Transportation,Inspection,Finley and Sons,499797.83,2025-04-23,Approved,False,-1
164588,Defense,Procurement,Webb Inc,498958.76,2026-01-05,Rejected,False,-1
164941,Defense,Payroll,"Potts, Adams and Norris",1480.3,2024-04-30,Pending,False,-1
164969,Education,Inspection,Duarte and Sons,499475.49,2024-03-03,Approved,False,-1
165083,Transportation,Payroll,Bates-Bradley,498398.7,2025-02-15,Pending,False,-1
165111,Defense,Payroll,Gregory Ltd,499536.96,2024-07-08,Rejected,False,-1
165271,Health,Benefits,Short Ltd,2973.41,2025-05-25,Pending,False,-1
165449,Defense,Procurement,Aguilar and Sons,690.87,2025-06-10,Pending,False,-1
165488,Transportation,Benefits,"Smith, Richards and Lucas",2458.01,2025-03-05,Approved,False,-1
165521,Health,Payroll,Cooper LLC,1001.34,2025-05-31,Rejected,False,-1
165604,Defense,Payroll,Curtis LLC,2472.93,2024-11-08,Approved,False,-1
165706,Defense,Benefits,Smith PLC,544.12,2024-10-31,Rejected,False,-1
165799,Defense,Payroll,"Hamilton, Barton and Swanson",621.24,2024-03-21,Approved,False,-1
165901,Transportation,Procurement,Miller-King,1195.38,2024-09-10,Rejected,False,-1
165992,Health,Benefits,Simmons Ltd,499257.55,2024-03-20,Pending,False,-1
166032,Health,Payroll,"Obrien, Willis and Martinez",1860.15,2024-02-20,Rejected,False,-1
166204,Health,Benefits,Roberts Group,499857.79,2025-03-22,Pending,False,-1
166319,Defense,Inspection,Robbins-Vaughan,498399.3,2024-09-25,Approved,False,-1
166414,Education,Procurement,Garcia-Jackson,2522.83,2025-10-10,Rejected,False,-1
166440,Education,Procurement,"Hubbard, Middleton and Martinez",119.0,2025-04-10,Pending,False,-1
166521,Defense,Benefits,Long Group,1140.48,2024-05-06,Approved,False,-1
166562,Education,Payroll,Bowers-Rodriguez,499683.98,2025-08-05,Pending,False,-1
166614,Health,Benefits,"James, Lopez and Stevens",498120.42,2025-08-11,Pending,False,-1
166642,Health,Procurement,Tucker and Sons,491.78,2026-01-26,Rejected,False,-1
166659,Education,Inspection,Leon-Mcgee,792.2,2025-07-04,Rejected,False,-1
166927,Defense,Benefits,"Serrano, Ramirez and Woods",498689.15,2025-05-13,Rejected,False,-1
166958,Transportation,Inspection,"Sanchez, Lopez and Yates",3003.07,2025-07-20,Rejected,False,-1
167369,Education,Procurement,Kramer-Dixon,2175.75,2024-04-14,Approved,False,-1
167381,Transportation,Procurement,Miller-Moore,498998.9,2025-08-30,Rejected,False,-1
167390,Education,Payroll,Clements and Sons,2186.9,2024-05-23,Pending,False,-1
167418,Health,Procurement,"Hill, Bell and White",520.56,2025-08-30,Rejected,False,-1
167421,Transportation,Inspection,Miller LLC,2905.9,2025-03-30,Rejected,False,-1
167613,Transportation,Procurement,Long-Miller,1997.0,2025-01-08,Pending,False,-1
167785,Education,Inspection,Austin Inc,498300.98,2025-05-29,Rejected,False,-1
168058,Health,Inspection,"Booker, Hull and Mckinney",498753.16,2025-09-09,Approved,False,-1
168104,Education,Payroll,York and Sons,1904.94,2024-03-14,Rejected,False,-1
168180,Transportation,Benefits,Weiss-Willis,1392.21,2025-06-27,Rejected,False,-1
168199,Transportation,Benefits,Wilson-Martin,499275.5,2024-10-31,Pending,False,-1
168209,Transportation,Procurement,"Kelley, Jimenez and Martinez",999.56,2025-04-27,Approved,False,-1
168236,Health,Payroll,Miller-Burton,1729.76,2025-05-16,Approved,False,-1
168239,Transportation,Procurement,Williams-Owens,1743.73,2025-10-26,Rejected,False,-1
168362,Defense,Payroll,Owens-Snyder,499575.15,2025-12-04,Approved,False,-1
168689,Transportation,Benefits,Torres-Vasquez,499982.49,2026-01-20,Pending,False,-1
168812,Defense,Inspection,Davis LLC,868.07,2025-04-29,Rejected,False,-1
168851,Transportation,Benefits,"Johnson, Tucker and Garrison",230.18,2025-07-13,Pending,False,-1
168980,Transportation,Procurement,Hanna-Thompson,243.69,2024-10-08,Pending,False,-1
169028,Transportation,Benefits,Davis LLC,973.73,2026-01-29,Rejected,False,-1
169242,Education,Procurement,Pham-Robertson,499430.03,2025-11-10,Rejected,False,-1
169249,Education,Payroll,Burns Group,1139.15,2024-05-16,Rejected,False,-1
169260,Education,Procurement,Walker-Cox,498061.69,2024-09-21,Pending,False,-1
169274,Defense,Payroll,Brennan and Sons,2807.98,2024-07-02,Pending,False,-1
169337,Defense,Payroll,"Durham, Burton and Hardy",2141.1,2024-03-10,Approved,False,-1
169685,Health,Inspection,"Gonzalez, Walters and Lucero",1446.25,2026-01-10,Pending,False,-1
169691,Education,Inspection,Holloway-Morrison,498960.44,2025-06-09,Pending,False,-1
169961,Transportation,Procurement,Webster Group,286.27,2025-04-17,Approved,False,-1
170041,Health,Payroll,"Crawford, James and Young",2312.33,2024-09-11,Pending,False,-1
170076,Defense,Benefits,Ryan-Green,1484.61,2025-01-09,Rejected,False,-1
170146,Health,Procurement,"Patel, Mora and James",499654.43,2026-01-23,Approved,False,-1
170807,Transportation,Procurement,"Ortega, Moreno and Carey",2739.77,2025-10-08,Pending,False,-1
171113,Education,Procurement,"Dominguez, Wilson and Ayala",194.72,2025-10-23,Approved,False,-1
171212,Health,Benefits,Mueller Inc,1568.34,2025-11-14,Approved,False,-1
171216,Transportation,Inspection,"Evans, Bernard and Adams",498497.54,2024-06-24,Approved,False,-1
171223,Transportation,Inspection,Parrish LLC,2022.34,2025-02-24,Rejected,False,-1
171271,Transportation,Procurement,Sawyer-Campbell,498661.79,2025-02-05,Pending,False,-1
171276,Defense,Procurement,Bailey PLC,498468.2,2025-08-22,Approved,False,-1
171326,Health,Benefits,"Green, Sanchez and Price",2049.37,2025-01-10,Pending,False,-1
171473,Education,Payroll,"Gross, Rivera and Mcneil",499792.14,2024-12-27,Pending,False,-1
171510,Transportation,Inspection,Chang-Parks,2474.92,2024-12-28,Pending,False,-1
171672,Education,Payroll,Knight and Sons,2305.53,2025-03-01,Approved,False,-1
171722,Defense,Payroll,"Thomas, Marks and Brock",497958.98,2025-04-30,Approved,False,-1
171956,Education,Procurement,Carrillo Ltd,158.36,2024-08-13,Pending,False,-1
171970,Health,Inspection,Lewis-Clark,1393.78,2024-09-03,Pending,False,-1
172008,Education,Procurement,Martin-Cardenas,1756.78,2024-08-02,Pending,False,-1
172022,Defense,Benefits,Dunn-Daniels,1457.0,2025-07-18,Rejected,False,-1
172083,Transportation,Procurement,Clay-Marquez,498229.84,2025-05-02,Pending,False,-1
172110,Health,Payroll,Solomon-Gibbs,498382.63,2025-07-18,Approved,False,-1
172117,Transportation,Inspection,Lewis Group,499099.26,2024-10-12,Pending,False,-1
172216,Health,Payroll,"Rice, Alexander and Jackson",244.59,2025-08-13,Rejected,False,-1
172252,Education,Payroll,Peterson-Kramer,1905.84,2024-03-20,Pending,False,-1
172491,Defense,Payroll,"Chapman, Jenkins and Taylor",1838.75,2024-10-08,Rejected,False,-1
172533,Transportation,Payroll,Lopez-Ryan,2240.7,2025-08-08,Rejected,False,-1
172723,Education,Procurement,"Smith, Escobar and Bennett",499973.88,2025-08-08,Approved,False,-1
172794,Health,Payroll,Little and Sons,1795.99,2026-01-16,Approved,False,-1
173307,Defense,Payroll,"Martinez, Wise and Gaines",352.15,2025-08-08,Rejected,False,-1
173724,Transportation,Payroll,"Bowman, Andrade and Franklin",2910.03,2024-09-23,Rejected,False,-1
173803,Transportation,Benefits,"Torres, Jimenez and Hicks",498536.27,2025-06-26,Approved,False,-1
173855,Transportation,Inspection,Cabrera-Scott,356.84,2024-08-27,Approved,False,-1
173875,Defense,Payroll,"Taylor, Conley and Fischer",897.53,2025-07-17,Approved,False,-1
173893,Transportation,Payroll,"Huffman, Flowers and Ballard",2595.68,2024-08-11,Pending,False,-1
174260,Health,Inspection,Romero-Oconnell,498277.13,2025-04-30,Approved,False,-1
174273,Education,Benefits,"Ramos, Mcconnell and Jones",1662.34,2024-04-13,Pending,False,-1
174446,Transportation,Payroll,"Brown, Byrd and Rodriguez",2962.58,2024-04-13,Pending,False,-1
174462,Health,Payroll,Horn-Burton,498552.25,2025-07-05,Pending,False,-1
174487,Education,Procurement,"Powell, Downs and Brown",557.77,2024-09-05,Rejected,False,-1
174570,Education,Payroll,Schultz-Harper,498371.49,2025-10-10,Pending,False,-1
174622,Health,Benefits,"Lutz, Martinez and Cummings",2730.83,2025-11-06,Rejected,False,-1
174763,Education,Inspection,"Harris, Thomas and Jacobs",498392.32,2024-02-13,Approved,False,-1
174767,Defense,Procurement,"Hernandez, Sloan and Cisneros",376.12,2025-01-09,Approved,False,-1
175055,Education,Inspection,Marshall-Meza,499921.52,2024-05-16,Rejected,False,-1
175060,Transportation,Inspection,Carey-Garcia,1633.52,2025-07-21,Rejected,False,-1
175065,Defense,Procurement,"Clements, Wilson and Shaffer",2348.63,2025-09-04,Approved,False,-1
175083,Transportation,Inspection,King-Davis,498139.06,2025-09-16,Approved,False,-1
175178,Education,Payroll,Cooper PLC,2490.73,2025-01-16,Approved,False,-1
175331,Health,Benefits,Abbott-King,498534.81,2024-02-22,Pending,False,-1
175400,Transportation,Inspection,Rodriguez Ltd,2170.3,2025-05-19,Approved,False,-1
175479,Education,Payroll,"Williams, Mccormick and Martinez",2417.4,2024-03-15,Approved,False,-1
175589,Health,Benefits,"Hunt, Watson and Alexander",499649.63,2025-01-06,Approved,False,-1
175590,Education,Benefits,"Reyes, Henson and Lucero",1957.25,2024-06-11,Approved,False,-1
175676,Defense,Benefits,Cunningham-Hernandez,498349.57,2025-01-18,Rejected,False,-1
175801,Education,Procurement,"Wells, Mayo and Pennington",2167.71,2024-06-25,Approved,False,-1
175825,Health,Inspection,Steele-Davis,1110.97,2025-05-09,Pending,False,-1
175830,Transportation,Inspection,Campos-Scott,2624.85,2024-09-16,Approved,False,-1
176009,Education,Inspection,"Chen, Ward and Carpenter",498381.24,2024-03-13,Approved,False,-1
176034,Defense,Procurement,"Wood, Stewart and Price",449.74,2024-02-25,Approved,False,-1
176041,Education,Procurement,Rodriguez-Turner,237.44,2025-07-05,Pending,False,-1
176146,Transportation,Procurement,Roth-Lewis,2668.78,2025-08-11,Rejected,False,-1
176165,Transportation,Payroll,Russell-Gordon,498514.16,2024-09-16,Approved,False,-1
176268,Defense,Inspection,"Calderon, Bender and Kane",499945.81,2024-12-02,Rejected,False,-1
176273,Transportation,Payroll,"Dennis, Ramos and Jackson",962.66,2025-03-29,Pending,False,-1
176355,Defense,Payroll,Franco-Kennedy,499811.74,2024-05-10,Pending,False,-1
176390,Education,Procurement,Harvey-Mccoy,1730.45,2024-05-16,Pending,False,-1
176426,Transportation,Payroll,Craig Ltd,522.07,2024-02-15,Rejected,False,-1
176439,Defense,Inspection,Bentley-Nelson,1790.49,2025-10-30,Approved,False,-1
176523,Health,Procurement,Flores-Cox,498834.33,2024-09-01,Approved,False,-1
176798,Defense,Procurement,Short PLC,802.24,2024-06-12,Rejected,False,-1
176804,Transportation,Payroll,"Jarvis, Munoz and Meadows",498604.11,2025-10-08,Rejected,False,-1
176893,Education,Procurement,Burch-Kelly,733.02,2026-01-09,Rejected,False,-1
176923,Health,Inspection,Johnson-Miller,499667.67,2025-05-09,Rejected,False,-1
176967,Education,Inspection,"Johnson, Dominguez and Smith",2429.77,2025-01-17,Rejected,False,-1
177067,Education,Payroll,"Gillespie, Thomas and Cooper",498777.23,2026-02-02,Rejected,False,-1
177080,Education,Benefits,Taylor and Sons,498896.66,2024-04-13,Rejected,False,-1
177119,Health,Procurement,Bell-Avery,498839.42,2025-09-10,Pending,False,-1
177152,Health,Payroll,Coleman and Sons,499277.91,2024-03-01,Pending,False,-1
177186,Health,Benefits,"Nelson, Taylor and Mcclain",498537.43,2025-12-29,Rejected,False,-1
177395,Education,Payroll,"Jordan, Ramos and Benson",499506.67,2025-08-22,Pending,False,-1
177416,Defense,Procurement,Alvarez-Harris,2668.54,2025-07-15,Pending,False,-1
177607,Education,Payroll,"Flores, Gonzalez and Colon",2461.43,2025-07-03,Approved,False,-1
177634,Health,Benefits,Roberts-Miller,499485.96,2024-09-25,Pending,False,-1
177828,Defense,Benefits,Vasquez-Vega,601.68,2025-06-23,Pending,False,-1
177955,Education,Benefits,Brown Inc,2535.21,2024-03-13,Approved,False,-1
177961,Transportation,Procurement,White LLC,1735.74,2025-07-06,Approved,False,-1
178132,Health,Benefits,"Caldwell, Wiley and Wade",3036.03,2024-11-11,Pending,False,-1
178261,Health,Payroll,Leon-Gutierrez,499302.63,2025-04-24,Rejected,False,-1
178317,Education,Inspection,"Neal, Richardson and Lee",1536.7,2024-07-21,Approved,False,-1
178523,Health,Benefits,Miller LLC,872.7,2024-05-26,Pending,False,-1
178791,Education,Procurement,Wu-Jordan,1098.03,2024-04-03,Pending,False,-1
178868,Health,Payroll,Martinez Inc,499557.8,2025-07-06,Approved,False,-1
178988,Health,Benefits,Brown Group,937.95,2024-04-11,Pending,False,-1
179007,Health,Inspection,Jones-Wood,499511.43,2025-03-09,Rejected,False,-1
179120,Defense,Inspection,Young-Kidd,1724.87,2024-08-03,Pending,False,-1
179226,Transportation,Benefits,Flores Ltd,1184.7,2025-11-27,Rejected,False,-1
179279,Health,Inspection,"White, Duran and Patterson",270.31,2024-08-11,Rejected,False,-1
179283,Defense,Inspection,Stevens-Hale,498460.55,2026-02-02,Approved,False,-1
179311,Health,Benefits,Wilkins-Flores,2607.14,2024-04-24,Rejected,False,-1
179330,Transportation,Inspection,Clark-Grant,499426.94,2026-02-04,Approved,False,-1
179488,Defense,Benefits,Higgins-Webb,499175.15,2024-06-30,Approved,False,-1
179635,Education,Benefits,Williams-Steele,396.26,2024-12-01,Approved,False,-1
179679,Transportation,Benefits,Reed-Washington,499011.23,2024-11-29,Approved,False,-1
179714,Transportation,Payroll,"Martin, Matthews and Wright",498194.66,2025-07-29,Approved,False,-1
179724,Transportation,Benefits,Roberts Ltd,499268.39,2025-08-19,Pending,False,-1
179730,Defense,Inspection,"Stone, Wallace and Mcdonald",2408.63,2025-12-30,Approved,False,-1
179859,Health,Benefits,Miller-Coleman,2007.99,2025-05-02,Approved,False,-1
180014,Health,Benefits,Anderson Group,498228.8,2025-09-04,Rejected,False,-1
180089,Defense,Inspection,"Velazquez, Lin and Evans",2419.33,2025-12-27,Rejected,False,-1
180220,Defense,Benefits,Russell PLC,499290.93,2025-11-21,Approved,False,-1
180305,Defense,Inspection,Wilson PLC,1050.4,2024-08-19,Approved,False,-1
180593,Health,Inspection,Romero-Larson,499537.48,2026-01-03,Approved,False,-1
180765,Transportation,Inspection,"Fisher, Garrett and Oconnor",498367.77,2024-11-03,Rejected,False,-1
180791,Health,Procurement,Grant-Clarke,499201.96,2025-02-28,Rejected,False,-1
180844,Defense,Benefits,Huang-Jones,499785.23,2024-04-25,Approved,False,-1
180874,Education,Inspection,"Ross, Williams and Dyer",499337.11,2026-01-17,Pending,False,-1
180911,Defense,Inspection,Collins-Stevenson,498405.45,2026-02-06,Rejected,False,-1
181025,Education,Benefits,"Johnson, Smith and Williams",1281.89,2025-03-16,Approved,False,-1
181042,Defense,Benefits,Byrd Inc,497886.32,2025-10-03,Pending,False,-1
181050,Education,Inspection,Winters Group,284.48,2024-06-12,Approved,False,-1
181228,Education,Benefits,Simpson PLC,1635.68,2026-01-30,Pending,False,-1
181230,Defense,Procurement,Neal-Velasquez,498990.62,2024-02-11,Pending,False,-1
181290,Health,Payroll,Flores-Russell,1903.92,2025-04-04,Rejected,False,-1
181323,Transportation,Payroll,Wall PLC,2738.93,2024-03-06,Approved,False,-1
181343,Transportation,Benefits,Deleon and Sons,1675.94,2024-04-28,Approved,False,-1
181391,Education,Payroll,Brown-Drake,2370.46,2024-11-29,Pending,False,-1
181421,Transportation,Benefits,Davis-Lutz,498235.72,2025-05-23,Approved,False,-1
181523,Defense,Procurement,Hall PLC,564.31,2025-03-15,Rejected,False,-1
181610,Defense,Payroll,"Clay, Myers and Douglas",498450.01,2024-11-03,Approved,False,-1
181643,Health,Benefits,"Black, Montoya and Turner",499299.61,2024-11-19,Pending,False,-1
181722,Transportation,Payroll,Cox Ltd,3138.57,2024-04-18,Rejected,False,-1
181948,Health,Inspection,Ryan-Willis,2855.91,2024-02-19,Rejected,False,-1
181966,Defense,Procurement,"Brown, Patel and Young",2837.79,2024-12-05,Rejected,False,-1
181996,Transportation,Payroll,"Maxwell, Miller and King",498474.91,2025-11-28,Approved,False,-1
182131,Health,Procurement,Patel Ltd,199.96,2025-08-01,Rejected,False,-1
182213,Transportation,Inspection,"Walker, Martinez and Suarez",2801.95,2024-06-11,Rejected,False,-1
182233,Transportation,Procurement,Carter-Snyder,497883.68,2025-01-30,Rejected,False,-1
182419,Defense,Benefits,Torres Inc,498575.05,2024-12-01,Pending,False,-1
182436,Transportation,Procurement,"Cortez, Weber and Mahoney",207.85,2024-03-26,Approved,False,-1
182498,Education,Inspection,Acevedo-Williams,499577.64,2025-06-20,Approved,False,-1
182509,Health,Inspection,"Williams, Johnson and Jackson",921.32,2024-04-15,Approved,False,-1
182516,Health,Payroll,"Erickson, Reid and Young",601.33,2025-08-21,Rejected,False,-1
182706,Defense,Inspection,Webb PLC,498410.8,2025-05-15,Pending,False,-1
182896,Health,Benefits,Day-Gonzalez,499066.15,2025-12-30,Rejected,False,-1
182998,Health,Payroll,Jenkins-Jones,491.66,2025-07-18,Approved,False,-1
183095,Health,Benefits,Gill PLC,498552.0,2026-01-29,Pending,False,-1
183147,Defense,Inspection,Martin-Wolfe,2886.94,2025-08-24,Rejected,False,-1
183340,Education,Payroll,"Rodriguez, Bright and Harmon",1544.97,2025-11-25,Pending,False,-1
183402,Defense,Inspection,"Hampton, Wells and Willis",1596.11,2024-07-19,Pending,False,-1
183446,Education,Payroll,Collins-Sanchez,498763.22,2025-10-18,Approved,False,-1
183482,Health,Benefits,Steele PLC,413.86,2025-11-16,Approved,False,-1
183544,Transportation,Payroll,"Smith, Singh and Mooney",1319.0,2025-03-15,Pending,False,-1
183573,Transportation,Procurement,Jones Group,2014.77,2024-03-02,Approved,False,-1
183715,Transportation,Benefits,Bennett-Hill,499571.83,2026-02-07,Rejected,False,-1
183754,Health,Payroll,"Barton, Hardin and Spence",1347.27,2025-03-02,Rejected,False,-1
183876,Education,Inspection,"Davies, Phillips and Jackson",499275.02,2024-12-24,Rejected,False,-1
183886,Education,Procurement,"Garcia, Burke and Mcmahon",499131.75,2024-12-01,Rejected,False,-1
183970,Transportation,Benefits,"Hill, Rios and Massey",499928.96,2025-01-11,Pending,False,-1
184035,Health,Inspection,Roberts PLC,498657.64,2025-01-01,Approved,False,-1
184140,Defense,Inspection,Wise-Ward,1692.65,2025-10-25,Rejected,False,-1
184156,Defense,Payroll,Kerr PLC,743.35,2025-12-07,Approved,False,-1
184215,Health,Procurement,"Williams, Young and Morales",499708.56,2025-01-05,Rejected,False,-1
184304,Defense,Procurement,"Davidson, Jones and Adams",2785.92,2024-07-19,Pending,False,-1
184305,Transportation,Inspection,"Acevedo, Rangel and Hall",677.12,2025-07-11,Rejected,False,-1
184311,Health,Procurement,Hunt LLC,498315.82,2025-12-08,Rejected,False,-1
184397,Education,Benefits,"Banks, Kramer and Kelley",499235.89,2025-10-28,Approved,False,-1
184512,Transportation,Inspection,Pena LLC,499947.18,2025-01-03,Pending,False,-1
184525,Education,Inspection,Kennedy-Torres,499716.42,2025-08-05,Approved,False,-1
184561,Education,Payroll,Smith Inc,2986.43,2024-04-23,Rejected,False,-1
184680,Transportation,Procurement,Reid PLC,499185.21,2025-07-25,Pending,False,-1
184879,Defense,Procurement,"Anderson, Barrett and Middleton",498084.72,2026-02-07,Pending,False,-1
184949,Health,Payroll,Tyler LLC,499700.2,2025-04-05,Rejected,False,-1
185026,Transportation,Procurement,"Robertson, Harvey and Moore",498765.39,2024-12-22,Pending,False,-1
185121,Health,Inspection,"Gibson, Rodriguez and Moreno",499633.58,2025-08-09,Rejected,False,-1
185198,Transportation,Inspection,Turner LLC,498111.66,2024-03-29,Approved,False,-1
185464,Education,Benefits,Bryan Group,1850.79,2025-02-09,Approved,False,-1
185567,Health,Payroll,Adkins-Baker,498880.18,2025-02-25,Rejected,False,-1
185611,Defense,Payroll,Anderson-Gillespie,498259.8,2026-01-16,Rejected,False,-1
185620,Health,Benefits,Peck Inc,499447.78,2024-10-04,Rejected,False,-1
185929,Health,Inspection,Kim Inc,499346.52,2024-07-15,Approved,False,-1
185933,Defense,Procurement,Reid Inc,499830.12,2025-10-15,Pending,False,-1
185972,Health,Benefits,"Price, Young and Kramer",499334.49,2025-03-20,Approved,False,-1
186094,Transportation,Procurement,Robinson Ltd,1244.09,2025-08-08,Pending,False,-1
186149,Education,Procurement,Sutton Group,2269.48,2024-06-10,Rejected,False,-1
186209,Health,Procurement,Johnson-Smith,2517.31,2026-02-07,Rejected,False,-1
186217,Health,Procurement,"Brown, Smith and Mccoy",1429.48,2024-08-14,Rejected,False,-1
186348,Education,Inspection,"Alvarado, Morse and Anderson",2155.02,2024-10-02,Pending,False,-1
186367,Defense,Benefits,Navarro LLC,2126.65,2025-09-18,Rejected,False,-1
186396,Education,Benefits,Fuentes PLC,1314.33,2025-12-25,Rejected,False,-1
186566,Transportation,Procurement,Foster Inc,499934.84,2025-12-06,Pending,False,-1
186595,Defense,Procurement,Mcgrath-Odom,499167.69,2024-09-02,Pending,False,-1
186675,Transportation,Payroll,"Kirk, Turner and Underwood",160.7,2024-07-08,Pending,False,-1
186730,Transportation,Benefits,Ruiz PLC,2934.94,2026-02-04,Rejected,False,-1
186733,Defense,Payroll,Taylor-Sanchez,339.53,2025-07-27,Pending,False,-1
186767,Education,Procurement,Huynh PLC,499845.69,2024-06-08,Rejected,False,-1
186963,Education,Payroll,"Wilson, Rivera and Jackson",498372.72,2024-09-25,Approved,False,-1
187047,Transportation,Payroll,Mora-Tyler,499386.56,2024-11-14,Rejected,False,-1
187078,Defense,Procurement,Gonzalez-Barrera,584.08,2026-01-05,Approved,False,-1
187122,Education,Benefits,Turner-Morris,499929.7,2025-01-25,Pending,False,-1
187456,Defense,Inspection,Henderson-Welch,427.22,2024-12-20,Rejected,False,-1
187795,Health,Inspection,Fuller and Sons,2484.52,2024-02-28,Rejected,False,-1
187801,Transportation,Payroll,Coleman-Curtis,499069.27,2025-10-13,Approved,False,-1
187867,Education,Benefits,Dawson-Rhodes,497959.11,2024-02-09,Approved,False,-1
187995,Transportation,Benefits,"Harrison, Smith and Scott",2485.13,2025-10-01,Pending,False,-1
188037,Education,Procurement,Kline-Lindsey,498804.57,2024-04-07,Pending,False,-1
188062,Education,Inspection,"Morgan, Mcknight and Howell",499469.91,2025-10-30,Rejected,False,-1
188129,Education,Inspection,"Evans, Morris and Atkins",485.91,2024-07-04,Approved,False,-1
188349,Health,Inspection,Hoffman-Bates,1400.87,2025-01-26,Approved,False,-1
188396,Health,Inspection,Jones and Sons,878.98,2025-08-30,Rejected,False,-1
188414,Health,Benefits,"Gray, Branch and Gonzalez",497965.73,2024-12-16,Rejected,False,-1
188466,Education,Procurement,"Mayer, Mckee and Gregory",499491.73,2025-02-02,Rejected,False,-1
188494,Transportation,Benefits,Hammond PLC,155.87,2025-03-24,Approved,False,-1
188664,Transportation,Benefits,"Hernandez, Miller and Osborn",499771.19,2025-01-21,Rejected,False,-1
188849,Defense,Procurement,Lowe Inc,499751.29,2025-06-09,Pending,False,-1
188856,Defense,Inspection,Hawkins Inc,499867.13,2025-03-16,Approved,False,-1
189012,Health,Benefits,Lopez-Parker,2259.67,2025-01-21,Approved,False,-1
189178,Transportation,Inspection,Duran-Love,712.43,2025-06-13,Approved,False,-1
189185,Defense,Payroll,Lowe Inc,2649.63,2026-01-02,Rejected,False,-1
189278,Transportation,Payroll,Johnson Group,1911.46,2024-05-04,Rejected,False,-1
189315,Transportation,Procurement,Powers-Meza,1116.15,2025-06-16,Pending,False,-1
189349,Health,Benefits,Walker-Oneal,2186.66,2024-06-18,Approved,False,-1
189462,Health,Benefits,Kim LLC,498416.7,2025-08-11,Approved,False,-1
189466,Health,Benefits,Perez-Cisneros,499460.58,2025-02-03,Rejected,False,-1
189640,Education,Benefits,Wright-Murphy,499150.92,2025-10-17,Approved,False,-1
189685,Defense,Benefits,Ferguson-Miller,2347.39,2024-08-11,Pending,False,-1
190088,Education,Inspection,"Miller, Kidd and Alexander",1271.33,2025-11-13,Approved,False,-1
190101,Education,Inspection,Jackson and Sons,1686.45,2024-12-04,Rejected,False,-1
190187,Health,Procurement,Chang Group,498808.1,2024-02-21,Approved,False,-1
190197,Transportation,Inspection,Wong and Sons,1783.59,2024-07-06,Rejected,False,-1
190254,Transportation,Payroll,Moore-Joseph,1119.18,2025-04-29,Pending,False,-1
190258,Defense,Payroll,Davis LLC,1862.8,2024-11-23,Approved,False,-1
190268,Education,Procurement,Adams-Acevedo,332.86,2024-12-28,Rejected,False,-1
190334,Transportation,Payroll,"Atkins, Massey and Miller",498573.4,2024-04-19,Approved,False,-1
190577,Health,Benefits,Kim-Quinn,2851.48,2024-02-14,Approved,False,-1
190633,Defense,Payroll,Lambert PLC,498201.54,2026-01-07,Pending,False,-1
190635,Transportation,Benefits,Clark-Woods,193.83,2024-09-03,Rejected,False,-1
190990,Defense,Benefits,"Brooks, Hogan and Moore",499029.82,2025-10-15,Rejected,False,-1
191108,Defense,Inspection,Berry Ltd,529.76,2025-08-07,Rejected,False,-1
191372,Defense,Procurement,Johnson LLC,498061.92,2024-03-19,Pending,False,-1
191715,Transportation,Benefits,Castillo-Benton,2988.14,2024-08-07,Approved,False,-1
191757,Transportation,Procurement,Sims Ltd,219.54,2024-05-13,Rejected,False,-1
191796,Education,Procurement,Wilson-Gomez,515.79,2025-03-27,Approved,False,-1
191935,Education,Benefits,"Morales, White and Kelly",498472.57,2024-03-29,Approved,False,-1
192139,Health,Benefits,"Barnett, Carter and Blake",1442.4,2025-12-07,Approved,False,-1
192353,Health,Benefits,Franklin-Daniels,774.11,2025-04-29,Rejected,False,-1
192392,Education,Inspection,Williamson-Scott,499063.09,2025-09-12,Pending,False,-1
192451,Defense,Payroll,Miller-Salazar,831.12,2024-08-24,Approved,False,-1
192778,Transportation,Procurement,"Garcia, Harvey and Arnold",498231.69,2025-10-03,Approved,False,-1
193129,Transportation,Payroll,"Williams, Jackson and Burton",1331.18,2025-08-14,Pending,False,-1
193131,Education,Payroll,Valenzuela Group,355.4,2024-06-16,Pending,False,-1
193136,Health,Inspection,Harvey-Powell,498032.78,2025-04-16,Rejected,False,-1
193344,Education,Procurement,Thomas-Palmer,498931.13,2024-09-27,Approved,False,-1
193372,Health,Procurement,"Monroe, Kim and Poole",184.74,2025-03-29,Approved,False,-1
193395,Education,Benefits,Murray-Humphrey,499586.38,2025-07-13,Pending,False,-1
193901,Education,Procurement,Johnson-Garrison,2028.41,2024-12-24,Pending,False,-1
194070,Education,Inspection,"Grant, Manning and Lopez",499802.72,2025-10-18,Rejected,False,-1
194086,Health,Benefits,"Smith, Hubbard and Moore",705.16,2025-03-08,Rejected,False,-1
194307,Education,Benefits,"Medina, Johnson and Johnson",396.47,2025-03-17,Approved,False,-1
194369,Health,Benefits,Moss-Ayala,1371.22,2025-10-13,Rejected,False,-1
194402,Defense,Procurement,"Cox, Small and Lewis",2379.5,2025-03-07,Approved,False,-1
194497,Defense,Inspection,Schultz-Dominguez,499335.78,2025-08-12,Approved,False,-1
194602,Defense,Benefits,"Hanson, Butler and Stanley",498201.09,2025-09-22,Approved,False,-1
194685,Education,Procurement,Johnson-Douglas,2672.1,2026-01-29,Approved,False,-1
194862,Health,Payroll,Coleman Group,498092.46,2025-11-28,Pending,False,-1
194879,Transportation,Inspection,Buck LLC,499281.11,2024-10-30,Pending,False,-1
194887,Defense,Payroll,"Carter, Davis and Rogers",2167.31,2025-06-27,Pending,False,-1
194905,Defense,Payroll,Tate Ltd,764.08,2025-11-11,Approved,False,-1
195040,Transportation,Benefits,Hale-Hernandez,1271.01,2025-10-15,Approved,False,-1
195144,Defense,Benefits,Romero-Dorsey,905.23,2025-11-24,Rejected,False,-1
195150,Education,Inspection,"Oconnor, Allison and Trevino",2558.84,2025-11-20,Rejected,False,-1
195168,Health,Procurement,"Rodriguez, Hall and Hall",499965.43,2024-09-21,Rejected,False,-1
195185,Defense,Payroll,Smith Inc,499623.07,2025-09-06,Approved,False,-1
195538,Education,Inspection,Morales Group,498900.72,2024-05-17,Pending,False,-1
195638,Health,Inspection,"Moody, Mooney and Carroll",1368.59,2025-06-11,Approved,False,-1
195687,Defense,Benefits,French Group,798.19,2025-09-10,Approved,False,-1
195981,Education,Procurement,Williamson and Sons,1984.42,2025-04-27,Rejected,False,-1
196417,Education,Payroll,Collins and Sons,2018.53,2025-03-01,Approved,False,-1
196595,Health,Procurement,"Wood, Thomas and Johnston",414.76,2024-07-10,Pending,False,-1
196811,Defense,Payroll,Gonzalez PLC,511.65,2024-12-11,Rejected,False,-1
196824,Health,Procurement,James-Wyatt,813.5,2024-05-31,Rejected,False,-1
196836,Defense,Payroll,Howe-Ingram,498273.67,2024-11-08,Rejected,False,-1
196854,Defense,Inspection,Faulkner-Armstrong,2627.53,2025-03-29,Pending,False,-1
196947,Defense,Procurement,Robinson PLC,499980.37,2025-07-02,Rejected,False,-1
196970,Defense,Benefits,Murphy-Gregory,1657.17,2024-07-03,Rejected,False,-1
197141,Health,Inspection,Villanueva-Casey,1251.39,2025-04-28,Pending,False,-1
197338,Health,Benefits,Cherry-White,499021.82,2025-04-22,Rejected,False,-1
197457,Health,Procurement,Baker and Sons,1575.8,2024-04-18,Pending,False,-1
197496,Transportation,Benefits,"May, Anderson and Mejia",499659.04,2025-06-04,Approved,False,-1
197659,Education,Procurement,"Jenkins, Jackson and Ortiz",498837.2,2025-12-16,Rejected,False,-1
197725,Defense,Procurement,Anthony Ltd,499234.54,2024-05-26,Pending,False,-1
198014,Education,Payroll,"White, Young and Riley",2674.93,2025-09-28,Pending,False,-1
198033,Education,Payroll,Bishop-Clarke,2765.05,2024-09-03,Pending,False,-1
198047,Education,Procurement,Davis-Caldwell,1160.71,2024-06-14,Pending,False,-1
198122,Education,Benefits,"Huang, Evans and Carter",2700.32,2025-01-06,Pending,False,-1
198266,Education,Procurement,Gonzalez and Sons,499977.86,2025-06-23,Pending,False,-1
198305,Defense,Inspection,Burke Inc,498534.22,2024-11-02,Pending,False,-1
198380,Education,Inspection,Freeman-Howell,1382.89,2024-11-30,Pending,False,-1
198507,Transportation,Procurement,"Gallagher, Webb and Morton",1671.95,2024-10-22,Rejected,False,-1
198580,Transportation,Inspection,Harris Inc,1897.31,2024-10-01,Rejected,False,-1
198712,Education,Benefits,Morales Group,498200.02,2024-10-08,Rejected,False,-1
198747,Transportation,Payroll,Watson-Freeman,498110.1,2026-01-17,Pending,False,-1
199020,Education,Payroll,Jones-Lewis,1971.95,2024-06-14,Rejected,False,-1
199120,Health,Procurement,Massey-Smith,499552.74,2025-09-28,Rejected,False,-1
199180,Health,Benefits,Kim-Taylor,498229.11,2024-03-20,Pending,False,-1
199248,Health,Benefits,"Lee, Brown and Lewis",1183.55,2025-03-14,Pending,False,-1
199287,Health,Payroll,Frost Group,498978.44,2025-05-30,Pending,False,-1
199339,Health,Inspection,"Scott, Williams and Williams",1882.07,2025-01-10,Rejected,False,-1
199594,Health,Payroll,"Franklin, Dudley and Myers",844.53,2025-08-22,Pending,False,-1
199602,Education,Inspection,Thompson-Brown,499517.34,2024-11-27,Approved,False,-1
199962,Defense,Procurement,Ball Ltd,1273.1,2025-10-06,Approved,False,-1
199969,Defense,Inspection,Wilson-Phillips,1749.94,2025-11-25,Approved,False,-1
200074,Transportation,Benefits,Richards Ltd,1612.8,2025-06-15,Pending,False,-1
200538,Defense,Inspection,Evans-Bauer,2537.96,2024-05-01,Approved,False,-1
200853,Health,Inspection,"Lyons, Blackwell and Pittman",499270.14,2025-01-08,Rejected,False,-1
200984,Health,Payroll,"Morrison, Carrillo and Brown",2462.65,2025-03-03,Rejected,False,-1
200990,Health,Benefits,Christensen-Myers,382.79,2025-05-04,Pending,False,-1
201002,Transportation,Procurement,"Marshall, Knight and Owens",3007.4,2024-06-18,Pending,False,-1
201041,Transportation,Inspection,Davies LLC,499893.62,2025-06-01,Rejected,False,-1
201281,Education,Procurement,Fox Group,499540.02,2025-08-24,Approved,False,-1
201658,Health,Payroll,"Hall, Moore and Stevens",297.67,2024-06-14,Rejected,False,-1
202046,Defense,Inspection,Keith LLC,499668.39,2025-08-25,Approved,False,-1
202139,Education,Procurement,Smith Group,499193.71,2024-02-19,Pending,False,-1
202263,Health,Payroll,Johnson Ltd,498398.38,2025-05-16,Pending,False,-1
202536,Defense,Procurement,Welch-Cook,499003.06,2025-02-04,Rejected,False,-1
202537,Defense,Inspection,"Reed, Brown and Garcia",499923.19,2025-01-09,Approved,False,-1
202844,Defense,Procurement,Moss-Richmond,1312.18,2025-05-04,Pending,False,-1
202895,Defense,Procurement,Schroeder-Mason,210.53,2024-06-09,Pending,False,-1
203053,Defense,Benefits,Barrett Group,2763.87,2025-12-05,Rejected,False,-1
203076,Health,Procurement,"Alvarado, Johnson and Peck",672.73,2025-07-11,Rejected,False,-1
203280,Health,Payroll,"Adams, Harrington and Gonzalez",224.45,2024-12-23,Approved,False,-1
203350,Defense,Benefits,Santiago-Smith,498962.5,2024-12-26,Rejected,False,-1
203397,Education,Benefits,Savage-Elliott,1747.61,2024-11-19,Pending,False,-1
203405,Transportation,Inspection,Smith LLC,2405.16,2024-06-11,Rejected,False,-1
203420,Education,Procurement,Davis Ltd,2194.51,2025-10-01,Rejected,False,-1
203652,Health,Payroll,"Mcdonald, Wilson and Glover",498356.5,2025-06-04,Pending,False,-1
203746,Education,Inspection,Thompson-Soto,549.41,2025-07-30,Pending,False,-1
203810,Education,Payroll,"Matthews, Romero and Allen",313.36,2024-10-12,Approved,False,-1
204020,Defense,Procurement,Bentley-Acosta,499237.24,2025-06-27,Approved,False,-1
204116,Transportation,Procurement,Riggs Ltd,498156.42,2025-01-16,Rejected,False,-1
204119,Defense,Inspection,"Curtis, Johnson and Oliver",989.9,2024-09-12,Rejected,False,-1
204136,Health,Inspection,Lowe-Burke,499606.55,2025-10-12,Approved,False,-1
204183,Health,Inspection,Perkins PLC,2505.37,2024-03-07,Pending,False,-1
204243,Transportation,Benefits,Garcia and Sons,498528.88,2025-07-03,Approved,False,-1
204335,Education,Payroll,Payne-Carter,498064.42,2025-04-03,Rejected,False,-1
204359,Transportation,Inspection,Graves-Wiley,498781.94,2024-11-06,Approved,False,-1
204512,Education,Procurement,Boyd-Chapman,499325.4,2026-01-28,Rejected,False,-1
204523,Transportation,Payroll,Pena LLC,2785.08,2024-03-18,Rejected,False,-1
204621,Health,Procurement,Cooper-Mullen,498354.89,2024-02-10,Pending,False,-1
204653,Transportation,Benefits,Wang LLC,497942.55,2025-06-14,Approved,False,-1
204670,Defense,Payroll,"Simmons, Allen and Mccullough",498643.98,2024-03-18,Approved,False,-1
204744,Education,Benefits,Pineda Group,499254.86,2025-08-13,Rejected,False,-1
204817,Health,Benefits,"Russell, Miller and Sanders",593.82,2026-01-22,Rejected,False,-1
204859,Transportation,Inspection,"Gallegos, Phillips and Thompson",804.88,2024-05-18,Approved,False,-1
204865,Health,Procurement,Lopez Inc,266.16,2025-08-04,Rejected,False,-1
204960,Health,Inspection,"Houston, Paul and Thomas",2262.34,2024-09-03,Pending,False,-1
204987,Defense,Benefits,Hanson-Taylor,3146.93,2025-09-27,Approved,False,-1
205225,Education,Procurement,Holmes-Day,842.1,2025-03-20,Rejected,False,-1
205402,Health,Payroll,"Brown, Smith and Rodriguez",219.1,2025-07-10,Rejected,False,-1
205633,Education,Benefits,"Cook, Potts and Beard",361.85,2025-12-17,Rejected,False,-1
205825,Defense,Benefits,Matthews-Schultz,498906.54,2024-03-03,Pending,False,-1
205830,Health,Procurement,Benjamin Group,498069.14,2024-10-22,Pending,False,-1
206216,Defense,Inspection,Williams-Trujillo,846.93,2025-06-25,Pending,False,-1
206718,Transportation,Benefits,Walsh and Sons,2680.92,2024-07-02,Pending,False,-1
206727,Transportation,Procurement,Cantrell-Weaver,499349.78,2025-05-23,Approved,False,-1
206932,Health,Benefits,"Matthews, Shelton and Coleman",754.52,2025-12-18,Pending,False,-1
206949,Transportation,Procurement,Delgado-Vargas,614.91,2025-04-14,Rejected,False,-1
207014,Education,Payroll,"Jones, Hill and Haynes",2126.53,2025-09-28,Pending,False,-1
207087,Health,Payroll,Santos Inc,499293.31,2024-05-10,Approved,False,-1
207097,Education,Procurement,Finley and Sons,1284.76,2026-01-30,Pending,False,-1
207169,Transportation,Payroll,"Rojas, Wright and Hanson",1819.8,2024-05-09,Rejected,False,-1
207279,Defense,Payroll,Smith-Brewer,907.35,2025-12-07,Rejected,False,-1
207340,Health,Payroll,Weaver-Rivera,252.43,2025-02-13,Approved,False,-1
207513,Education,Inspection,"Hardy, Martin and Valentine",905.96,2025-10-19,Rejected,False,-1
207709,Transportation,Payroll,"Medina, Miller and Hall",850.69,2025-04-12,Rejected,False,-1
207768,Defense,Benefits,Farrell LLC,498968.02,2025-11-12,Approved,False,-1
207842,Transportation,Payroll,"Golden, Luna and Ford",498537.01,2024-03-01,Rejected,False,-1
207920,Defense,Inspection,Perez-Reyes,499019.89,2024-03-16,Rejected,False,-1
208127,Transportation,Procurement,"Delgado, Harris and Sloan",399.91,2024-11-30,Pending,False,-1
208206,Education,Procurement,"Davis, Parker and Cruz",1465.03,2024-12-08,Approved,False,-1
208274,Transportation,Inspection,Conley-Randall,498838.56,2025-10-10,Pending,False,-1
208405,Transportation,Payroll,Williams-Zuniga,499919.31,2025-05-28,Approved,False,-1
208528,Education,Inspection,Riggs-Parsons,464.44,2024-07-29,Approved,False,-1
208568,Education,Payroll,Simpson-Crawford,2919.53,2025-06-09,Pending,False,-1
208587,Education,Payroll,"Hanson, Hall and Wilson",443.97,2024-06-22,Pending,False,-1
208730,Defense,Inspection,Ward and Sons,499902.07,2025-02-24,Pending,False,-1
208851,Transportation,Payroll,Hernandez-Goodman,1552.87,2024-06-14,Rejected,False,-1
208971,Transportation,Inspection,Fernandez-Ford,499624.19,2025-07-03,Pending,False,-1
209074,Defense,Procurement,Martinez-Weaver,2730.96,2024-04-15,Approved,False,-1
209151,Health,Inspection,"Moore, Ware and Phelps",1069.76,2024-04-15,Approved,False,-1
209158,Defense,Inspection,Ware-Young,499406.2,2024-11-27,Pending,False,-1
209287,Transportation,Inspection,Price Inc,498281.99,2025-08-06,Approved,False,-1
209401,Defense,Payroll,Terry-Johnson,1616.77,2025-03-17,Rejected,False,-1
209429,Transportation,Payroll,Ward-Parks,498600.24,2025-04-30,Approved,False,-1
209632,Defense,Payroll,"Perry, Miller and Black",1506.8,2025-02-23,Rejected,False,-1
209634,Education,Benefits,"Fernandez, Russell and Ross",499729.36,2024-07-25,Rejected,False,-1
209684,Health,Benefits,Smith Ltd,499715.96,2025-02-10,Approved,False,-1
210045,Education,Procurement,"Bradley, Nelson and Webb",1907.23,2025-09-27,Pending,False,-1
210061,Education,Payroll,"Johnson, Jensen and Jensen",498197.73,2025-02-28,Rejected,False,-1
210197,Defense,Benefits,Hickman Group,1174.81,2024-09-30,Rejected,False,-1
210265,Health,Procurement,Gibson-Stevens,2151.61,2024-05-24,Approved,False,-1
210360,Defense,Inspection,Snyder LLC,498482.18,2024-02-09,Rejected,False,-1
210363,Transportation,Benefits,Smith-Levy,1050.65,2024-04-02,Rejected,False,-1
210429,Defense,Benefits,Miller-Mann,2185.24,2024-07-06,Rejected,False,-1
210524,Health,Payroll,"Hunt, Soto and Brandt",1226.22,2026-02-05,Approved,False,-1
210705,Transportation,Payroll,Vasquez Group,498812.83,2025-07-14,Approved,False,-1
210878,Education,Procurement,Anderson Inc,499209.74,2024-07-25,Pending,False,-1
210913,Defense,Benefits,Hale Ltd,498623.72,2024-09-13,Pending,False,-1
211033,Education,Benefits,Schaefer-Gonzalez,498446.25,2024-09-16,Approved,False,-1
211085,Defense,Benefits,Robinson and Sons,498858.87,2024-12-17,Rejected,False,-1
211112,Education,Benefits,Adams-Taylor,1318.06,2024-09-11,Rejected,False,-1
211187,Transportation,Payroll,"Hill, Jones and Young",499924.59,2025-04-17,Pending,False,-1
211224,Education,Inspection,"Sloan, Delgado and Watson",498207.54,2024-10-09,Rejected,False,-1
211302,Defense,Inspection,Gonzales-Werner,498085.57,2025-03-07,Approved,False,-1
211335,Defense,Benefits,Miller-Vasquez,897.68,2024-12-31,Approved,False,-1
211386,Defense,Procurement,Norton-Miller,1176.82,2025-03-21,Pending,False,-1
211755,Defense,Inspection,Jackson LLC,518.08,2026-01-05,Approved,False,-1
211889,Defense,Inspection,Knight-Black,2696.33,2024-12-10,Rejected,False,-1
211915,Transportation,Benefits,"Owens, Parrish and Bowen",559.18,2024-05-10,Rejected,False,-1
211920,Education,Inspection,Hamilton-Craig,808.95,2024-04-25,Pending,False,-1
211934,Transportation,Benefits,Lewis Group,499438.67,2025-05-08,Rejected,False,-1
212134,Transportation,Payroll,"Johnson, Myers and Ballard",1938.73,2025-03-27,Pending,False,-1
212311,Health,Benefits,Frederick PLC,498941.23,2025-02-09,Rejected,False,-1
212340,Education,Benefits,"Nelson, Wyatt and Marshall",499676.22,2024-12-14,Pending,False,-1
212399,Education,Inspection,"Bender, Jordan and Duncan",2286.83,2024-10-16,Pending,False,-1
212445,Education,Inspection,Walker Group,499175.13,2024-12-25,Approved,False,-1
212522,Defense,Procurement,Coleman-Davis,2445.65,2026-01-13,Pending,False,-1
212558,Health,Benefits,"Wallace, Camacho and Dixon",499917.06,2025-12-16,Approved,False,-1
212570,Defense,Payroll,"Murphy, Haynes and Bennett",498624.17,2024-12-30,Rejected,False,-1
212604,Health,Payroll,Hernandez LLC,2467.11,2024-12-29,Pending,False,-1
212620,Defense,Benefits,Campbell LLC,946.69,2024-12-18,Rejected,False,-1
212807,Transportation,Procurement,Potter-Horn,499672.02,2026-02-01,Pending,False,-1
212902,Education,Payroll,Warren-Kim,958.04,2025-10-08,Approved,False,-1
213021,Defense,Procurement,Jones Ltd,399.55,2024-11-30,Pending,False,-1
213030,Health,Procurement,"Adams, Good and Richardson",964.46,2024-03-16,Pending,False,-1
213036,Defense,Inspection,Peterson PLC,3036.96,2025-03-29,Rejected,False,-1
213076,Health,Procurement,"Robbins, Blackwell and Smith",498286.17,2024-07-15,Approved,False,-1
213110,Health,Inspection,Stewart PLC,932.07,2025-07-27,Rejected,False,-1
213141,Education,Procurement,Hall Inc,315.79,2025-12-25,Rejected,False,-1
213294,Defense,Procurement,Gonzalez-Reynolds,2082.32,2025-03-12,Approved,False,-1
213581,Education,Payroll,"Powell, Allen and Rogers",499521.76,2024-08-20,Pending,False,-1
213781,Health,Inspection,"Daniels, Chen and Jones",499646.0,2024-08-10,Rejected,False,-1
214050,Transportation,Payroll,Horne-Adams,1841.13,2025-04-15,Pending,False,-1
214052,Transportation,Inspection,Wilson and Sons,2638.22,2026-01-11,Pending,False,-1
214150,Education,Benefits,Ortiz-Norton,1281.94,2025-05-26,Pending,False,-1
214153,Education,Inspection,Bryant Ltd,2691.35,2024-12-09,Pending,False,-1
214215,Health,Benefits,"Dixon, Reid and Richards",1860.52,2024-09-26,Approved,False,-1
214488,Health,Benefits,Houston Inc,1855.1,2024-08-03,Pending,False,-1
214834,Defense,Payroll,Harvey Ltd,2229.17,2025-10-22,Pending,False,-1
214902,Health,Procurement,Padilla-Anderson,1953.63,2024-12-14,Rejected,False,-1
215085,Transportation,Payroll,Simon-Horton,498324.86,2025-05-03,Pending,False,-1
215286,Health,Inspection,"Anderson, Harris and Roberts",1271.66,2025-06-16,Approved,False,-1
215531,Defense,Payroll,"Parker, Rollins and Arias",498754.03,2025-10-12,Rejected,False,-1
215574,Transportation,Benefits,White-Henderson,498622.9,2025-03-08,Approved,False,-1
215990,Education,Payroll,Santos Ltd,498990.33,2025-08-01,Pending,False,-1
216118,Defense,Procurement,Montes-Young,1625.28,2025-09-06,Approved,False,-1
216122,Health,Benefits,Wright-Clark,1084.0,2025-06-04,Rejected,False,-1
216258,Health,Procurement,Perez and Sons,1005.34,2025-11-14,Rejected,False,-1
216281,Defense,Inspection,Scott-Adams,1732.19,2024-08-29,Pending,False,-1
216521,Health,Procurement,"Massey, Anderson and Ortiz",498055.52,2025-03-11,Approved,False,-1
216573,Education,Payroll,Casey Inc,499794.47,2024-10-17,Approved,False,-1
216941,Transportation,Inspection,"Newton, Cooper and Martin",3038.95,2024-08-14,Approved,False,-1
217062,Education,Inspection,"Swanson, Johnson and Harper",499919.61,2024-09-06,Approved,False,-1
217124,Education,Procurement,"Meadows, Williams and Rose",815.55,2025-03-02,Pending,False,-1
217128,Education,Payroll,Curtis-Moreno,498156.28,2025-10-18,Approved,False,-1
217237,Defense,Payroll,"Smith, Hansen and Lee",498515.83,2024-05-20,Pending,False,-1
217419,Education,Payroll,"Evans, Huerta and Reed",499046.63,2024-07-26,Approved,False,-1
217470,Health,Benefits,"Gregory, Peterson and Benitez",315.46,2024-09-17,Pending,False,-1
217490,Education,Procurement,Taylor-Hancock,499840.0,2025-05-21,Approved,False,-1
217531,Transportation,Benefits,"Carney, Rojas and Jones",1043.65,2024-11-12,Rejected,False,-1
217561,Transportation,Procurement,"Myers, Hughes and Clark",128.36,2025-05-18,Approved,False,-1
217583,Health,Benefits,Nelson-Alvarez,498423.8,2025-09-29,Pending,False,-1
217593,Education,Payroll,Weber Ltd,2652.96,2025-01-08,Rejected,False,-1
217695,Transportation,Payroll,Foster-Smith,254.65,2024-09-15,Pending,False,-1
217793,Health,Payroll,White LLC,499630.13,2024-05-26,Approved,False,-1
217883,Health,Benefits,Gordon-Smith,248.18,2024-10-07,Approved,False,-1
217898,Education,Payroll,"Ford, Moreno and Cruz",498834.07,2024-05-29,Pending,False,-1
218080,Defense,Inspection,Mckee and Sons,499913.57,2024-12-09,Approved,False,-1
218154,Transportation,Inspection,Mclaughlin PLC,390.46,2024-04-06,Pending,False,-1
218202,Health,Inspection,Smith PLC,960.48,2025-08-24,Rejected,False,-1
218207,Health,Procurement,Mullins-Lane,1011.24,2025-02-06,Pending,False,-1
218222,Health,Payroll,Bender LLC,3131.62,2025-05-26,Pending,False,-1
218230,Education,Procurement,Davis LLC,166.04,2024-02-16,Approved,False,-1
218237,Education,Procurement,"Powers, Ford and Little",499429.3,2024-12-09,Approved,False,-1
218369,Health,Payroll,Bradshaw Group,2816.9,2024-06-30,Pending,False,-1
218463,Defense,Benefits,"Erickson, Keith and Rodriguez",2205.95,2024-09-30,Rejected,False,-1
218476,Education,Procurement,"Hansen, Smith and Williams",2068.45,2025-12-05,Approved,False,-1
218524,Health,Inspection,Simon PLC,1357.01,2024-03-02,Approved,False,-1
218676,Education,Benefits,"Peterson, Pennington and Brewer",499622.28,2025-09-30,Pending,False,-1
218757,Transportation,Procurement,"Simpson, Williams and Powell",1417.05,2025-04-27,Rejected,False,-1
218940,Transportation,Benefits,Brewer-Davis,499858.94,2024-09-26,Approved,False,-1
219129,Health,Payroll,Alvarez-Harvey,499600.7,2024-10-21,Pending,False,-1
219195,Health,Benefits,"Garrett, Dickson and Perez",1259.35,2024-12-16,Approved,False,-1
219254,Health,Payroll,Jacobs-Smith,498421.92,2024-02-23,Approved,False,-1
219358,Transportation,Payroll,"Garcia, Miranda and Brown",632.82,2025-02-05,Approved,False,-1
219541,Health,Benefits,Wilson-West,1334.02,2024-04-19,Approved,False,-1
219803,Health,Benefits,Strong and Sons,1203.61,2024-07-21,Rejected,False,-1
219806,Health,Procurement,Kelley-Greene,499565.46,2025-08-12,Pending,False,-1
219835,Education,Procurement,Lee-Owen,498247.3,2025-02-13,Rejected,False,-1
219911,Defense,Inspection,"Davis, Clark and Long",1896.19,2024-02-13,Approved,False,-1
220187,Health,Procurement,Chavez Group,1595.29,2026-02-08,Pending,False,-1
220240,Transportation,Inspection,"Chen, Rivera and Ray",499874.44,2026-02-05,Rejected,False,-1
220406,Health,Inspection,Bates Inc,498487.91,2025-07-27,Rejected,False,-1
220447,Defense,Procurement,"Wang, Roberts and Hernandez",2424.89,2024-06-26,Rejected,False,-1
220474,Transportation,Payroll,Bass Inc,1959.23,2025-09-18,Pending,False,-1
220660,Transportation,Procurement,"Johnson, Gay and Conway",498228.26,2024-10-18,Approved,False,-1
220706,Education,Benefits,"Anderson, Bennett and Smith",103.21,2024-06-18,Pending,False,-1
220789,Transportation,Procurement,Hernandez and Sons,499471.23,2025-01-14,Rejected,False,-1
220799,Health,Benefits,Parker-Decker,2104.19,2024-11-01,Pending,False,-1
220815,Health,Inspection,"Shaw, Bennett and Wong",2399.73,2025-12-09,Pending,False,-1
221158,Defense,Benefits,"Hughes, Deleon and Price",499025.89,2024-03-12,Approved,False,-1
221246,Transportation,Procurement,"Smith, Smith and Delgado",1648.97,2024-02-10,Pending,False,-1
221347,Defense,Procurement,"Bailey, Washington and Clay",499186.43,2024-11-22,Rejected,False,-1
221501,Education,Procurement,"Bright, Coleman and Green",911.63,2024-07-30,Pending,False,-1
221604,Defense,Inspection,"Shah, Moore and Clements",499140.24,2025-12-04,Rejected,False,-1
221663,Education,Inspection,Doyle Ltd,1581.18,2025-11-14,Pending,False,-1
221723,Transportation,Benefits,Smith-Reynolds,498186.88,2025-07-18,Pending,False,-1
221733,Defense,Benefits,Newman-Joseph,498047.87,2024-06-06,Rejected,False,-1
221909,Transportation,Procurement,"Carlson, Wagner and Melton",2861.27,2024-11-21,Approved,False,-1
221938,Transportation,Benefits,Chase Group,129.68,2025-07-18,Approved,False,-1
221965,Education,Benefits,Hall-Watson,627.93,2024-10-22,Pending,False,-1
222189,Defense,Benefits,Hanson LLC,498763.81,2026-01-08,Rejected,False,-1
222272,Education,Benefits,Perez PLC,2155.94,2024-03-04,Approved,False,-1
222282,Defense,Benefits,"Baird, Mccormick and Benson",343.77,2025-10-11,Approved,False,-1
222308,Health,Benefits,"Green, Petty and Carlson",499203.94,2025-12-25,Approved,False,-1
222389,Health,Benefits,"Peterson, Collier and Hawkins",498274.18,2026-01-22,Rejected,False,-1
222391,Education,Inspection,"Vance, Martin and Berg",994.85,2026-01-04,Rejected,False,-1
222537,Education,Inspection,Harmon LLC,2786.34,2025-08-07,Rejected,False,-1
222623,Defense,Benefits,Nguyen-Hartman,498597.12,2025-08-12,Pending,False,-1
222690,Health,Benefits,Bass PLC,498298.21,2025-06-18,Pending,False,-1
222910,Health,Procurement,Wood PLC,498475.37,2024-08-19,Pending,False,-1
222928,Transportation,Payroll,"Huerta, Frank and Miller",2700.28,2025-10-03,Rejected,False,-1
223193,Education,Inspection,George-Harper,499958.47,2024-02-16,Approved,False,-1
223320,Health,Procurement,Thomas Group,499770.16,2024-06-26,Approved,False,-1
223889,Health,Payroll,Frey-Molina,499578.01,2024-10-13,Pending,False,-1
223922,Defense,Benefits,Robinson-Roberts,498722.43,2024-09-21,Approved,False,-1
224152,Defense,Benefits,Williams-Ferrell,2697.27,2025-03-18,Approved,False,-1
224267,Education,Procurement,Ward LLC,827.99,2025-01-07,Approved,False,-1
224298,Transportation,Inspection,"Hicks, Davies and Stein",497889.21,2024-09-30,Approved,False,-1
224386,Transportation,Procurement,Baker-Armstrong,498543.25,2025-02-25,Pending,False,-1
224475,Health,Procurement,"Olson, Harris and Jones",499557.95,2025-12-05,Approved,False,-1
224541,Defense,Inspection,"Taylor, Dunn and Thomas",2817.18,2024-12-10,Approved,False,-1
224624,Defense,Benefits,"Ward, Vaughn and Parker",3017.79,2024-07-30,Rejected,False,-1
224766,Defense,Inspection,Robinson-Ford,498259.82,2024-10-01,Rejected,False,-1
224855,Transportation,Inspection,Lee-Evans,926.67,2024-12-16,Rejected,False,-1
224867,Education,Inspection,"Ramirez, Franklin and Cox",332.62,2025-10-07,Approved,False,-1
224976,Defense,Procurement,Miranda-Sexton,499879.84,2024-07-30,Rejected,False,-1
225162,Health,Inspection,"Moreno, Meyer and Trujillo",1417.5,2024-05-02,Approved,False,-1
225229,Transportation,Procurement,Washington-Stout,499545.95,2025-05-24,Approved,False,-1
225261,Education,Benefits,"Berry, Martinez and Calderon",498865.82,2026-01-26,Rejected,False,-1
225445,Transportation,Payroll,"Ewing, Allen and Huang",499823.67,2025-02-22,Pending,False,-1
225728,Education,Procurement,"Arnold, Smith and Blanchard",1876.73,2024-05-25,Approved,False,-1
225764,Defense,Procurement,"Velasquez, Castro and Sanford",498107.36,2025-11-05,Approved,False,-1
226047,Health,Procurement,Carpenter Ltd,1726.08,2024-06-27,Pending,False,-1
226253,Education,Payroll,Navarro Ltd,1335.41,2025-03-18,Pending,False,-1
226318,Education,Inspection,Parrish-Keller,498511.6,2024-12-30,Approved,False,-1
226320,Defense,Benefits,Thompson and Sons,642.14,2026-01-07,Pending,False,-1
226325,Transportation,Payroll,Steele-Blake,498626.94,2024-03-26,Rejected,False,-1
226429,Defense,Benefits,"White, Thomas and Vega",785.16,2025-06-10,Pending,False,-1
226519,Defense,Inspection,"Marshall, Leon and Wyatt",1920.51,2025-04-20,Pending,False,-1
226732,Transportation,Benefits,"Brown, Dennis and Taylor",876.24,2025-11-24,Pending,False,-1
226744,Transportation,Payroll,"Reese, Young and Espinoza",2927.5,2024-12-28,Rejected,False,-1
226987,Education,Payroll,Williams-Williams,1199.84,2024-04-13,Approved,False,-1
227040,Education,Benefits,"Richardson, Lee and Dodson",499883.78,2025-05-13,Pending,False,-1
227080,Health,Inspection,Williams Group,499087.74,2025-04-23,Pending,False,-1
227085,Health,Payroll,Evans Ltd,499433.95,2025-08-18,Pending,False,-1
227163,Defense,Inspection,"Scott, Frazier and Kim",498339.15,2025-08-28,Pending,False,-1
227523,Defense,Procurement,"Dennis, King and Myers",1031.45,2024-05-10,Rejected,False,-1
227550,Health,Payroll,"Rush, Davila and Clark",497967.51,2024-05-22,Pending,False,-1
227681,Health,Payroll,"Cunningham, Jones and Luna",498765.83,2025-10-14,Rejected,False,-1
227808,Transportation,Payroll,Lee-Baker,1514.16,2024-06-24,Rejected,False,-1
227816,Education,Inspection,Reed Group,1739.02,2024-09-14,Rejected,False,-1
227882,Health,Benefits,Stafford and Sons,498104.69,2025-01-02,Rejected,False,-1
228142,Transportation,Inspection,Howard-Rodgers,2197.8,2025-01-10,Approved,False,-1
228165,Transportation,Procurement,Elliott-Walker,2386.27,2024-03-20,Pending,False,-1
228381,Education,Procurement,Villanueva-Ingram,1417.31,2024-05-21,Approved,False,-1
228385,Health,Benefits,Hopkins-Huerta,498795.95,2026-02-02,Rejected,False,-1
228517,Health,Payroll,"Gilmore, White and Moses",1876.52,2024-10-08,Rejected,False,-1
228676,Transportation,Payroll,Martinez-Rios,1494.44,2024-07-15,Pending,False,-1
228702,Health,Inspection,Hall Ltd,499913.0,2025-03-17,Pending,False,-1
228836,Education,Inspection,Adams and Sons,1821.41,2024-06-08,Approved,False,-1
228851,Education,Inspection,Peterson-Ayala,1157.09,2024-02-16,Pending,False,-1
229030,Education,Benefits,Cain-Singh,503.04,2024-04-28,Approved,False,-1
229063,Education,Payroll,Montoya and Sons,326.74,2025-11-11,Rejected,False,-1
229085,Defense,Payroll,Lopez and Sons,2886.68,2025-11-10,Rejected,False,-1
229102,Health,Benefits,Fields-Bruce,396.99,2025-03-17,Rejected,False,-1
229191,Defense,Payroll,Riley Inc,208.56,2024-07-29,Pending,False,-1
229346,Defense,Procurement,"Lopez, Smith and Evans",499315.22,2024-04-16,Pending,False,-1
229401,Defense,Payroll,"Spencer, Floyd and Bryant",2296.71,2025-12-29,Rejected,False,-1
229538,Health,Payroll,Solomon LLC,1218.56,2025-10-25,Pending,False,-1
229672,Transportation,Payroll,Pacheco-Griffin,2734.67,2024-03-17,Rejected,False,-1
229729,Defense,Procurement,"Wang, Cook and Williams",498349.65,2025-07-30,Rejected,False,-1
229822,Transportation,Benefits,Dorsey Group,230.5,2024-02-21,Pending,False,-1
229872,Defense,Benefits,Rowland and Sons,499085.88,2025-02-01,Rejected,False,-1
229920,Health,Payroll,Bass PLC,498466.51,2025-05-05,Rejected,False,-1
230177,Defense,Inspection,Jackson-Henderson,498762.59,2024-05-09,Pending,False,-1
230190,Transportation,Benefits,Mays-Myers,498887.53,2024-11-19,Pending,False,-1
230234,Defense,Procurement,"Curtis, Foley and Gill",2582.06,2024-05-05,Rejected,False,-1
230467,Transportation,Benefits,Palmer-Kim,499117.84,2025-03-16,Pending,False,-1
230478,Health,Payroll,George-Andrade,793.84,2024-07-29,Approved,False,-1
230906,Health,Procurement,"Lawrence, Edwards and Ramirez",2939.45,2026-01-22,Pending,False,-1
231000,Defense,Procurement,"Graham, Black and Smith",1704.36,2025-05-22,Pending,False,-1
231089,Education,Inspection,Wilson-Curtis,498254.05,2024-11-10,Rejected,False,-1
231200,Transportation,Inspection,Williamson-Russell,499226.89,2024-07-01,Approved,False,-1
231244,Health,Procurement,Boyer Ltd,1784.5,2025-03-14,Approved,False,-1
231264,Education,Procurement,Wright Ltd,2244.21,2025-10-24,Rejected,False,-1
231412,Defense,Inspection,Smith-Rodriguez,167.6,2024-05-20,Approved,False,-1
231431,Health,Procurement,"Lee, Wheeler and Cervantes",499222.15,2025-03-20,Rejected,False,-1
231553,Health,Payroll,Wright LLC,499408.01,2024-05-12,Pending,False,-1
231807,Defense,Procurement,"Guzman, Adams and Jackson",498213.38,2025-11-19,Approved,False,-1
231903,Transportation,Payroll,Shaw and Sons,451.54,2025-10-07,Approved,False,-1
231984,Transportation,Procurement,Young LLC,1371.7,2025-03-13,Pending,False,-1
232070,Transportation,Procurement,Montgomery Inc,398.87,2024-09-20,Pending,False,-1
232128,Education,Inspection,Kennedy-Wolfe,499700.85,2025-10-16,Approved,False,-1
232160,Education,Payroll,Mcmahon Group,498847.22,2024-04-17,Rejected,False,-1
232361,Transportation,Benefits,"Jones, Stanton and Baxter",1300.51,2025-11-26,Rejected,False,-1
232445,Health,Benefits,Buckley-Hanson,2756.53,2026-01-09,Approved,False,-1
232552,Defense,Payroll,Jones-Pena,1785.65,2025-06-22,Approved,False,-1
232556,Education,Payroll,Gomez-Watson,498655.45,2025-08-24,Rejected,False,-1
232592,Education,Inspection,"Mccarthy, Todd and Jennings",497955.88,2024-08-24,Approved,False,-1
232704,Education,Benefits,"Norman, Ortiz and Fisher",498833.56,2024-11-11,Rejected,False,-1
232724,Defense,Benefits,Peters Group,2611.85,2025-10-04,Pending,False,-1
232750,Transportation,Procurement,Gonzalez LLC,204.63,2025-11-11,Pending,False,-1
232855,Transportation,Payroll,Smith-Mcguire,1599.01,2025-12-10,Pending,False,-1
232951,Education,Payroll,"Murphy, Rodgers and Johnston",499030.62,2024-10-27,Rejected,False,-1
233085,Education,Benefits,"Sharp, Garza and Gonzalez",499714.89,2025-10-15,Rejected,False,-1
233109,Transportation,Inspection,"Ramirez, Moyer and Gutierrez",1306.73,2025-02-03,Rejected,False,-1
233117,Transportation,Inspection,"Pace, Savage and Allen",2543.39,2024-10-22,Pending,False,-1
233123,Defense,Procurement,Nichols and Sons,236.45,2024-10-03,Approved,False,-1
233137,Transportation,Benefits,Blake Ltd,499198.78,2025-12-24,Pending,False,-1
233198,Transportation,Procurement,Jackson-Moore,1622.48,2024-04-19,Approved,False,-1
233287,Education,Inspection,"Chandler, Roberts and Carter",499410.2,2024-03-05,Approved,False,-1
233429,Transportation,Inspection,Brown Ltd,3128.68,2025-02-16,Pending,False,-1
233578,Education,Benefits,"Johnson, Gomez and Hill",1768.45,2025-10-01,Pending,False,-1
233724,Education,Inspection,Allen-House,498214.95,2025-07-13,Pending,False,-1
233860,Defense,Procurement,Williamson Ltd,1789.53,2024-03-18,Pending,False,-1
234037,Education,Procurement,Berry-Brown,498300.1,2025-11-30,Approved,False,-1
234096,Defense,Benefits,"Gallagher, Diaz and Schroeder",2558.54,2026-01-03,Rejected,False,-1
234151,Transportation,Payroll,"York, Warner and Bean",498522.92,2024-04-18,Rejected,False,-1
234274,Defense,Benefits,Rogers-Case,314.87,2025-04-27,Approved,False,-1
234393,Transportation,Inspection,Yates-Ferrell,499009.36,2025-10-07,Rejected,False,-1
234629,Defense,Procurement,Mitchell Group,499333.99,2024-06-22,Rejected,False,-1
234757,Health,Inspection,"Reilly, Coleman and Taylor",1458.74,2024-12-24,Approved,False,-1
234775,Health,Payroll,Johnson-Cunningham,499069.45,2025-09-16,Approved,False,-1
234798,Health,Procurement,Lewis-Mccoy,269.81,2025-09-08,Approved,False,-1
234887,Education,Benefits,Best-Smith,499865.76,2024-10-21,Pending,False,-1
234911,Defense,Benefits,Taylor Inc,499626.98,2025-07-16,Approved,False,-1
235068,Health,Procurement,"Reynolds, Scott and Parks",426.79,2024-11-16,Rejected,False,-1
235073,Defense,Payroll,Griffin-Warner,1457.85,2024-06-10,Approved,False,-1
235402,Transportation,Procurement,Joyce PLC,2929.82,2024-03-31,Approved,False,-1
235771,Education,Procurement,Beasley LLC,2312.82,2025-06-07,Pending,False,-1
235918,Transportation,Inspection,"Gregory, Hernandez and Frost",1356.52,2025-02-15,Pending,False,-1
236008,Education,Procurement,Russell-Mills,956.03,2025-01-29,Pending,False,-1
236245,Education,Benefits,Salazar-Thomas,499451.39,2024-08-03,Approved,False,-1
236478,Education,Payroll,"Archer, Vasquez and Barajas",825.09,2025-06-04,Rejected,False,-1
236569,Education,Benefits,"Sanchez, Potter and Boone",499206.11,2025-07-26,Pending,False,-1
236583,Health,Benefits,Vazquez LLC,2452.06,2024-04-05,Pending,False,-1
236717,Education,Benefits,Wright-Fernandez,734.25,2024-09-17,Pending,False,-1
236988,Education,Procurement,Reed-Graham,2147.92,2024-10-04,Rejected,False,-1
237003,Education,Payroll,"Peterson, Anderson and Andersen",425.77,2024-03-17,Approved,False,-1
237129,Transportation,Procurement,Flores-Mosley,2909.92,2025-02-11,Rejected,False,-1
237147,Transportation,Payroll,"Vega, Skinner and Schultz",1947.08,2024-06-10,Pending,False,-1
237182,Defense,Procurement,"Sparks, Bailey and Harrell",2343.99,2025-12-11,Approved,False,-1
237374,Health,Benefits,Webster-Gutierrez,498530.67,2025-10-26,Rejected,False,-1
237490,Education,Procurement,Martin-Gray,2592.69,2025-09-24,Approved,False,-1
237532,Transportation,Benefits,Peters and Sons,499859.64,2024-09-13,Approved,False,-1
237573,Transportation,Inspection,Carlson Ltd,499464.66,2024-12-10,Pending,False,-1
237670,Defense,Benefits,Glenn-Sellers,480.15,2024-06-04,Rejected,False,-1
237695,Health,Procurement,Vance-White,499129.48,2024-11-16,Rejected,False,-1
237852,Education,Inspection,Lane Group,499073.1,2024-09-30,Approved,False,-1
237891,Health,Benefits,Sanders-Wilson,498831.42,2024-11-28,Pending,False,-1
237942,Education,Inspection,Wu LLC,575.18,2025-02-20,Rejected,False,-1
238007,Transportation,Inspection,"Richardson, Zhang and Ramirez",434.46,2024-04-22,Approved,False,-1
238141,Education,Inspection,Adams-Mason,1258.47,2025-12-12,Rejected,False,-1
238145,Defense,Inspection,Forbes and Sons,498675.37,2024-03-08,Rejected,False,-1
238240,Education,Benefits,"Rogers, Pope and Parrish",499876.55,2025-10-09,Rejected,False,-1
238357,Defense,Inspection,Norman-Reyes,498918.04,2025-11-15,Pending,False,-1
238379,Transportation,Procurement,Tate Group,2555.17,2025-09-05,Rejected,False,-1
238436,Transportation,Procurement,Brown Inc,2425.82,2025-10-19,Pending,False,-1
238443,Transportation,Inspection,Gibson-Cortez,499437.9,2025-07-06,Approved,False,-1
238451,Transportation,Payroll,Beck Inc,1320.77,2025-07-15,Rejected,False,-1
238468,Health,Inspection,Benton-Carter,499414.76,2024-08-27,Approved,False,-1
238475,Health,Inspection,Weaver PLC,499020.87,2024-09-09,Pending,False,-1
238861,Defense,Inspection,"Chambers, Lewis and Bell",432.14,2025-06-06,Approved,False,-1
238910,Defense,Benefits,Colon-Allison,2282.49,2024-05-11,Approved,False,-1
239185,Defense,Benefits,Gray-Stevenson,497934.43,2024-10-19,Rejected,False,-1
239269,Health,Payroll,Smith PLC,484.13,2025-04-05,Approved,False,-1
239306,Transportation,Benefits,King-Davis,2035.84,2024-10-28,Rejected,False,-1
239536,Education,Payroll,Pennington-Daugherty,2965.84,2025-06-01,Rejected,False,-1
239600,Transportation,Procurement,Rodriguez LLC,2848.02,2025-11-27,Pending,False,-1
239620,Education,Inspection,Ortiz-Dawson,2518.9,2024-12-04,Rejected,False,-1
239718,Defense,Inspection,"Paul, Lee and Hawkins",499419.67,2024-05-09,Rejected,False,-1
239793,Health,Payroll,"Johnson, Jones and Cohen",1093.35,2025-06-18,Approved,False,-1
239919,Health,Payroll,"Singleton, Shaw and George",2287.31,2024-03-08,Rejected,False,-1
240047,Education,Payroll,Juarez-Ferguson,1986.06,2024-10-22,Rejected,False,-1
240498,Transportation,Payroll,Burns-Steele,499161.08,2025-08-20,Approved,False,-1
240539,Defense,Payroll,Olsen-Suarez,2634.05,2025-12-09,Pending,False,-1
240687,Transportation,Procurement,"Carr, Fisher and Harris",1674.31,2024-08-19,Pending,False,-1
240690,Transportation,Inspection,"Powers, Sullivan and Patterson",499619.36,2024-11-19,Rejected,False,-1
240957,Defense,Inspection,Hansen Ltd,171.53,2024-05-19,Approved,False,-1
240960,Health,Benefits,Williams and Sons,1710.61,2024-10-18,Rejected,False,-1
241043,Defense,Procurement,Moore-Harper,1848.57,2024-12-13,Rejected,False,-1
241149,Transportation,Benefits,Lang-Williams,497958.34,2025-07-26,Approved,False,-1
241305,Defense,Procurement,Whitaker-Peck,197.25,2025-03-01,Approved,False,-1
241374,Transportation,Benefits,Fisher-Guerrero,359.89,2025-09-05,Approved,False,-1
241405,Education,Inspection,"Baker, Adams and Griffin",499779.15,2025-05-24,Pending,False,-1
241424,Health,Payroll,Monroe LLC,498327.08,2024-04-18,Approved,False,-1
241616,Health,Payroll,"Richardson, Eaton and Curry",194.26,2024-07-12,Pending,False,-1
241651,Education,Procurement,Hobbs and Sons,216.1,2024-11-17,Pending,False,-1
241669,Health,Payroll,Diaz-Stein,498386.24,2025-12-16,Pending,False,-1
241907,Education,Procurement,Grimes-Davis,2510.47,2025-11-15,Pending,False,-1
241914,Defense,Benefits,Novak PLC,1739.34,2024-11-12,Rejected,False,-1
242056,Transportation,Payroll,Long and Sons,498036.24,2024-11-15,Pending,False,-1
242352,Transportation,Benefits,Lawson Inc,905.03,2025-09-22,Approved,False,-1
242400,Health,Procurement,Murray-Donovan,499404.27,2024-06-24,Approved,False,-1
242415,Transportation,Payroll,Whitaker-Sparks,1402.54,2025-03-05,Rejected,False,-1
242485,Health,Procurement,"Hammond, Clark and Trevino",652.06,2024-08-28,Approved,False,-1
242496,Defense,Benefits,"Riley, Contreras and Harper",1236.19,2024-12-03,Pending,False,-1
242617,Defense,Procurement,"Moore, Pitts and Baker",498871.89,2024-05-16,Rejected,False,-1
242666,Health,Benefits,Reyes-Kemp,498709.41,2024-12-05,Rejected,False,-1
242750,Health,Inspection,Lang and Sons,499577.33,2024-05-22,Pending,False,-1
242854,Defense,Benefits,Long-Johnson,498164.65,2024-06-29,Pending,False,-1
242866,Education,Procurement,Hicks-Miller,498786.0,2025-08-15,Rejected,False,-1
242908,Education,Payroll,Scott-Whitaker,813.37,2025-08-23,Approved,False,-1
243268,Transportation,Benefits,"White, Brown and Mendoza",2624.15,2024-05-30,Rejected,False,-1
243354,Education,Benefits,Manning-Soto,1110.6,2025-11-12,Rejected,False,-1
243391,Transportation,Inspection,Boyd and Sons,499554.25,2025-01-04,Approved,False,-1
243401,Defense,Inspection,Turner Ltd,2671.54,2024-05-23,Approved,False,-1
243509,Health,Benefits,Suarez LLC,1256.96,2025-12-26,Approved,False,-1
243537,Health,Benefits,Wallace-Bolton,1196.22,2024-12-17,Pending,False,-1
243721,Health,Benefits,Bailey-Phelps,498792.76,2024-10-02,Pending,False,-1
243845,Defense,Benefits,Edwards and Sons,1198.18,2024-05-27,Approved,False,-1
243905,Health,Benefits,Howell Ltd,869.84,2025-04-30,Approved,False,-1
243925,Education,Payroll,Martinez Inc,499388.96,2026-01-12,Pending,False,-1
244004,Health,Inspection,Sawyer-Nichols,2801.23,2024-03-13,Pending,False,-1
244060,Health,Inspection,"Smith, Marsh and Hall",498202.73,2025-05-02,Rejected,False,-1
244204,Defense,Benefits,Chase-Carter,2978.23,2024-10-31,Pending,False,-1
244354,Defense,Payroll,"Schroeder, Alvarez and Rogers",2054.93,2024-11-13,Pending,False,-1
244434,Health,Procurement,Cox Group,499921.71,2025-04-28,Approved,False,-1
244616,Transportation,Inspection,Nielsen Ltd,2521.65,2024-05-22,Approved,False,-1
244711,Transportation,Benefits,Smith-Anderson,498033.3,2024-10-18,Approved,False,-1
244733,Defense,Procurement,Moss and Sons,498448.56,2025-01-16,Rejected,False,-1
244822,Transportation,Payroll,Harrison Inc,499886.02,2024-09-09,Pending,False,-1
244876,Transportation,Procurement,Higgins-Kennedy,2882.45,2025-05-27,Pending,False,-1
244964,Defense,Inspection,"Vasquez, Williams and Moreno",498235.44,2025-03-18,Rejected,False,-1
245002,Defense,Payroll,Cruz Inc,498312.63,2024-06-24,Rejected,False,-1
245023,Defense,Procurement,"Livingston, Sanchez and Roberts",497924.38,2024-02-18,Rejected,False,-1
245145,Health,Benefits,Peterson-Lynch,996.78,2024-02-17,Rejected,False,-1
245274,Education,Payroll,"Williams, Reyes and Golden",475.22,2024-08-24,Pending,False,-1
245332,Transportation,Inspection,"Henry, Brown and Vega",499820.7,2025-04-12,Pending,False,-1
245343,Defense,Benefits,Moreno and Sons,2695.82,2024-11-14,Pending,False,-1
245616,Health,Payroll,Cole-Glover,2361.41,2024-08-27,Approved,False,-1
245626,Defense,Procurement,Vasquez and Sons,499599.57,2024-09-21,Pending,False,-1
245630,Education,Procurement,Leonard Group,498256.45,2025-03-15,Rejected,False,-1
245698,Health,Benefits,Sheppard-Mitchell,2198.18,2024-10-23,Approved,False,-1
245802,Transportation,Payroll,Maxwell and Sons,2919.38,2024-02-20,Approved,False,-1
245869,Health,Inspection,Guzman-Riley,498221.71,2024-07-06,Approved,False,-1
245905,Health,Procurement,"Beck, White and Rodriguez",499266.99,2024-08-12,Rejected,False,-1
245966,Health,Benefits,Sims-Griffin,499803.73,2025-03-26,Approved,False,-1
246088,Transportation,Procurement,"Martin, Sanders and Duffy",499902.39,2024-09-13,Approved,False,-1
246183,Education,Payroll,Mendoza-Evans,499428.21,2025-10-07,Rejected,False,-1
246196,Education,Procurement,Rivera and Sons,499555.62,2024-11-30,Rejected,False,-1
246283,Health,Benefits,Deleon LLC,498797.55,2025-05-02,Approved,False,-1
246327,Defense,Benefits,Jenkins Ltd,497892.18,2024-07-23,Approved,False,-1
246514,Education,Procurement,Harris-Parker,499642.11,2024-07-06,Rejected,False,-1
246515,Transportation,Inspection,Crawford-Campbell,851.36,2024-06-15,Rejected,False,-1
246569,Education,Inspection,Mckee-Leach,2687.64,2024-11-19,Pending,False,-1
246658,Health,Benefits,Harrison-Richards,498215.0,2025-09-15,Approved,False,-1
246845,Education,Procurement,Ramirez LLC,498533.37,2024-08-08,Rejected,False,-1
246886,Education,Procurement,"Andersen, Williams and Davenport",498036.48,2024-03-11,Rejected,False,-1
246976,Defense,Benefits,Hernandez PLC,114.19,2025-02-15,Approved,False,-1
246997,Defense,Benefits,White-Taylor,498543.22,2026-02-04,Pending,False,-1
247184,Health,Payroll,Hall Group,593.43,2024-11-12,Pending,False,-1
247355,Education,Inspection,Wallace PLC,239.25,2025-01-01,Rejected,False,-1
247440,Transportation,Inspection,"Russell, Holland and Collins",2405.24,2025-06-16,Rejected,False,-1
247568,Education,Procurement,Jones and Sons,499847.31,2026-01-06,Approved,False,-1
247574,Health,Inspection,"Wood, Perry and Holloway",498517.66,2025-09-25,Approved,False,-1
248007,Transportation,Benefits,Ritter and Sons,1597.03,2025-05-10,Pending,False,-1
248071,Defense,Benefits,"Smith, Little and Payne",499564.56,2025-07-10,Pending,False,-1
248282,Transportation,Inspection,Olson-Roman,143.06,2025-08-31,Pending,False,-1
248357,Health,Inspection,Parker Inc,1889.3,2025-08-05,Rejected,False,-1
248484,Transportation,Inspection,Tran-Patterson,499089.05,2025-02-26,Rejected,False,-1
248581,Education,Procurement,Baker-Sharp,1511.28,2025-12-27,Approved,False,-1
248654,Education,Inspection,Gutierrez-Moody,2305.71,2024-11-12,Pending,False,-1
248863,Transportation,Benefits,Perry LLC,499915.2,2025-05-07,Pending,False,-1
249257,Defense,Procurement,"Freeman, Williams and Scott",498251.81,2024-12-10,Approved,False,-1
249392,Health,Inspection,Atkinson-Ashley,3006.97,2025-03-24,Approved,False,-1
249471,Transportation,Procurement,Fletcher-Johnson,498939.55,2024-05-06,Rejected,False,-1
249486,Health,Benefits,Graham-Gentry,498755.71,2024-08-28,Rejected,False,-1
249490,Education,Benefits,"Evans, Jimenez and Brown",498621.31,2024-08-27,Approved,False,-1
249551,Defense,Payroll,Mcconnell Ltd,968.47,2024-07-17,Rejected,False,-1
249559,Health,Procurement,Garcia-Nichols,992.64,2024-12-09,Rejected,False,-1
249649,Education,Payroll,Adams LLC,499719.13,2025-10-28,Rejected,False,-1
249776,Defense,Procurement,"Franklin, Zuniga and Powers",498362.95,2025-04-01,Pending,False,-1
250297,Education,Payroll,"Bennett, Lee and Clay",1073.8,2025-05-21,Approved,False,-1
250400,Education,Benefits,Armstrong PLC,1879.23,2025-12-09,Pending,False,-1
250415,Education,Procurement,"Dorsey, Washington and Hunter",1415.5,2024-08-28,Pending,False,-1
250444,Education,Procurement,Colon Group,499906.59,2025-05-09,Pending,False,-1
250578,Education,Payroll,Singleton LLC,498689.87,2024-12-15,Rejected,False,-1
250858,Health,Inspection,Davis Group,311.57,2025-05-10,Approved,False,-1
250896,Defense,Benefits,Hernandez-Ryan,415.4,2025-05-21,Approved,False,-1
250923,Education,Procurement,Lloyd-Mclaughlin,499117.97,2024-12-25,Rejected,False,-1
251040,Education,Inspection,Cox LLC,497926.04,2025-08-05,Pending,False,-1
251046,Education,Procurement,Ruiz and Sons,498350.46,2025-10-21,Approved,False,-1
251244,Defense,Payroll,"Miller, Herrera and Davidson",2766.18,2024-07-29,Pending,False,-1
251395,Transportation,Payroll,Turner Group,2927.49,2025-07-23,Pending,False,-1
251568,Education,Inspection,Doyle LLC,2544.35,2025-07-12,Approved,False,-1
251676,Education,Procurement,"Lang, Casey and Horne",1490.38,2025-07-12,Rejected,False,-1
251678,Education,Inspection,Tucker Group,1918.51,2024-12-16,Approved,False,-1
251784,Transportation,Procurement,"Garcia, Bell and Nelson",494.1,2025-01-25,Approved,False,-1
251836,Health,Procurement,"Hogan, Mcclure and Hall",498938.15,2025-04-20,Rejected,False,-1
251919,Health,Inspection,George Inc,896.48,2025-03-21,Approved,False,-1
251962,Transportation,Inspection,"Mccullough, Nolan and Edwards",497887.27,2024-02-28,Rejected,False,-1
252014,Defense,Benefits,Thomas Ltd,499643.5,2024-08-25,Rejected,False,-1
252602,Defense,Payroll,Lawrence-Miller,2301.84,2025-10-20,Pending,False,-1
252664,Health,Procurement,"Good, Moore and Medina",2785.81,2024-07-17,Pending,False,-1
252760,Defense,Benefits,Singh Inc,499896.55,2024-12-04,Approved,False,-1
252797,Transportation,Benefits,Ballard-Harvey,498391.95,2024-06-09,Rejected,False,-1
252934,Transportation,Benefits,Winters Ltd,499585.76,2024-05-23,Rejected,False,-1
253024,Education,Procurement,Bush-Miller,487.6,2024-06-06,Rejected,False,-1
253274,Health,Payroll,Black-Smith,1794.3,2025-07-10,Rejected,False,-1
253407,Transportation,Benefits,Miranda-Baker,499280.69,2026-02-04,Approved,False,-1
253441,Education,Procurement,Bullock Inc,1734.94,2026-01-23,Pending,False,-1
253599,Transportation,Procurement,Thompson and Sons,3011.3,2024-09-03,Approved,False,-1
253607,Defense,Procurement,Ferrell-Garcia,2463.9,2024-10-18,Approved,False,-1
253770,Transportation,Benefits,Rogers Inc,1923.0,2024-11-20,Pending,False,-1
253810,Defense,Benefits,Miller-Martinez,2512.33,2025-11-13,Pending,False,-1
253883,Health,Inspection,Summers and Sons,499028.39,2025-10-13,Approved,False,-1
253986,Education,Benefits,"Brown, Ortiz and Cruz",2748.87,2026-01-07,Pending,False,-1
254102,Health,Benefits,"Pierce, Nelson and Fleming",2636.82,2024-08-27,Pending,False,-1
254119,Education,Payroll,Harris-Rodriguez,2309.48,2024-08-12,Rejected,False,-1
254290,Transportation,Inspection,"Davis, Ferguson and Williams",498944.71,2024-09-19,Pending,False,-1
254319,Education,Inspection,"Castro, Hughes and Ward",1079.78,2024-05-15,Rejected,False,-1
254323,Defense,Payroll,"Wu, Brown and Cross",1085.98,2024-05-13,Pending,False,-1
254328,Health,Benefits,Gomez-Perkins,1397.62,2024-03-14,Approved,False,-1
254426,Education,Payroll,French LLC,499052.98,2024-12-16,Pending,False,-1
254439,Transportation,Inspection,"Espinoza, Ayers and Hernandez",1007.46,2025-12-18,Pending,False,-1
254553,Health,Inspection,Gill and Sons,1507.72,2024-05-14,Approved,False,-1
254810,Defense,Procurement,"George, Crawford and Stuart",2199.29,2025-11-23,Rejected,False,-1
254891,Defense,Benefits,"Moyer, Rivas and Wu",498729.47,2025-02-27,Approved,False,-1
254894,Health,Inspection,"King, Bowman and Hernandez",499625.63,2025-09-08,Pending,False,-1
255065,Education,Benefits,Brown Group,1915.56,2024-07-31,Pending,False,-1
255138,Health,Benefits,"Robertson, Koch and Carroll",970.79,2025-04-02,Approved,False,-1
255189,Transportation,Procurement,Kennedy Ltd,499578.71,2025-04-06,Approved,False,-1
255277,Education,Inspection,"Johnson, Jackson and Gill",704.75,2025-10-17,Pending,False,-1
255365,Health,Benefits,Morales Group,498366.41,2025-11-12,Rejected,False,-1
255624,Transportation,Benefits,Brooks LLC,2503.53,2024-06-22,Rejected,False,-1
255674,Defense,Benefits,"Conley, Levine and Jackson",2515.91,2024-10-27,Pending,False,-1
255933,Transportation,Payroll,Sanchez-Mora,1815.71,2025-05-18,Approved,False,-1
256163,Health,Inspection,"King, Nguyen and Frazier",1453.27,2025-11-29,Rejected,False,-1
256320,Health,Procurement,Velez Group,499910.49,2024-08-19,Pending,False,-1
256455,Education,Procurement,"Kent, Gomez and Adams",1621.5,2025-09-11,Approved,False,-1
256713,Health,Inspection,Velez-Rogers,1296.84,2026-02-08,Rejected,False,-1
257016,Defense,Inspection,Pearson-Bond,1616.95,2026-01-18,Approved,False,-1
257130,Defense,Procurement,Stanley LLC,2103.79,2025-06-17,Approved,False,-1
257306,Health,Benefits,Greene-Holden,499558.85,2025-12-06,Pending,False,-1
257322,Transportation,Payroll,Smith Inc,2303.44,2024-08-17,Rejected,False,-1
257325,Defense,Benefits,Santos-Smith,498878.72,2025-08-09,Approved,False,-1
257391,Health,Benefits,James Ltd,499382.56,2024-10-11,Approved,False,-1
257407,Defense,Benefits,Gray Group,2930.11,2024-04-12,Rejected,False,-1
257446,Health,Benefits,"Salas, Owens and Perez",2141.89,2025-06-02,Rejected,False,-1
257522,Defense,Benefits,Osborn Ltd,2925.25,2024-07-31,Rejected,False,-1
257808,Defense,Payroll,Young and Sons,2629.77,2024-07-21,Approved,False,-1
257881,Defense,Inspection,Smith LLC,2451.91,2025-08-07,Rejected,False,-1
258017,Health,Inspection,Juarez PLC,2786.75,2025-02-16,Pending,False,-1
258240,Health,Inspection,Combs Group,1322.22,2025-10-16,Approved,False,-1
258308,Education,Benefits,May-Perez,499883.3,2025-04-10,Rejected,False,-1
258727,Transportation,Benefits,"Conrad, Martin and Harris",2222.88,2025-05-14,Approved,False,-1
258954,Transportation,Payroll,"Williams, Long and Ingram",1863.13,2025-09-04,Pending,False,-1
259273,Health,Payroll,"Cabrera, Higgins and Williams",2580.49,2026-02-06,Rejected,False,-1
259349,Health,Procurement,"Duncan, Oconnell and Bonilla",1524.88,2026-01-08,Pending,False,-1
259470,Education,Procurement,Hinton LLC,498528.35,2024-05-13,Rejected,False,-1
259523,Defense,Procurement,"Morales, Jimenez and Graves",223.48,2025-10-04,Rejected,False,-1
259610,Education,Procurement,Martinez Group,498476.72,2026-02-06,Rejected,False,-1
259659,Health,Payroll,"Chavez, Duffy and Lee",1164.03,2025-05-12,Pending,False,-1
259716,Health,Procurement,Barnett and Sons,1440.07,2024-11-15,Approved,False,-1
259787,Transportation,Inspection,"Harrison, Parker and Sosa",499949.13,2025-10-10,Approved,False,-1
259899,Defense,Payroll,Anderson-Young,498798.15,2024-04-21,Approved,False,-1
259987,Education,Procurement,Johnston LLC,1055.79,2025-01-30,Approved,False,-1
260009,Health,Benefits,Donaldson-Russell,499798.67,2024-04-30,Pending,False,-1
260033,Defense,Inspection,Bentley PLC,2250.4,2025-01-04,Approved,False,-1
260066,Defense,Inspection,Willis Inc,499171.06,2025-09-09,Rejected,False,-1
260184,Transportation,Procurement,Hernandez-Jordan,498351.76,2025-07-21,Approved,False,-1
260187,Defense,Benefits,Campbell and Sons,125.03,2024-08-02,Pending,False,-1
260221,Transportation,Benefits,Greene-Maxwell,1346.67,2024-10-03,Pending,False,-1
260306,Defense,Procurement,Ross and Sons,499098.9,2024-04-07,Approved,False,-1
260387,Health,Procurement,"Howell, Moreno and Gallagher",499947.2,2024-02-25,Pending,False,-1
260409,Transportation,Payroll,Adkins Inc,1966.3,2024-06-15,Rejected,False,-1
260499,Health,Payroll,Franklin-Villanueva,452.37,2024-05-03,Approved,False,-1
260578,Transportation,Procurement,"Nguyen, Young and Hoffman",310.73,2025-09-02,Approved,False,-1
260629,Health,Procurement,"Smith, King and Cole",2228.73,2024-10-14,Rejected,False,-1
260821,Education,Payroll,"Cantrell, Dickson and Hernandez",760.84,2024-11-27,Pending,False,-1
261198,Education,Inspection,Tucker-Ruiz,1966.5,2025-02-20,Rejected,False,-1
261204,Education,Benefits,Thompson LLC,1059.64,2024-07-17,Approved,False,-1
261233,Education,Procurement,"Gonzalez, Kennedy and Fields",1486.82,2025-03-05,Pending,False,-1
261261,Defense,Inspection,Alexander-Butler,499050.08,2026-01-31,Pending,False,-1
261595,Transportation,Inspection,Kennedy-Small,2993.27,2024-12-11,Rejected,False,-1
262128,Health,Benefits,Clay and Sons,499636.87,2024-10-14,Pending,False,-1
262145,Education,Payroll,"Yang, Martin and Gates",497909.06,2025-08-20,Rejected,False,-1
262154,Education,Procurement,Sanchez-Brown,499495.21,2024-09-22,Approved,False,-1
262156,Defense,Payroll,Mason-Hughes,498951.89,2025-10-19,Pending,False,-1
262644,Health,Payroll,Walker and Sons,153.83,2024-04-30,Rejected,False,-1
262837,Education,Procurement,"Chavez, Williamson and Gonzalez",2519.32,2025-10-31,Pending,False,-1
262920,Education,Benefits,"Waters, David and Summers",498669.14,2024-10-16,Pending,False,-1
263219,Defense,Payroll,"Parker, Shaw and Tucker",867.6,2026-01-24,Pending,False,-1
263350,Education,Inspection,Martin Ltd,498541.82,2025-01-28,Rejected,False,-1
263354,Education,Inspection,Caldwell Group,1862.59,2025-07-21,Rejected,False,-1
263548,Defense,Benefits,Moore-Pace,1483.96,2025-09-07,Rejected,False,-1
263751,Health,Payroll,Dunn-Gonzales,498605.51,2025-08-07,Approved,False,-1
263963,Education,Payroll,Ferrell Ltd,149.69,2025-04-15,Pending,False,-1
264184,Health,Inspection,Mcdonald-Peterson,499874.15,2025-09-11,Rejected,False,-1
264250,Education,Procurement,"Chandler, Davis and Hernandez",499509.39,2024-12-10,Approved,False,-1
264642,Defense,Payroll,Daniels-Davis,2098.18,2024-07-23,Pending,False,-1
264950,Defense,Benefits,Thompson-Reid,497881.39,2025-06-21,Rejected,False,-1
265347,Defense,Benefits,Lindsey Inc,498857.95,2025-02-19,Rejected,False,-1
265576,Education,Procurement,"Morrow, Gutierrez and Hernandez",498493.7,2024-05-07,Approved,False,-1
265719,Defense,Inspection,"Jacobs, Miller and Perry",652.6,2025-11-23,Pending,False,-1
265730,Defense,Benefits,Mack LLC,1294.03,2025-07-19,Approved,False,-1
265764,Education,Procurement,"Lopez, Johnson and Reynolds",1659.57,2024-03-25,Pending,False,-1
265792,Defense,Benefits,Martin PLC,2282.29,2025-08-05,Rejected,False,-1
265860,Defense,Payroll,Russell-Fry,498625.07,2026-01-11,Rejected,False,-1
266117,Education,Payroll,"Wong, Reed and Bryan",1078.51,2025-02-11,Rejected,False,-1
266246,Health,Inspection,"Avery, Myers and Ball",1961.65,2026-02-03,Approved,False,-1
266365,Defense,Procurement,Martin-Sutton,497892.96,2025-06-02,Rejected,False,-1
266563,Defense,Inspection,Mayer-Armstrong,1034.03,2024-03-30,Pending,False,-1
266678,Health,Procurement,Ellis-Gomez,499328.26,2024-12-17,Pending,False,-1
266708,Education,Benefits,"Robinson, Johnson and Brown",485.83,2024-07-24,Pending,False,-1
266866,Defense,Procurement,"Jones, Sanchez and Mason",1462.09,2025-12-24,Approved,False,-1
267088,Education,Benefits,Gallegos-Allen,498529.96,2024-04-04,Rejected,False,-1
267100,Defense,Procurement,Horn-Reed,498832.8,2024-06-25,Approved,False,-1
267116,Health,Inspection,Gomez LLC,498148.59,2024-03-09,Pending,False,-1
267167,Defense,Benefits,Flores-Allen,656.02,2025-03-14,Rejected,False,-1
267394,Defense,Benefits,Dean and Sons,498204.89,2025-07-14,Pending,False,-1
267447,Defense,Payroll,King LLC,498924.86,2025-08-19,Rejected,False,-1
267495,Transportation,Procurement,Wallace and Sons,499879.19,2025-04-20,Pending,False,-1
267571,Education,Inspection,Moore-Webster,1921.04,2024-12-17,Approved,False,-1
267739,Education,Inspection,Turner-Briggs,498882.75,2024-09-05,Approved,False,-1
267833,Transportation,Benefits,Foster-Brock,1345.48,2025-06-29,Approved,False,-1
267932,Transportation,Benefits,Cherry LLC,469.06,2025-06-12,Approved,False,-1
268006,Transportation,Benefits,"Joseph, Ryan and Humphrey",1464.79,2024-09-28,Approved,False,-1
268146,Education,Benefits,Schwartz-Smith,1624.18,2025-01-31,Approved,False,-1
268279,Health,Procurement,Johnson and Sons,499150.9,2024-12-05,Pending,False,-1
268337,Education,Procurement,Williams Ltd,512.97,2025-04-22,Approved,False,-1
268481,Health,Benefits,Mack-Kline,499305.63,2025-12-20,Approved,False,-1
268513,Transportation,Payroll,Simon Group,498485.86,2024-03-05,Pending,False,-1
268515,Education,Benefits,Lewis-Macdonald,1477.29,2024-07-01,Pending,False,-1
268523,Defense,Procurement,"Clarke, Kemp and Conrad",1900.29,2024-03-21,Rejected,False,-1
268594,Education,Benefits,Nichols-Trevino,498624.38,2024-11-25,Rejected,False,-1
268693,Transportation,Payroll,"Andrews, Meyer and Jones",498528.57,2024-09-26,Pending,False,-1
268704,Health,Benefits,Case-Lawson,499513.06,2024-05-11,Pending,False,-1
268728,Education,Inspection,"Thornton, Perez and Fleming",296.37,2025-09-03,Pending,False,-1
268837,Education,Inspection,"Alvarez, Scott and Peterson",2801.18,2024-12-06,Approved,False,-1
268840,Education,Benefits,Jones-Jackson,2702.42,2024-07-07,Rejected,False,-1
269004,Transportation,Benefits,Torres-Miller,1479.57,2025-12-06,Pending,False,-1
269099,Health,Procurement,"Henderson, Payne and Robinson",786.85,2025-10-31,Approved,False,-1
269193,Health,Procurement,"Walker, Powers and Martin",1048.29,2025-03-29,Pending,False,-1
269331,Education,Inspection,Monroe-Hall,499574.45,2025-10-09,Pending,False,-1
269356,Education,Procurement,"Gonzales, Clark and Harmon",1702.02,2024-08-29,Rejected,False,-1
269541,Defense,Procurement,Green-May,2363.93,2025-01-08,Rejected,False,-1
269615,Health,Benefits,Williams LLC,148.94,2024-04-23,Approved,False,-1
269689,Education,Payroll,Jensen and Sons,323.37,2024-11-23,Approved,False,-1
269701,Health,Payroll,Robinson Group,1368.52,2024-03-15,Approved,False,-1
270040,Health,Benefits,Bennett PLC,1711.46,2024-12-31,Pending,False,-1
270204,Defense,Inspection,Roberts-Adkins,1931.52,2024-08-30,Pending,False,-1
270287,Defense,Inspection,Burch PLC,2852.78,2024-08-26,Approved,False,-1
270519,Health,Payroll,Perez-Miller,1950.04,2024-11-17,Rejected,False,-1
270532,Education,Payroll,Elliott LLC,2597.83,2024-03-31,Rejected,False,-1
270868,Transportation,Inspection,Montgomery-Smith,1459.2,2025-11-13,Approved,False,-1
271061,Defense,Benefits,Monroe LLC,499975.38,2024-12-25,Pending,False,-1
271096,Education,Payroll,"Miller, Crosby and Clarke",1966.87,2025-03-27,Pending,False,-1
271370,Defense,Procurement,"Jones, Thompson and Chen",498482.84,2025-07-19,Approved,False,-1
271672,Education,Inspection,Garcia and Sons,1115.05,2025-12-04,Rejected,False,-1
271747,Defense,Benefits,Chung Inc,900.86,2024-08-30,Rejected,False,-1
271918,Education,Inspection,Ramirez-Rogers,499067.42,2024-04-27,Pending,False,-1
271938,Health,Payroll,Taylor PLC,408.4,2025-10-23,Approved,False,-1
272012,Transportation,Payroll,"Buchanan, Davis and Campbell",477.95,2025-03-11,Pending,False,-1
272145,Education,Procurement,Allen-Stuart,2573.62,2025-05-23,Pending,False,-1
272241,Education,Benefits,"Watson, Lara and Howell",499770.71,2024-05-19,Approved,False,-1
272439,Defense,Inspection,"Schmidt, Kemp and White",498709.51,2024-09-21,Pending,False,-1
272638,Education,Payroll,"Campbell, Gross and Jones",272.5,2024-02-12,Pending,False,-1
272672,Health,Procurement,"Mckay, Rios and Saunders",821.71,2025-02-19,Rejected,False,-1
272849,Health,Payroll,Clark-Carlson,1167.44,2024-08-20,Approved,False,-1
273019,Health,Inspection,Bray-Sanchez,3009.06,2025-12-06,Approved,False,-1
273038,Health,Inspection,"Hughes, Tucker and Kent",498637.68,2025-09-06,Approved,False,-1
273100,Defense,Payroll,"Warren, Miller and Scott",498648.98,2025-06-28,Pending,False,-1
273139,Health,Benefits,"Holmes, King and Hoover",2406.09,2025-06-04,Rejected,False,-1
273263,Education,Procurement,"Valenzuela, Grant and Gutierrez",1037.42,2024-12-07,Pending,False,-1
273291,Education,Benefits,"Price, Stewart and Smith",2170.08,2024-09-10,Approved,False,-1
273331,Education,Procurement,Fernandez-Holmes,936.13,2024-03-19,Pending,False,-1
273367,Transportation,Inspection,Moore-Patterson,120.81,2025-10-07,Pending,False,-1
273372,Health,Procurement,"Simmons, Small and Garcia",498081.98,2025-09-25,Approved,False,-1
273517,Education,Procurement,Taylor Inc,2020.1,2025-02-01,Rejected,False,-1
273583,Health,Inspection,Contreras-Webb,1825.23,2025-10-07,Approved,False,-1
273596,Defense,Payroll,Williams Inc,498563.62,2024-07-09,Rejected,False,-1
273784,Education,Inspection,Woods Inc,499068.56,2024-10-29,Pending,False,-1
273980,Defense,Benefits,Hernandez Group,498619.38,2024-06-15,Pending,False,-1
274180,Education,Payroll,Weiss-Newton,2740.61,2025-12-14,Approved,False,-1
274241,Education,Payroll,Gould-Barry,499427.64,2025-06-19,Pending,False,-1
274308,Defense,Benefits,Graham LLC,498982.98,2025-02-14,Pending,False,-1
274326,Transportation,Payroll,White Ltd,498518.79,2025-10-10,Approved,False,-1
274701,Education,Inspection,Aguirre and Sons,498127.37,2024-03-22,Approved,False,-1
274960,Transportation,Benefits,"Robinson, Flores and Hill",540.61,2024-07-14,Approved,False,-1
275064,Health,Benefits,Lloyd Inc,1776.4,2024-02-23,Rejected,False,-1
275174,Health,Payroll,Irwin-White,499665.55,2024-06-16,Approved,False,-1
275181,Defense,Benefits,"Huang, Smith and Johnson",535.17,2025-08-15,Approved,False,-1
275331,Defense,Benefits,"Jones, Joseph and Miller",499356.33,2026-01-20,Rejected,False,-1
275719,Transportation,Payroll,"Rich, Stanley and Gonzalez",498920.76,2025-03-02,Rejected,False,-1
275739,Defense,Procurement,Walsh-Hill,498437.57,2025-03-10,Pending,False,-1
275768,Defense,Inspection,"Edwards, Lewis and Cunningham",498285.56,2025-09-02,Approved,False,-1
275816,Transportation,Benefits,"Lambert, Kent and Larson",498555.57,2024-07-12,Rejected,False,-1
275874,Health,Inspection,Mora and Sons,498179.31,2025-07-20,Rejected,False,-1
275928,Transportation,Benefits,Jimenez Group,498514.12,2024-05-16,Approved,False,-1
275951,Defense,Inspection,Smith LLC,2813.61,2024-04-26,Pending,False,-1
276270,Health,Payroll,Nash-Hart,1739.11,2024-09-21,Rejected,False,-1
276279,Education,Payroll,Taylor Inc,1242.49,2024-07-09,Approved,False,-1
276393,Transportation,Benefits,"Perez, Owens and Young",499046.11,2024-05-09,Approved,False,-1
276411,Defense,Inspection,"Faulkner, Williams and Johnson",1215.2,2024-04-15,Rejected,False,-1
276531,Health,Payroll,"Moore, Charles and Sanchez",590.02,2025-12-19,Approved,False,-1
276702,Transportation,Benefits,"Melton, Gonzalez and Tran",2614.45,2025-05-17,Pending,False,-1
276820,Transportation,Procurement,Dean-Ford,498348.65,2024-03-26,Pending,False,-1
276969,Defense,Benefits,"Miller, Williams and Ayala",499056.14,2025-10-05,Rejected,False,-1
277005,Transportation,Inspection,Richardson-Brown,1311.81,2025-03-11,Pending,False,-1
277048,Transportation,Payroll,"Smith, Osborn and Martinez",498244.53,2025-07-29,Approved,False,-1
277071,Transportation,Inspection,"Nichols, Spears and Byrd",499658.37,2024-06-26,Pending,False,-1
277100,Transportation,Procurement,"Hammond, Gonzalez and Oneal",189.95,2025-10-24,Pending,False,-1
277148,Health,Procurement,Cooper Inc,1256.1,2024-09-27,Pending,False,-1
277151,Transportation,Benefits,"Matthews, Hudson and Sawyer",499163.77,2025-08-26,Pending,False,-1
277208,Education,Benefits,Wade Inc,499092.96,2025-03-05,Approved,False,-1
277235,Transportation,Inspection,Garner-Maldonado,2941.05,2024-11-21,Pending,False,-1
277310,Transportation,Procurement,"Knight, Stevens and Padilla",758.88,2025-04-27,Pending,False,-1
277346,Defense,Benefits,Miller-Patton,1286.8,2025-10-07,Approved,False,-1
277380,Transportation,Payroll,Hatfield-Dyer,499060.04,2025-06-16,Rejected,False,-1
277403,Education,Inspection,Smith-Levine,499816.44,2025-10-18,Approved,False,-1
277510,Transportation,Benefits,"Mccormick, Davis and Alvarado",499785.3,2025-09-16,Pending,False,-1
277652,Health,Procurement,Jones-Smith,2539.32,2024-04-30,Rejected,False,-1
277925,Defense,Benefits,"Patrick, Booth and Harris",499748.65,2025-04-09,Pending,False,-1
278095,Defense,Payroll,Clark Ltd,2245.92,2025-07-31,Pending,False,-1
278123,Transportation,Payroll,Phillips and Sons,1555.71,2025-04-10,Pending,False,-1
278143,Defense,Payroll,Diaz LLC,2891.53,2025-01-23,Approved,False,-1
278257,Transportation,Inspection,Flores Group,499073.83,2024-09-11,Approved,False,-1
278587,Transportation,Benefits,"Chavez, Wright and Arroyo",373.42,2024-07-21,Approved,False,-1
278807,Transportation,Inspection,Garrett and Sons,499812.5,2025-12-01,Pending,False,-1
279022,Health,Inspection,Blevins-White,499106.75,2024-03-19,Approved,False,-1
279093,Health,Procurement,Singleton Ltd,1430.04,2025-11-07,Approved,False,-1
279171,Transportation,Inspection,"Murray, Cook and Nelson",498332.6,2024-12-14,Rejected,False,-1
279217,Health,Payroll,Fields LLC,499325.01,2024-10-25,Approved,False,-1
279252,Health,Payroll,"Shaw, Malone and Walker",2529.35,2025-07-26,Approved,False,-1
279309,Defense,Procurement,Lewis-Davis,498447.37,2024-09-01,Rejected,False,-1
279391,Health,Benefits,"Mueller, Webb and Sheppard",499831.49,2024-07-17,Approved,False,-1
279439,Transportation,Benefits,Schultz-Moore,2161.34,2025-07-22,Rejected,False,-1
279614,Health,Inspection,"Blackwell, Hill and Carey",498616.72,2024-03-23,Rejected,False,-1
279835,Defense,Payroll,Rowe and Sons,333.05,2024-12-01,Approved,False,-1
279888,Defense,Payroll,Moran Ltd,1363.53,2025-12-01,Rejected,False,-1
279892,Education,Inspection,Wood Group,498135.37,2025-03-15,Rejected,False,-1
279933,Health,Procurement,"Armstrong, Ochoa and Alexander",498344.43,2025-11-04,Pending,False,-1
280000,Health,Payroll,"Smith, Williams and Hays",499252.91,2026-01-15,Rejected,False,-1
280005,Transportation,Inspection,Taylor Ltd,499314.04,2024-07-04,Rejected,False,-1
280028,Health,Inspection,Mora-Mitchell,1885.3,2025-01-25,Pending,False,-1
280241,Health,Inspection,King and Sons,1355.5,2025-09-13,Pending,False,-1
280336,Defense,Inspection,Lopez-Garcia,499202.22,2025-05-16,Rejected,False,-1
280646,Education,Inspection,"Gibbs, Santana and Brown",2926.88,2025-10-18,Rejected,False,-1
280687,Health,Payroll,Hutchinson-Smith,2785.36,2024-06-28,Pending,False,-1
280928,Transportation,Payroll,Figueroa-Haney,2901.39,2024-10-02,Approved,False,-1
280930,Education,Procurement,Elliott PLC,3029.1,2025-05-19,Pending,False,-1
281209,Transportation,Procurement,Rodriguez-Gross,670.1,2024-12-23,Approved,False,-1
281346,Education,Benefits,Sanchez PLC,2498.1,2024-03-19,Approved,False,-1
281377,Health,Inspection,"Hart, Gonzalez and Hunt",2384.7,2025-08-10,Rejected,False,-1
281387,Defense,Payroll,"Johnson, Bryant and Hernandez",617.64,2024-06-24,Rejected,False,-1
281405,Health,Payroll,Costa-Sellers,1635.62,2024-05-02,Rejected,False,-1
281416,Health,Payroll,Young Inc,498427.13,2025-11-24,Rejected,False,-1
281458,Defense,Procurement,Cordova and Sons,1166.06,2024-08-03,Approved,False,-1
281485,Education,Benefits,Daniels-Little,498335.53,2025-07-23,Approved,False,-1
281521,Health,Procurement,Wise-Johnson,499005.8,2024-05-25,Rejected,False,-1
281631,Defense,Inspection,Jones-Vargas,2043.1,2025-05-12,Approved,False,-1
281635,Health,Benefits,"Walker, Moore and Harding",499690.83,2025-12-24,Rejected,False,-1
281636,Health,Procurement,Bates LLC,502.44,2024-08-23,Rejected,False,-1
281726,Transportation,Procurement,Robinson-Smith,2911.51,2025-02-16,Rejected,False,-1
281886,Defense,Benefits,Stewart Inc,499551.66,2024-04-27,Approved,False,-1
281927,Transportation,Benefits,"Salas, Meyer and Pham",1978.86,2025-07-26,Rejected,False,-1
282067,Health,Procurement,"Jackson, Phillips and Taylor",3017.2,2025-11-01,Approved,False,-1
282370,Transportation,Benefits,"Miranda, Pope and Vargas",2633.2,2025-04-10,Approved,False,-1
282390,Education,Procurement,Walker-Collins,498404.79,2025-11-04,Pending,False,-1
282493,Health,Inspection,"Castillo, Booker and Bennett",498429.46,2025-06-11,Pending,False,-1
282546,Defense,Procurement,Willis-Cook,1006.71,2025-02-12,Pending,False,-1
282755,Defense,Payroll,Young-Velasquez,2585.73,2025-02-22,Rejected,False,-1
282761,Education,Benefits,"Gardner, Malone and Austin",499690.72,2025-11-06,Approved,False,-1
282769,Health,Payroll,Morales-Williams,449.76,2024-04-27,Pending,False,-1
282905,Transportation,Benefits,Alvarado-Dixon,787.51,2025-08-07,Rejected,False,-1
282914,Health,Procurement,"Johnson, Zamora and Boyd",499449.01,2026-01-24,Rejected,False,-1
282924,Defense,Inspection,Acosta Inc,999.44,2025-03-15,Pending,False,-1
283017,Health,Inspection,Butler-Montgomery,498494.26,2025-02-27,Rejected,False,-1
283602,Health,Payroll,Christian Inc,2507.99,2024-11-23,Pending,False,-1
283711,Transportation,Inspection,Roberson Inc,498598.64,2025-07-02,Pending,False,-1
283718,Health,Inspection,"Sanders, Jones and Gomez",2005.11,2024-04-24,Pending,False,-1
283740,Education,Benefits,"Brock, Mcdonald and Lindsey",2855.66,2025-10-12,Pending,False,-1
283751,Transportation,Procurement,Johnson-Cox,2714.49,2025-11-04,Pending,False,-1
283786,Transportation,Inspection,"Mcgrath, Taylor and Banks",1959.7,2025-07-27,Pending,False,-1
283862,Transportation,Benefits,Todd Inc,498897.04,2024-09-10,Pending,False,-1
283968,Education,Inspection,Collier-Bass,499611.41,2025-02-24,Pending,False,-1
284158,Transportation,Inspection,Torres and Sons,1808.19,2026-01-14,Rejected,False,-1
284253,Transportation,Procurement,Henson PLC,2265.95,2024-10-13,Approved,False,-1
284397,Education,Procurement,Hart Inc,1064.77,2024-09-30,Approved,False,-1
284419,Defense,Procurement,White-Rice,703.24,2026-01-28,Pending,False,-1
284438,Defense,Procurement,Guzman-Gardner,2979.45,2025-07-29,Pending,False,-1
284581,Transportation,Inspection,Wade-Stuart,414.97,2025-11-11,Rejected,False,-1
284590,Education,Payroll,Stone Ltd,2762.58,2024-09-25,Rejected,False,-1
285044,Health,Procurement,"Jones, Gonzalez and Phillips",1716.98,2025-02-17,Approved,False,-1
285513,Transportation,Payroll,Rogers PLC,2799.77,2024-04-06,Approved,False,-1
285532,Transportation,Benefits,"Moss, Stanton and Dunn",498246.05,2024-07-08,Pending,False,-1
285558,Defense,Inspection,Ellis-Perry,2682.49,2024-06-03,Pending,False,-1
285579,Defense,Inspection,Carter Inc,499077.38,2025-09-08,Approved,False,-1
285591,Transportation,Payroll,Braun and Sons,499050.43,2024-10-15,Approved,False,-1
285634,Defense,Inspection,Mckinney Group,1769.31,2025-06-13,Approved,False,-1
285673,Defense,Procurement,Barrett Group,499330.87,2024-08-28,Pending,False,-1
285706,Health,Payroll,"Wang, Hayes and Spence",2098.39,2025-11-14,Rejected,False,-1
285881,Transportation,Benefits,Massey Group,1150.68,2025-08-22,Rejected,False,-1
286200,Transportation,Inspection,Watson Ltd,2324.03,2026-01-09,Approved,False,-1
286219,Health,Procurement,"Lopez, Miller and Russell",2174.83,2024-04-05,Pending,False,-1
286235,Transportation,Inspection,Johnson Inc,499548.42,2025-07-24,Approved,False,-1
286290,Education,Benefits,"Merritt, Moran and Warren",499517.28,2025-05-18,Pending,False,-1
286347,Health,Procurement,"Harrison, Smith and Lloyd",602.1,2025-08-30,Approved,False,-1
286811,Defense,Payroll,Murray Ltd,499891.45,2024-02-26,Approved,False,-1
286927,Health,Benefits,Gonzalez Group,433.81,2024-05-08,Rejected,False,-1
286981,Defense,Inspection,Russell Group,1936.06,2024-05-14,Approved,False,-1
287113,Health,Benefits,"Carr, Marquez and Marshall",1443.19,2024-08-11,Pending,False,-1
287180,Health,Benefits,Brown-Robles,498989.59,2024-11-21,Approved,False,-1
287223,Health,Benefits,Crawford Group,1345.65,2025-08-28,Approved,False,-1
287376,Transportation,Procurement,"Vance, Mclean and Davis",2127.18,2026-02-07,Pending,False,-1
287827,Education,Inspection,Brady-Guerrero,499062.65,2025-11-25,Approved,False,-1
287898,Transportation,Payroll,Cox-Wiley,2274.46,2024-07-24,Rejected,False,-1
288007,Health,Procurement,Flores and Sons,1146.59,2024-07-04,Approved,False,-1
288097,Education,Inspection,Sharp-Lewis,499698.89,2025-09-05,Pending,False,-1
288235,Health,Payroll,Bradshaw Ltd,801.9,2025-03-26,Approved,False,-1
288302,Defense,Benefits,Miles and Sons,499308.24,2025-04-13,Rejected,False,-1
288412,Education,Payroll,Bauer-Ellis,498294.23,2025-08-14,Rejected,False,-1
288492,Health,Benefits,Greer PLC,498929.24,2024-11-21,Pending,False,-1
288607,Health,Payroll,"Johnson, Wheeler and Gregory",499701.81,2024-07-15,Pending,False,-1
288648,Transportation,Procurement,Steele Group,1193.18,2025-03-14,Pending,False,-1
288663,Health,Procurement,Clayton-Jimenez,2687.95,2024-11-20,Approved,False,-1
288816,Health,Payroll,"Burch, Pollard and Miller",499277.94,2025-09-24,Rejected,False,-1
288856,Defense,Inspection,"Scott, Stewart and Lewis",1450.13,2025-07-09,Pending,False,-1
288868,Defense,Benefits,"Gonzalez, Byrd and Johnson",498284.43,2024-10-28,Rejected,False,-1
289086,Education,Payroll,"Mccoy, Green and Davis",930.06,2024-08-12,Pending,False,-1
289313,Education,Procurement,Mcbride Ltd,1159.61,2024-03-09,Approved,False,-1
289652,Education,Procurement,"Calderon, Roberts and Larson",498171.31,2025-05-14,Rejected,False,-1
289672,Transportation,Inspection,"Lewis, Murphy and Reyes",1729.02,2024-08-01,Rejected,False,-1
289748,Education,Payroll,Smith Ltd,1549.03,2024-12-09,Rejected,False,-1
289749,Transportation,Payroll,Roman-Curtis,2886.6,2025-05-13,Rejected,False,-1
289927,Defense,Procurement,"Roman, Mahoney and Graham",272.32,2025-01-23,Approved,False,-1
289978,Defense,Inspection,"Solomon, Anderson and Carey",1213.72,2024-11-13,Pending,False,-1
290006,Health,Inspection,Wood-Rosales,499821.61,2025-05-22,Rejected,False,-1
290041,Transportation,Procurement,"Edwards, Bell and Copeland",1692.89,2025-12-03,Rejected,False,-1
290183,Education,Benefits,Baker LLC,339.88,2025-01-16,Rejected,False,-1
290199,Defense,Procurement,"Mcdowell, Murphy and Morrow",499819.03,2026-01-22,Rejected,False,-1
290328,Health,Payroll,"Washington, Salinas and Peterson",2771.07,2025-09-21,Rejected,False,-1
290475,Education,Inspection,Irwin PLC,498350.04,2025-10-21,Rejected,False,-1
290603,Health,Procurement,Harris-Shaw,703.58,2025-04-26,Rejected,False,-1
290610,Education,Benefits,Williams Group,499386.52,2024-09-23,Rejected,False,-1
290683,Transportation,Procurement,Smith Group,1065.61,2024-09-09,Rejected,False,-1
290777,Defense,Benefits,"Rios, Green and Wolf",2243.54,2024-11-13,Approved,False,-1
291091,Education,Inspection,"Miller, Strong and Allen",498976.22,2024-07-06,Rejected,False,-1
291233,Education,Benefits,"Peterson, Barker and Gonzalez",2647.18,2024-11-21,Rejected,False,-1
291527,Health,Benefits,Lawrence-Hudson,879.31,2025-12-27,Rejected,False,-1
291571,Education,Inspection,Willis-Tucker,502.43,2025-04-19,Rejected,False,-1
291729,Education,Inspection,House LLC,498352.87,2025-03-30,Rejected,False,-1
291890,Health,Payroll,Doyle Group,499640.91,2025-08-07,Rejected,False,-1
291979,Health,Procurement,"Fields, Martinez and Silva",498855.19,2025-12-23,Pending,False,-1
292028,Health,Inspection,"Waller, Smith and Nelson",2374.96,2025-06-15,Pending,False,-1
292092,Education,Payroll,Burns PLC,498985.98,2024-03-01,Approved,False,-1
292101,Health,Procurement,"Edwards, Hopkins and Weber",2996.72,2025-04-18,Approved,False,-1
292142,Health,Inspection,Taylor-Garcia,2370.51,2026-01-09,Pending,False,-1
292163,Defense,Procurement,Thomas-Johnson,2785.48,2024-11-12,Approved,False,-1
292306,Education,Inspection,Holder-Smith,499106.43,2024-07-21,Approved,False,-1
292321,Transportation,Inspection,Guzman LLC,973.41,2024-04-10,Approved,False,-1
292383,Health,Procurement,Hoover PLC,2033.73,2025-01-29,Pending,False,-1
292412,Education,Inspection,Cortez PLC,1636.19,2024-04-26,Approved,False,-1
292474,Education,Procurement,"Jones, Schneider and Brown",353.5,2025-05-04,Rejected,False,-1
292529,Education,Inspection,Hudson-Hicks,498397.82,2025-03-31,Rejected,False,-1
292686,Education,Inspection,Turner Group,499396.93,2025-07-18,Rejected,False,-1
292741,Defense,Benefits,Smith Group,499304.82,2024-04-12,Approved,False,-1
292822,Health,Procurement,"Hutchinson, Mcconnell and Arnold",2062.89,2024-04-03,Pending,False,-1
292835,Transportation,Benefits,Smith-Mayer,1889.25,2025-05-06,Rejected,False,-1
292986,Transportation,Procurement,"Dunn, Powell and Merritt",498988.34,2024-04-11,Approved,False,-1
292993,Transportation,Benefits,"Hamilton, Jones and Dunlap",498644.78,2025-03-14,Approved,False,-1
293033,Education,Benefits,"Green, Johnson and Taylor",2801.44,2024-04-10,Pending,False,-1
293104,Education,Payroll,Raymond-Roberts,498364.71,2024-03-17,Approved,False,-1
293387,Health,Benefits,Barrera-Harris,499744.47,2025-06-11,Rejected,False,-1
293476,Health,Benefits,Brown Group,1021.02,2025-01-28,Pending,False,-1
293497,Education,Inspection,Townsend PLC,498117.72,2024-08-07,Rejected,False,-1
293513,Transportation,Benefits,Weber-Ritter,2464.86,2025-07-29,Pending,False,-1
293541,Transportation,Procurement,Diaz-Perry,2148.86,2025-11-13,Rejected,False,-1
293650,Transportation,Benefits,Wood-Owens,343.47,2025-03-27,Rejected,False,-1
293667,Defense,Payroll,"Morgan, Hunter and Walker",1966.47,2024-08-30,Rejected,False,-1
293848,Defense,Inspection,Travis-Bates,498428.87,2024-04-14,Pending,False,-1
294014,Transportation,Benefits,Kelley-Cooley,498380.34,2025-02-05,Rejected,False,-1
294113,Transportation,Payroll,Henderson PLC,107.3,2024-10-01,Pending,False,-1
294122,Transportation,Inspection,"Cruz, Robinson and Tate",1537.5,2025-03-17,Rejected,False,-1
294168,Health,Inspection,Gross Inc,445.79,2024-08-08,Pending,False,-1
294180,Health,Inspection,Brown PLC,376.23,2024-12-22,Rejected,False,-1
294551,Defense,Benefits,"Perez, Hernandez and Fleming",731.2,2025-07-12,Pending,False,-1
294665,Health,Benefits,Ross-Lang,3005.44,2024-02-24,Rejected,False,-1
294739,Defense,Procurement,Harrison and Sons,1066.57,2024-06-30,Rejected,False,-1
294815,Transportation,Payroll,Montgomery-Alvarez,900.26,2024-04-14,Rejected,False,-1
294868,Defense,Inspection,"Cline, Castillo and Mosley",1566.21,2025-05-23,Rejected,False,-1
294902,Transportation,Inspection,Lee-George,2189.61,2025-04-01,Pending,False,-1
295039,Transportation,Inspection,Black PLC,498498.44,2024-05-30,Pending,False,-1
295067,Defense,Inspection,Lee Inc,568.85,2024-12-19,Approved,False,-1
295070,Transportation,Procurement,Pacheco and Sons,2521.29,2025-07-03,Rejected,False,-1
295138,Health,Payroll,Boyer-Green,2863.36,2025-05-30,Approved,False,-1
295659,Transportation,Inspection,Zimmerman Inc,1698.01,2024-12-07,Approved,False,-1
295770,Education,Inspection,"Jones, Moreno and Lambert",158.72,2025-04-11,Rejected,False,-1
295878,Education,Procurement,Smith Group,2600.63,2025-10-17,Pending,False,-1
295911,Transportation,Benefits,"Ho, Johnson and Andrews",498298.32,2024-03-19,Rejected,False,-1
295915,Health,Inspection,"Bowen, Miller and Morris",2652.8,2025-07-15,Approved,False,-1
296013,Defense,Payroll,"Morgan, Snow and Phillips",499558.39,2025-04-05,Approved,False,-1
296064,Education,Procurement,"Mcintyre, Rowe and Rivera",499300.65,2024-04-10,Approved,False,-1
296151,Defense,Inspection,Bowen LLC,2273.48,2025-06-02,Approved,False,-1
296224,Health,Inspection,Knox-Carroll,499615.44,2025-06-18,Approved,False,-1
296428,Health,Procurement,"Burns, Ritter and Key",2359.13,2024-10-06,Approved,False,-1
296434,Health,Inspection,Rodriguez Ltd,629.94,2025-08-25,Pending,False,-1
296485,Defense,Inspection,Mclaughlin-Richards,498557.12,2025-12-21,Pending,False,-1
296624,Education,Payroll,"Stevens, Holt and Zimmerman",835.56,2025-07-04,Rejected,False,-1
296892,Transportation,Inspection,Russell-Brown,1054.94,2024-12-02,Pending,False,-1
296971,Health,Benefits,Conner-Barnett,2476.72,2024-03-31,Rejected,False,-1
297000,Health,Inspection,Jordan LLC,1583.16,2025-04-25,Pending,False,-1
297256,Transportation,Procurement,Cuevas Ltd,407.24,2025-05-04,Approved,False,-1
297458,Health,Payroll,"Peterson, Reese and Jones",498520.96,2025-08-14,Approved,False,-1
297733,Education,Procurement,Mullen-Small,1613.37,2025-01-05,Rejected,False,-1
297736,Transportation,Inspection,Phillips-Boyer,292.45,2024-03-23,Pending,False,-1
297742,Health,Inspection,Campbell Ltd,686.62,2025-11-14,Approved,False,-1
297769,Health,Inspection,Carpenter-Mcdonald,555.75,2025-04-24,Approved,False,-1
297786,Education,Procurement,Meyer Ltd,498283.99,2025-06-27,Rejected,False,-1
297888,Transportation,Payroll,Holloway-Carrillo,1104.86,2024-07-16,Approved,False,-1
297960,Transportation,Benefits,Acevedo LLC,2960.96,2024-07-18,Rejected,False,-1
298203,Health,Benefits,"Walker, Lamb and Lewis",912.73,2025-03-25,Approved,False,-1
298254,Defense,Procurement,"Robinson, Johnson and Flores",498638.27,2025-03-19,Pending,False,-1
298308,Defense,Payroll,Burch-Morgan,256.7,2025-11-02,Rejected,False,-1
298380,Transportation,Procurement,Trevino PLC,498671.93,2025-12-01,Pending,False,-1
298429,Health,Procurement,"Mullins, Rodriguez and Miller",2633.82,2025-05-06,Approved,False,-1
298571,Health,Benefits,"Martinez, Bowers and Henderson",498230.55,2025-02-23,Rejected,False,-1
298609,Education,Inspection,Hancock-Adams,498310.74,2024-04-11,Pending,False,-1
298616,Defense,Payroll,Graham-Bell,498185.67,2025-02-05,Rejected,False,-1
298758,Transportation,Payroll,"Mason, Hancock and Shepard",1222.45,2024-06-27,Approved,False,-1
298760,Education,Benefits,Mccall-Nichols,1922.64,2025-11-04,Approved,False,-1
298791,Defense,Procurement,Gibson-Farmer,675.5,2025-03-01,Approved,False,-1
298944,Defense,Procurement,"Mejia, Simmons and Wright",832.71,2025-09-11,Rejected,False,-1
299086,Health,Payroll,Walker Inc,596.12,2024-04-28,Approved,False,-1
299094,Education,Benefits,"Cohen, Hawkins and Burnett",2273.7,2025-08-29,Pending,False,-1
299104,Transportation,Inspection,Palmer Ltd,1726.22,2025-05-13,Rejected,False,-1
299504,Health,Procurement,Garcia PLC,1160.21,2025-10-12,Approved,False,-1
299596,Education,Procurement,Holmes-Garza,1656.85,2025-12-23,Pending,False,-1
299767,Health,Procurement,Ryan-Ford,1509.97,2024-07-13,Pending,False,-1
299880,Health,Procurement,Olsen-Tran,499688.05,2025-03-11,Approved,False,-1
299983,Transportation,Procurement,Kelly Group,2275.68,2025-05-11,Rejected,False,-1
300023,Health,Benefits,"Carter, Wilkins and Grimes",498081.21,2024-07-03,Rejected,False,-1
300042,Defense,Benefits,"Lewis, Herring and Robertson",499843.1,2025-03-14,Pending,False,-1
300108,Transportation,Procurement,"Wilson, Weber and Glenn",499755.7,2024-08-21,Pending,False,-1
300155,Health,Payroll,"Weber, Rivera and Mata",498817.03,2025-04-12,Pending,False,-1
300211,Education,Payroll,White-Gonzalez,498507.97,2025-08-10,Pending,False,-1
300223,Defense,Inspection,Hall LLC,1396.65,2024-11-30,Approved,False,-1
300314,Education,Benefits,Taylor Ltd,1621.49,2024-05-08,Pending,False,-1
300437,Defense,Payroll,Thompson Group,498189.65,2025-04-10,Rejected,False,-1
300519,Defense,Procurement,Baker-Gregory,499998.08,2025-12-05,Pending,False,-1
300520,Transportation,Inspection,"Ramsey, Gray and Watson",498349.64,2025-12-13,Pending,False,-1
300623,Health,Procurement,Briggs LLC,498125.7,2025-08-30,Approved,False,-1
300707,Transportation,Procurement,Santos and Sons,498623.06,2024-12-21,Rejected,False,-1
300713,Education,Inspection,Ramos LLC,1007.07,2025-06-21,Pending,False,-1
300872,Health,Payroll,Cherry-Hoffman,2050.32,2024-06-26,Rejected,False,-1
300911,Transportation,Benefits,Moreno-Young,499587.4,2025-08-18,Pending,False,-1
301061,Defense,Payroll,"Thomas, Hickman and Erickson",237.7,2024-11-28,Rejected,False,-1
301298,Education,Payroll,Hall PLC,2656.44,2026-01-05,Approved,False,-1
301309,Health,Benefits,Nguyen Inc,1359.7,2024-09-04,Approved,False,-1
301489,Education,Procurement,Lambert Group,498524.17,2025-12-08,Approved,False,-1
301621,Defense,Inspection,Owens-Huber,588.05,2024-11-14,Approved,False,-1
301627,Transportation,Inspection,Sullivan-Williams,2254.88,2024-11-18,Pending,False,-1
301787,Education,Payroll,Leon-Kennedy,1999.22,2025-06-26,Rejected,False,-1
301800,Defense,Payroll,Spencer-Carr,1425.82,2024-03-25,Pending,False,-1
302045,Defense,Payroll,Cole-Webb,499020.83,2026-02-05,Pending,False,-1
302093,Education,Benefits,"Gonzalez, Miller and Walker",1886.96,2024-07-22,Approved,False,-1
302201,Transportation,Procurement,Peterson PLC,1900.8,2025-05-18,Pending,False,-1
302232,Defense,Procurement,"Fischer, Howard and Bowman",2305.5,2025-04-10,Pending,False,-1
302271,Health,Inspection,"Marshall, Ball and Schultz",2453.92,2025-02-08,Rejected,False,-1
302277,Transportation,Inspection,"Wise, Miller and Young",2405.44,2024-02-13,Pending,False,-1
302420,Defense,Payroll,Davidson-Martinez,1534.42,2025-01-12,Rejected,False,-1
302475,Health,Benefits,"Maldonado, Liu and Hart",1725.75,2025-08-01,Approved,False,-1
302654,Education,Payroll,"Long, Castillo and Fowler",498288.65,2024-09-03,Rejected,False,-1
302727,Defense,Payroll,"Nunez, Matthews and Gilbert",499746.69,2025-12-14,Pending,False,-1
302743,Transportation,Procurement,"Smith, Franco and Garcia",499006.29,2025-10-10,Approved,False,-1
302800,Transportation,Inspection,"Jimenez, Carpenter and Hall",499298.94,2025-05-23,Pending,False,-1
302823,Health,Payroll,"Wright, Richards and Hill",499400.97,2025-02-02,Pending,False,-1
302852,Transportation,Procurement,Mueller-Munoz,498971.27,2024-09-26,Approved,False,-1
303130,Health,Procurement,Medina-Nelson,498035.76,2025-09-19,Approved,False,-1
303199,Defense,Inspection,Chaney-Miles,499831.71,2024-12-08,Pending,False,-1
303201,Transportation,Payroll,Anderson Group,942.74,2025-04-07,Pending,False,-1
303247,Health,Payroll,"Allen, Jones and Randall",498203.82,2025-02-14,Rejected,False,-1
303351,Education,Payroll,Morris-Conway,1594.06,2024-12-11,Pending,False,-1
303385,Transportation,Procurement,"Joseph, Young and King",2366.24,2025-06-16,Rejected,False,-1
303386,Defense,Inspection,Flynn PLC,498806.5,2024-08-07,Pending,False,-1
303805,Transportation,Payroll,Hernandez PLC,2825.24,2025-06-08,Pending,False,-1
303968,Transportation,Procurement,"Werner, Knight and Morris",498932.21,2026-01-30,Pending,False,-1
304024,Defense,Benefits,"Hernandez, Sweeney and Baker",484.16,2026-01-25,Rejected,False,-1
304150,Health,Benefits,"Wilson, Meza and Tran",498900.56,2025-07-05,Rejected,False,-1
304230,Education,Procurement,Torres-Meadows,313.25,2024-02-18,Pending,False,-1
304233,Transportation,Benefits,"Harris, May and Black",498846.63,2024-07-01,Approved,False,-1
304312,Defense,Procurement,Jordan PLC,1240.3,2025-09-20,Pending,False,-1
304452,Health,Payroll,Smith PLC,2573.25,2024-10-06,Rejected,False,-1
304669,Education,Payroll,Steele-Caldwell,2197.8,2024-10-28,Rejected,False,-1
304691,Education,Procurement,"Butler, Jones and Jensen",499418.74,2024-02-25,Rejected,False,-1
304733,Transportation,Procurement,Pierce-Ponce,2361.99,2024-08-21,Approved,False,-1
304778,Health,Payroll,Rose PLC,1846.29,2024-05-28,Pending,False,-1
304836,Transportation,Inspection,"Allen, Moody and Bass",1326.97,2024-07-17,Approved,False,-1
305078,Health,Payroll,Arnold-Adams,639.85,2024-02-19,Pending,False,-1
305187,Defense,Procurement,Garner-Moore,498516.5,2025-07-10,Rejected,False,-1
305195,Transportation,Inspection,Delgado PLC,499201.5,2025-11-29,Rejected,False,-1
305371,Education,Payroll,"Harmon, Turner and Hahn",1887.44,2026-01-11,Pending,False,-1
305513,Transportation,Inspection,"Gallegos, Smith and Simpson",1589.82,2024-05-21,Pending,False,-1
305595,Defense,Benefits,Boone-Foster,511.06,2024-02-21,Approved,False,-1
305645,Education,Benefits,Gregory Ltd,497879.3,2025-09-23,Pending,False,-1
305672,Defense,Benefits,Hoffman-Hudson,499754.46,2025-07-10,Approved,False,-1
305763,Transportation,Benefits,Rodriguez-Thompson,409.46,2025-12-28,Pending,False,-1
305860,Defense,Procurement,"Moody, Mercado and Ramsey",1211.76,2024-11-18,Pending,False,-1
305863,Health,Procurement,Arnold-Johnson,498643.52,2024-10-04,Rejected,False,-1
305892,Defense,Benefits,"Cantrell, Jimenez and Davis",499761.11,2025-03-22,Pending,False,-1
305921,Defense,Benefits,Rivera LLC,590.01,2025-06-02,Approved,False,-1
305974,Transportation,Inspection,Bryant-Wilson,655.62,2025-09-15,Pending,False,-1
306019,Health,Procurement,"Bailey, Jackson and Smith",2797.02,2024-07-09,Approved,False,-1
306126,Education,Procurement,Romero and Sons,2609.66,2025-05-27,Approved,False,-1
306150,Defense,Payroll,Hayes-Wise,498721.33,2024-12-18,Rejected,False,-1
306201,Transportation,Procurement,Pacheco-Daniel,312.05,2026-01-12,Rejected,False,-1
306248,Defense,Procurement,"Stewart, Brown and Scott",555.05,2024-09-05,Approved,False,-1
306376,Education,Inspection,"Castillo, Kelley and Mcneil",767.57,2024-07-19,Rejected,False,-1
306417,Transportation,Inspection,"Savage, Aguilar and Jones",499145.66,2024-04-19,Approved,False,-1
306451,Health,Inspection,Nguyen LLC,2782.97,2024-07-08,Approved,False,-1
306492,Defense,Payroll,"Rosario, Wilson and Jenkins",370.84,2025-07-17,Approved,False,-1
306507,Transportation,Procurement,Lopez-Thompson,499350.42,2024-07-07,Pending,False,-1
306529,Education,Procurement,"Monroe, Powell and Gutierrez",498893.75,2025-11-08,Rejected,False,-1
306587,Transportation,Procurement,Green Ltd,640.68,2024-07-12,Pending,False,-1
306601,Defense,Benefits,Jones-Smith,1619.4,2025-01-29,Rejected,False,-1
306649,Defense,Procurement,Lucero LLC,499705.96,2024-03-24,Approved,False,-1
306930,Transportation,Benefits,Walker-Norman,1108.91,2024-12-24,Pending,False,-1
307088,Education,Benefits,Morrison and Sons,1658.04,2025-05-02,Pending,False,-1
307485,Transportation,Payroll,"Andersen, Wallace and Collins",498077.5,2025-03-16,Pending,False,-1
307530,Education,Inspection,"Watts, Allen and Meyer",2284.03,2025-04-14,Rejected,False,-1
307628,Transportation,Procurement,"Hall, Rogers and Haynes",2858.75,2024-05-30,Rejected,False,-1
307636,Defense,Procurement,Bentley and Sons,499218.48,2024-11-23,Pending,False,-1
307892,Education,Benefits,"Stephens, Joseph and Barton",498788.5,2025-10-25,Pending,False,-1
308003,Education,Payroll,Perry-Beltran,499041.12,2025-05-21,Rejected,False,-1
308168,Defense,Benefits,"Baker, Sharp and Coleman",1526.73,2024-06-14,Approved,False,-1
308202,Health,Payroll,Palmer PLC,499091.49,2025-06-26,Rejected,False,-1
308331,Transportation,Payroll,"Reese, Miller and Taylor",1735.52,2025-05-05,Rejected,False,-1
308364,Transportation,Inspection,Banks Ltd,498178.64,2025-05-23,Approved,False,-1
308569,Education,Procurement,Berry-Dean,2746.09,2025-06-29,Pending,False,-1
308575,Health,Procurement,"Perkins, Norman and Fernandez",2390.93,2025-10-30,Approved,False,-1
308868,Transportation,Inspection,Brown-Chan,2437.94,2024-09-06,Pending,False,-1
309082,Health,Procurement,Howard Group,499876.84,2024-07-06,Approved,False,-1
309232,Transportation,Benefits,Morales Group,826.97,2025-04-27,Pending,False,-1
309393,Education,Procurement,Chen-Cummings,2918.04,2025-09-20,Rejected,False,-1
309404,Transportation,Procurement,Ward PLC,499138.37,2024-04-14,Rejected,False,-1
309562,Transportation,Procurement,"Blanchard, Harvey and Davis",498402.77,2025-07-26,Rejected,False,-1
309614,Education,Payroll,Case-Hill,2215.12,2025-03-02,Pending,False,-1
309626,Health,Payroll,Davidson-Rhodes,457.25,2026-02-08,Approved,False,-1
309693,Transportation,Benefits,Chang-Andrews,1710.96,2025-11-05,Approved,False,-1
309765,Transportation,Payroll,Davis-Beck,1538.82,2025-02-03,Pending,False,-1
309858,Education,Payroll,"Valdez, Anderson and Dyer",499498.72,2025-05-31,Pending,False,-1
310042,Transportation,Payroll,Robinson-Robbins,498944.69,2026-01-13,Approved,False,-1
310277,Health,Benefits,"Petersen, Camacho and Caldwell",1927.93,2025-07-13,Rejected,False,-1
310315,Health,Payroll,Cooper LLC,245.51,2025-04-04,Pending,False,-1
310373,Health,Benefits,Turner-Walker,893.84,2025-02-14,Approved,False,-1
310427,Transportation,Payroll,Torres-Miller,498594.47,2025-02-27,Rejected,False,-1
310527,Health,Benefits,Hogan and Sons,1256.3,2024-03-17,Rejected,False,-1
310799,Education,Inspection,"Cooper, Berger and Colon",498781.54,2025-02-03,Rejected,False,-1
310839,Transportation,Inspection,Schneider-Perez,498481.26,2025-11-02,Pending,False,-1
311363,Health,Payroll,"Murillo, Byrd and Brown",1637.38,2024-12-10,Pending,False,-1
311375,Health,Payroll,"Dickson, Davidson and Andrade",2942.28,2024-02-22,Pending,False,-1
311382,Health,Benefits,Burns-Cook,541.08,2024-10-02,Rejected,False,-1
311429,Health,Payroll,"Scott, Ewing and Carson",2204.29,2025-09-04,Pending,False,-1
311472,Education,Benefits,Noble PLC,498947.82,2024-11-06,Pending,False,-1
311490,Transportation,Payroll,Perez-Mendoza,335.11,2025-12-01,Rejected,False,-1
311654,Health,Payroll,Miller-Booker,2848.18,2025-12-27,Approved,False,-1
311655,Education,Inspection,Hall-Berg,3032.15,2024-06-08,Pending,False,-1
311712,Transportation,Procurement,Alvarez LLC,991.77,2024-08-11,Rejected,False,-1
311804,Education,Procurement,Moore Inc,499611.67,2025-11-21,Rejected,False,-1
311854,Education,Payroll,"Wright, Rodriguez and Parker",2953.53,2024-08-11,Rejected,False,-1
311928,Transportation,Inspection,Mills-Schmidt,1387.58,2024-12-05,Rejected,False,-1
311950,Health,Payroll,Duncan-West,499655.95,2025-09-16,Approved,False,-1
312016,Health,Inspection,Welch Inc,2035.13,2024-10-05,Pending,False,-1
312304,Defense,Inspection,Keller and Sons,1526.6,2025-07-30,Pending,False,-1
312334,Education,Procurement,Howell PLC,888.01,2025-07-28,Rejected,False,-1
312543,Transportation,Procurement,Foster-Allen,498085.78,2024-07-06,Rejected,False,-1
312639,Education,Procurement,Stevens-Fletcher,1681.37,2024-09-21,Approved,False,-1
312730,Transportation,Benefits,Strickland-Horton,1893.27,2025-09-15,Pending,False,-1
312814,Health,Procurement,"Marquez, Logan and Myers",498606.55,2025-08-24,Rejected,False,-1
312835,Health,Payroll,"Taylor, Myers and Wall",3016.42,2025-02-03,Rejected,False,-1
312995,Health,Inspection,Reeves-Stone,498411.63,2024-08-10,Pending,False,-1
313011,Transportation,Payroll,Hanna-Hoffman,2248.78,2024-11-15,Rejected,False,-1
313047,Defense,Benefits,Olson-Blankenship,568.81,2025-05-12,Rejected,False,-1
313075,Defense,Inspection,Baldwin-Bates,710.0,2024-03-03,Rejected,False,-1
313096,Defense,Payroll,Willis-Dillon,498620.41,2025-10-21,Pending,False,-1
313240,Health,Procurement,Parks and Sons,2561.7,2025-08-28,Approved,False,-1
313306,Health,Payroll,Price-Cruz,498804.39,2024-05-16,Rejected,False,-1
313363,Defense,Payroll,Coleman Inc,498817.51,2025-10-23,Pending,False,-1
313379,Education,Procurement,Mathews-Boyer,1527.07,2024-06-06,Approved,False,-1
313428,Health,Benefits,Alexander Ltd,498134.97,2025-07-28,Pending,False,-1
313686,Defense,Benefits,Townsend-Williams,2434.14,2024-07-14,Approved,False,-1
313809,Health,Benefits,Ryan-Brooks,908.29,2025-11-25,Pending,False,-1
313810,Transportation,Procurement,Pittman Ltd,432.92,2024-07-18,Approved,False,-1
313968,Health,Benefits,"Walters, Perkins and Gregory",1274.22,2024-09-16,Pending,False,-1
314141,Education,Procurement,"Williams, Williamson and Day",3127.13,2024-12-23,Pending,False,-1
314414,Transportation,Payroll,"Goodwin, Mason and Smith",2738.28,2024-09-06,Rejected,False,-1
314423,Defense,Benefits,Mcneil and Sons,499404.02,2025-02-15,Approved,False,-1
314541,Transportation,Procurement,Rice-Tran,1285.07,2025-03-21,Rejected,False,-1
314731,Transportation,Inspection,"Tran, Holden and Romero",499715.09,2024-05-01,Pending,False,-1
314765,Transportation,Procurement,"Mcintosh, Proctor and Campbell",2345.95,2024-11-28,Rejected,False,-1
314771,Defense,Benefits,"Alvarez, Hull and Anderson",1771.86,2024-10-28,Approved,False,-1
314842,Defense,Procurement,"Dominguez, Mcdaniel and Young",499535.41,2025-06-03,Approved,False,-1
315036,Health,Payroll,Harris-Wright,499645.11,2024-03-13,Pending,False,-1
315102,Transportation,Benefits,Stephens Ltd,498794.86,2024-06-07,Rejected,False,-1
315117,Education,Benefits,Moore and Sons,498620.53,2024-03-23,Rejected,False,-1
315212,Health,Inspection,Jensen-Davis,2676.97,2025-06-04,Rejected,False,-1
315378,Defense,Payroll,"Snyder, Robertson and Davis",498094.13,2025-07-05,Pending,False,-1
315473,Transportation,Inspection,Smith-Moore,499295.95,2025-11-24,Approved,False,-1
315480,Health,Benefits,Mason and Sons,2856.6,2025-06-04,Rejected,False,-1
315595,Defense,Benefits,"Jensen, Burnett and Boone",383.45,2025-10-27,Rejected,False,-1
315734,Transportation,Benefits,"Daniels, Bailey and Kaiser",499387.33,2024-11-07,Pending,False,-1
315738,Health,Procurement,"Kline, Collins and Doyle",330.46,2024-12-25,Pending,False,-1
315776,Health,Benefits,Wood-Harrison,1803.01,2024-09-07,Approved,False,-1
315789,Education,Benefits,"Ray, Newton and Caldwell",1916.33,2024-04-17,Approved,False,-1
315862,Defense,Inspection,Bailey Group,618.8,2025-12-17,Rejected,False,-1
316143,Defense,Inspection,Nguyen LLC,498851.23,2025-09-21,Pending,False,-1
316223,Transportation,Benefits,"Sandoval, Whitney and Palmer",2163.63,2024-06-12,Rejected,False,-1
316266,Health,Payroll,Horne and Sons,1611.82,2024-11-17,Pending,False,-1
316340,Education,Inspection,Jennings and Sons,2164.07,2024-10-22,Rejected,False,-1
316484,Health,Procurement,Ibarra-Buchanan,2777.69,2025-11-10,Rejected,False,-1
316577,Health,Payroll,Gonzales-Mcknight,1597.3,2024-04-16,Rejected,False,-1
316609,Health,Payroll,"Jones, Gonzalez and Aguilar",1248.16,2024-12-26,Pending,False,-1
316647,Health,Procurement,Tate Inc,498044.84,2024-08-19,Pending,False,-1
316846,Education,Procurement,Patel-Smith,275.07,2024-09-03,Pending,False,-1
316924,Transportation,Payroll,"King, Hernandez and Snyder",485.22,2024-03-27,Approved,False,-1
316970,Transportation,Inspection,Baird Ltd,1540.12,2025-10-18,Pending,False,-1
317036,Transportation,Benefits,"Perez, Hobbs and Frey",498714.68,2025-02-07,Rejected,False,-1
317094,Health,Procurement,Gomez-Gutierrez,2301.32,2025-03-17,Approved,False,-1
317217,Transportation,Inspection,Brown-Robinson,499539.67,2024-03-23,Pending,False,-1
317220,Defense,Payroll,"Mcgee, Carter and Thomas",498466.43,2026-01-09,Rejected,False,-1
317235,Defense,Inspection,Smith LLC,841.1,2025-04-05,Rejected,False,-1
317261,Health,Payroll,Pratt-Gomez,499499.99,2024-07-23,Pending,False,-1
317413,Health,Procurement,"Weber, Henderson and Gutierrez",499031.28,2024-07-13,Pending,False,-1
317850,Health,Procurement,"Ramos, Paul and Rose",498783.92,2024-09-07,Pending,False,-1
318027,Transportation,Benefits,Day-Vargas,684.22,2025-10-22,Approved,False,-1
318097,Health,Payroll,Jenkins and Sons,499898.86,2024-08-22,Pending,False,-1
318297,Defense,Benefits,Yoder-Sanders,1889.67,2025-07-21,Pending,False,-1
318364,Health,Procurement,Hawkins LLC,497939.99,2024-12-10,Pending,False,-1
318417,Education,Procurement,Gordon PLC,499759.56,2026-01-01,Pending,False,-1
318511,Education,Inspection,Steele Inc,212.55,2025-12-01,Rejected,False,-1
318559,Transportation,Procurement,Davis-Carter,499572.13,2024-12-22,Pending,False,-1
318593,Health,Inspection,Moore Inc,499579.88,2026-02-02,Rejected,False,-1
318692,Defense,Payroll,"Padilla, Bradford and Melendez",224.35,2025-10-16,Pending,False,-1
318721,Transportation,Payroll,"Thomas, Reynolds and Reed",683.82,2026-01-04,Approved,False,-1
318766,Defense,Benefits,"Harris, Peterson and Murphy",1287.22,2024-10-13,Pending,False,-1
318772,Defense,Inspection,"Yoder, Vega and Ray",2703.1,2024-03-19,Pending,False,-1
318871,Transportation,Inspection,Ellis-Mclean,1701.19,2024-03-28,Approved,False,-1
319008,Health,Procurement,Rogers Group,2975.7,2025-11-02,Pending,False,-1
319010,Defense,Payroll,Pennington Group,470.76,2024-11-07,Rejected,False,-1
319108,Defense,Payroll,"Wright, Duke and Brown",498089.4,2025-11-14,Pending,False,-1
319162,Defense,Inspection,Mitchell Inc,592.67,2025-04-14,Pending,False,-1
319187,Education,Inspection,"Mcgee, Reynolds and Combs",522.52,2024-11-12,Rejected,False,-1
319366,Education,Procurement,Wiggins Inc,2114.85,2024-08-18,Approved,False,-1
319369,Health,Inspection,"Parker, Turner and Ellis",499434.28,2025-12-24,Pending,False,-1
319419,Education,Benefits,"Holloway, Adams and Martinez",498952.1,2025-10-08,Approved,False,-1
319578,Education,Benefits,Ross Inc,986.47,2025-06-29,Rejected,False,-1
319714,Education,Procurement,Cortez-Roberts,2355.65,2024-04-10,Approved,False,-1
319871,Defense,Inspection,Watkins LLC,2092.47,2025-08-29,Rejected,False,-1
320026,Transportation,Procurement,"Wilson, Miller and Green",499589.03,2025-01-24,Pending,False,-1
320168,Transportation,Procurement,"Marshall, Bailey and Kane",499193.16,2025-02-20,Pending,False,-1
320318,Defense,Benefits,"Parker, Murphy and Burgess",1846.12,2025-10-26,Pending,False,-1
320392,Defense,Benefits,Graves-Watts,2885.24,2025-10-28,Rejected,False,-1
320424,Health,Procurement,"Hansen, Wright and Anderson",2887.74,2025-07-17,Approved,False,-1
320477,Health,Benefits,Walker-Williams,498248.78,2026-01-07,Rejected,False,-1
320509,Health,Procurement,"Benson, Kennedy and Roman",2329.83,2024-10-25,Pending,False,-1
320543,Education,Payroll,"Romero, Murphy and Mccormick",2996.31,2025-03-17,Rejected,False,-1
320551,Health,Procurement,Deleon PLC,498691.53,2025-01-24,Pending,False,-1
320617,Transportation,Inspection,"Nelson, Clark and Franklin",498461.36,2024-10-14,Approved,False,-1
320648,Health,Benefits,"Farrell, Taylor and Arias",498481.75,2024-06-19,Rejected,False,-1
320651,Defense,Benefits,Peterson-Nelson,1823.89,2024-10-04,Approved,False,-1
320787,Transportation,Inspection,"Lee, Jones and Roach",498549.74,2025-06-02,Approved,False,-1
320813,Defense,Payroll,Morrow PLC,498320.76,2025-03-21,Rejected,False,-1
320931,Education,Benefits,Hamilton-Malone,1961.84,2025-03-26,Pending,False,-1
321052,Education,Inspection,Trujillo-Torres,498071.77,2024-06-08,Approved,False,-1
321094,Defense,Inspection,"Walker, Simpson and Thomas",726.87,2025-12-28,Pending,False,-1
321246,Health,Procurement,"Fields, Maxwell and Hebert",498189.31,2025-05-20,Rejected,False,-1
321517,Defense,Procurement,White Inc,649.22,2024-03-31,Pending,False,-1
321736,Health,Procurement,"Durham, Taylor and Romero",499819.01,2025-07-28,Pending,False,-1
321800,Education,Procurement,"Davis, Smith and Brooks",591.62,2025-07-02,Rejected,False,-1
321844,Health,Payroll,Chaney Inc,2481.38,2025-04-21,Rejected,False,-1
322032,Health,Inspection,Brown-Phillips,499614.83,2026-01-02,Pending,False,-1
322065,Transportation,Inspection,Kelly LLC,2510.23,2024-08-15,Approved,False,-1
322147,Health,Procurement,Fisher-Robinson,499660.02,2025-08-16,Rejected,False,-1
322256,Transportation,Benefits,"Barry, Acosta and Ibarra",2663.25,2024-03-14,Approved,False,-1
322268,Transportation,Procurement,Shelton Ltd,498205.75,2025-12-01,Rejected,False,-1
322413,Education,Payroll,"Rivera, Steele and Alexander",320.98,2024-11-16,Pending,False,-1
322433,Health,Procurement,Moore-Blevins,498032.53,2024-10-17,Pending,False,-1
322517,Health,Inspection,"Richards, Herrera and Pearson",2313.21,2025-05-26,Approved,False,-1
322654,Health,Payroll,Soto Group,3022.99,2024-04-12,Approved,False,-1
322787,Transportation,Procurement,"Vance, Nixon and Wright",722.91,2024-06-10,Approved,False,-1
322957,Transportation,Benefits,Harvey and Sons,1452.81,2024-06-28,Pending,False,-1
323060,Education,Procurement,"Barnett, Miller and Martinez",2498.78,2024-11-26,Pending,False,-1
323085,Health,Payroll,"Smith, Pugh and Morris",499633.92,2025-12-05,Approved,False,-1
323166,Defense,Inspection,"Anthony, Erickson and Ward",499026.65,2025-01-22,Rejected,False,-1
323242,Defense,Inspection,Smith-Ellis,499436.17,2025-12-20,Pending,False,-1
323315,Health,Inspection,Yang Ltd,499818.45,2024-09-22,Rejected,False,-1
323525,Education,Payroll,Oconnell-Smith,1114.44,2025-07-19,Approved,False,-1
323626,Education,Benefits,"Castillo, Duncan and Lopez",1481.01,2025-09-09,Rejected,False,-1
323680,Health,Procurement,"Mendez, Ramirez and Lee",322.48,2024-09-30,Approved,False,-1
323696,Transportation,Payroll,"Lindsey, Hampton and Jennings",2537.94,2026-01-19,Rejected,False,-1
323963,Defense,Benefits,Reilly-Smith,1710.36,2024-12-27,Rejected,False,-1
323979,Education,Payroll,Smith Inc,2640.19,2024-02-25,Approved,False,-1
324109,Education,Inspection,"Smith, Cohen and Zimmerman",1584.76,2025-03-06,Pending,False,-1
324169,Transportation,Payroll,Martin-Hunter,499667.47,2024-09-16,Rejected,False,-1
324303,Health,Payroll,Bradley Ltd,499685.02,2025-11-11,Approved,False,-1
324375,Health,Inspection,Taylor LLC,1713.06,2025-07-01,Rejected,False,-1
324405,Education,Procurement,"Myers, Reyes and Smith",1306.6,2024-07-26,Approved,False,-1
324460,Transportation,Payroll,Harris PLC,499691.04,2026-01-19,Approved,False,-1
324598,Defense,Payroll,Miller Group,499455.95,2024-06-30,Rejected,False,-1
324600,Defense,Payroll,Ford Group,1846.3,2024-02-22,Pending,False,-1
324777,Defense,Benefits,Rodriguez-Nelson,2408.85,2025-01-01,Approved,False,-1
324784,Health,Inspection,"Scott, Erickson and Cook",1226.03,2024-08-30,Pending,False,-1
324945,Defense,Procurement,Brady Ltd,498055.17,2025-05-17,Approved,False,-1
325003,Defense,Payroll,Lowe PLC,135.87,2025-12-06,Pending,False,-1
325191,Education,Procurement,James-Griffin,499426.91,2024-09-06,Pending,False,-1
325206,Transportation,Benefits,Roberts PLC,499721.86,2024-12-27,Pending,False,-1
325207,Transportation,Procurement,Abbott Ltd,1385.02,2024-09-19,Rejected,False,-1
325254,Defense,Procurement,Rivas and Sons,910.0,2024-10-23,Approved,False,-1
325548,Education,Procurement,Wilson-Waller,956.37,2024-07-19,Approved,False,-1
325556,Education,Inspection,Douglas and Sons,2649.28,2025-11-25,Rejected,False,-1
325566,Health,Benefits,Frazier-Palmer,498179.39,2024-12-21,Pending,False,-1
326085,Education,Benefits,Anthony Group,2740.49,2025-02-05,Approved,False,-1
326106,Transportation,Inspection,"Thomas, Wilson and Barajas",725.73,2025-04-25,Rejected,False,-1
326141,Health,Benefits,Parker-Wu,1038.71,2024-09-22,Pending,False,-1
326147,Defense,Benefits,Kirk-Sims,2366.38,2024-11-05,Pending,False,-1
326187,Education,Payroll,Frederick-Hall,499882.58,2026-02-05,Rejected,False,-1
326326,Transportation,Payroll,Hampton-Branch,498075.35,2025-12-27,Pending,False,-1
326343,Education,Inspection,Thompson and Sons,2743.76,2024-03-25,Pending,False,-1
326359,Transportation,Procurement,Rodriguez-Ross,499654.0,2025-09-19,Pending,False,-1
326614,Defense,Benefits,Davis-Simpson,498595.95,2024-03-19,Approved,False,-1
326768,Transportation,Procurement,Crane LLC,498134.24,2024-08-01,Pending,False,-1
326863,Health,Inspection,"Smith, Clements and Barry",644.81,2024-05-30,Approved,False,-1
326893,Defense,Benefits,"Lewis, Steele and Howard",499916.23,2025-09-29,Approved,False,-1
326949,Education,Inspection,"Rodriguez, Gonzalez and Snyder",2354.7,2025-01-13,Approved,False,-1
326976,Health,Payroll,"Jones, Henderson and Neal",656.73,2024-10-06,Pending,False,-1
327006,Defense,Procurement,"Harmon, Russell and Harris",498469.12,2026-01-20,Rejected,False,-1
327161,Health,Inspection,Mullen-Gomez,493.6,2024-12-11,Rejected,False,-1
327251,Defense,Procurement,Grant Ltd,498156.21,2024-05-23,Pending,False,-1
327598,Health,Benefits,"Parker, Newman and Roberts",873.2,2025-05-29,Approved,False,-1
327837,Education,Procurement,"Weber, Kennedy and Cooper",499747.04,2024-06-19,Approved,False,-1
327843,Health,Benefits,"Mitchell, Murray and Michael",2698.43,2024-07-28,Rejected,False,-1
328111,Education,Payroll,Gutierrez LLC,2470.84,2024-11-27,Rejected,False,-1
328427,Defense,Benefits,"Foley, Mitchell and Stanley",1078.7,2025-11-16,Pending,False,-1
328734,Defense,Payroll,"Henry, Hicks and Baker",2432.97,2024-12-21,Rejected,False,-1
328751,Health,Inspection,Greene and Sons,499732.85,2024-06-02,Approved,False,-1
328797,Education,Inspection,Moore-Frazier,498448.26,2025-02-08,Approved,False,-1
328856,Defense,Payroll,Stone PLC,2693.39,2025-10-09,Pending,False,-1
328957,Transportation,Payroll,Allen Group,2484.66,2024-07-30,Pending,False,-1
328978,Education,Payroll,Oliver Ltd,2698.43,2025-01-27,Pending,False,-1
329092,Transportation,Benefits,"Black, Forbes and Cox",840.88,2025-01-31,Pending,False,-1
329179,Education,Payroll,Taylor and Sons,750.12,2025-12-28,Rejected,False,-1
329216,Health,Benefits,Johnson Inc,1530.89,2024-02-25,Pending,False,-1
329333,Health,Benefits,"Gomez, Scott and Wilson",498987.88,2025-05-16,Pending,False,-1
329374,Defense,Inspection,Becker Ltd,2986.71,2025-11-03,Pending,False,-1
329452,Transportation,Benefits,"Whitney, George and Ross",2927.38,2025-04-20,Approved,False,-1
329498,Health,Benefits,Olson Ltd,498328.69,2024-11-18,Approved,False,-1
329530,Transportation,Inspection,Taylor and Sons,1364.66,2026-01-21,Pending,False,-1
329638,Transportation,Inspection,Riley-Briggs,2266.73,2026-01-02,Approved,False,-1
329657,Defense,Benefits,Austin-Phelps,2102.02,2025-07-03,Approved,False,-1
329680,Transportation,Benefits,"Freeman, Morris and Young",1656.74,2026-01-29,Approved,False,-1
329689,Transportation,Inspection,Allen PLC,372.39,2024-07-16,Approved,False,-1
329691,Health,Benefits,Reynolds-Coleman,1207.43,2025-06-04,Approved,False,-1
329760,Transportation,Payroll,Thompson Ltd,1772.1,2024-11-06,Rejected,False,-1
329769,Health,Benefits,Nunez-Serrano,300.88,2024-05-08,Approved,False,-1
329803,Transportation,Payroll,Mills PLC,1733.71,2024-06-21,Pending,False,-1
329951,Education,Procurement,Lynch-Stone,2334.85,2025-06-04,Pending,False,-1
330047,Defense,Inspection,Terrell-Mcdaniel,2604.21,2024-04-03,Approved,False,-1
330120,Defense,Procurement,Stevenson-Campbell,498307.65,2025-01-03,Pending,False,-1
330164,Defense,Inspection,Parsons-Moore,1077.34,2024-07-04,Approved,False,-1
330282,Transportation,Procurement,Watson-Watson,1074.52,2025-10-05,Pending,False,-1
330309,Transportation,Inspection,Ferguson-Cox,1446.27,2025-09-28,Rejected,False,-1
330448,Transportation,Payroll,"Chavez, Hernandez and Miller",1440.01,2025-01-29,Pending,False,-1
330566,Education,Procurement,Adams-Cole,2686.18,2025-03-20,Approved,False,-1
330580,Defense,Payroll,Adams LLC,422.67,2024-10-27,Approved,False,-1
330877,Defense,Procurement,Myers and Sons,2287.61,2024-04-19,Approved,False,-1
331017,Education,Payroll,Drake-Sanchez,498718.77,2025-12-08,Rejected,False,-1
331592,Health,Benefits,Anderson Group,499081.92,2025-01-06,Rejected,False,-1
331801,Defense,Payroll,Smith-Tanner,499591.15,2024-11-21,Pending,False,-1
331837,Defense,Inspection,Rodriguez-Ryan,173.58,2025-11-22,Rejected,False,-1
331911,Health,Procurement,Erickson-Miles,881.41,2026-01-12,Rejected,False,-1
332097,Health,Benefits,Bailey-Montes,2340.32,2025-01-06,Rejected,False,-1
332143,Defense,Benefits,Freeman-Buchanan,498051.68,2024-07-30,Rejected,False,-1
332161,Health,Procurement,"Miller, Schwartz and Ferguson",960.32,2024-08-07,Rejected,False,-1
332389,Health,Payroll,Warren-Zhang,499739.52,2024-03-30,Pending,False,-1
332444,Health,Inspection,"Melendez, Elliott and Oconnell",499162.37,2024-03-08,Approved,False,-1
332516,Education,Inspection,"Ramirez, Hall and Lang",366.78,2024-04-30,Rejected,False,-1
332569,Health,Benefits,"Maxwell, Freeman and Reyes",1882.87,2025-04-10,Rejected,False,-1
332607,Transportation,Benefits,Hartman LLC,2588.36,2025-07-12,Pending,False,-1
332618,Transportation,Procurement,"Winters, Baker and Mcdonald",499568.49,2025-03-24,Approved,False,-1
332766,Transportation,Benefits,Brown-Hawkins,1028.52,2024-12-09,Approved,False,-1
332892,Health,Inspection,"Morton, Mcclain and Banks",1080.14,2024-05-06,Approved,False,-1
332898,Health,Benefits,Rhodes-Robles,499088.66,2025-03-26,Rejected,False,-1
333297,Health,Benefits,Webb-White,501.1,2025-04-23,Approved,False,-1
333353,Health,Inspection,Duncan Group,1629.66,2024-04-17,Approved,False,-1
333707,Education,Payroll,White-Vargas,499777.1,2025-04-12,Rejected,False,-1
333757,Health,Inspection,Obrien-Bradley,499452.51,2024-04-11,Rejected,False,-1
333768,Education,Payroll,Walters Ltd,498129.46,2025-05-23,Rejected,False,-1
333797,Defense,Benefits,Simpson Ltd,498949.76,2025-03-16,Approved,False,-1
333926,Defense,Procurement,"Harrington, Carroll and Meza",976.2,2024-08-08,Rejected,False,-1
333994,Health,Payroll,Nunez PLC,2110.5,2024-07-09,Approved,False,-1
334245,Defense,Inspection,"Brown, Stone and Martinez",499889.03,2024-10-05,Approved,False,-1
334366,Transportation,Inspection,Davidson-Rojas,1212.97,2025-05-17,Rejected,False,-1
334590,Defense,Payroll,Dunn PLC,499526.05,2026-01-10,Approved,False,-1
334657,Education,Payroll,"White, Beasley and Barnes",499262.24,2024-04-07,Pending,False,-1
334677,Defense,Procurement,Martinez-Erickson,416.63,2025-04-25,Approved,False,-1
334704,Health,Inspection,Walker Group,2843.84,2025-11-18,Approved,False,-1
334751,Health,Inspection,Odom LLC,498794.88,2025-02-10,Approved,False,-1
334799,Education,Payroll,Waters-Gonzalez,499978.69,2025-01-12,Pending,False,-1
334809,Health,Benefits,Perez-Shah,499467.25,2024-08-14,Rejected,False,-1
334828,Transportation,Payroll,Clements and Sons,1664.46,2024-11-17,Rejected,False,-1
334866,Defense,Inspection,Taylor Group,499939.75,2024-02-22,Rejected,False,-1
334884,Transportation,Benefits,Ford LLC,1275.49,2024-06-18,Pending,False,-1
334954,Defense,Benefits,Torres Ltd,1995.11,2025-10-17,Approved,False,-1
335022,Education,Inspection,Blair-Lewis,1894.43,2024-05-23,Approved,False,-1
335045,Defense,Payroll,"Camacho, Conner and Gordon",1030.43,2025-01-18,Rejected,False,-1
335085,Education,Procurement,Williams-Clark,499365.2,2025-02-08,Rejected,False,-1
335125,Defense,Procurement,Richardson-Morrow,1781.93,2025-07-03,Pending,False,-1
335247,Defense,Benefits,Smith-Carter,2958.18,2024-03-13,Pending,False,-1
335308,Health,Inspection,Harris-Mason,908.84,2024-08-23,Rejected,False,-1
335333,Health,Payroll,"Jones, Kelley and Miller",498931.79,2025-03-07,Pending,False,-1
335355,Health,Inspection,"Gonzalez, Rivers and Drake",2411.84,2024-08-22,Pending,False,-1
335616,Defense,Inspection,Weaver-Hughes,752.32,2024-09-05,Approved,False,-1
335666,Education,Benefits,"Bell, Williams and Moore",499177.49,2024-10-26,Approved,False,-1
335685,Transportation,Procurement,"Perkins, Lewis and Graves",2428.95,2024-03-20,Approved,False,-1
335754,Defense,Procurement,"Meadows, Hayden and Henderson",2316.24,2024-06-30,Approved,False,-1
335825,Health,Payroll,"Taylor, Smith and Velasquez",1873.01,2025-07-14,Pending,False,-1
335919,Education,Benefits,"Martin, Hill and Lee",2076.22,2025-02-07,Rejected,False,-1
336081,Defense,Payroll,Rodriguez-Moran,498339.15,2024-05-10,Approved,False,-1
336093,Transportation,Procurement,Day Inc,499028.38,2024-05-27,Rejected,False,-1
336193,Education,Payroll,"Mathis, Newton and Lynch",2172.57,2025-03-12,Approved,False,-1
336195,Transportation,Benefits,"Stephens, Thompson and Wang",3037.61,2025-07-02,Pending,False,-1
336221,Education,Payroll,Yu-Fox,2044.68,2024-04-24,Approved,False,-1
336266,Transportation,Payroll,Davis LLC,306.64,2026-01-09,Pending,False,-1
336518,Transportation,Payroll,Byrd Ltd,2294.89,2025-10-10,Rejected,False,-1
336551,Health,Procurement,Griffith-Ewing,499157.01,2025-08-22,Pending,False,-1
336751,Defense,Benefits,"James, Patel and Bates",2455.96,2025-04-04,Rejected,False,-1
336814,Health,Procurement,"Davis, Johnson and Krause",499088.47,2025-03-16,Pending,False,-1
336851,Education,Inspection,"Jones, Conner and Oneal",701.67,2025-06-09,Pending,False,-1
336965,Defense,Benefits,Downs-Lewis,1279.48,2025-08-27,Pending,False,-1
337004,Health,Inspection,Graves LLC,498124.01,2025-07-11,Approved,False,-1
337292,Defense,Payroll,"White, Robinson and Nelson",2559.0,2024-08-06,Rejected,False,-1
337311,Health,Payroll,Church-Sanchez,497892.64,2025-05-19,Pending,False,-1
337360,Transportation,Benefits,Andrade-Hernandez,499593.91,2024-11-03,Rejected,False,-1
337698,Transportation,Payroll,"Nelson, Reyes and Ho",499313.43,2024-12-04,Pending,False,-1
337821,Transportation,Procurement,Jones LLC,499365.97,2024-07-23,Pending,False,-1
337937,Defense,Inspection,Thompson LLC,499912.36,2025-04-10,Rejected,False,-1
338029,Defense,Inspection,"Singleton, Randall and Moore",123.48,2025-06-17,Rejected,False,-1
338209,Defense,Benefits,"Jones, Higgins and Holmes",498192.59,2024-03-01,Pending,False,-1
338246,Transportation,Procurement,Adams-Mcintyre,2091.7,2025-06-30,Approved,False,-1
338294,Health,Payroll,Peck and Sons,407.56,2024-02-29,Rejected,False,-1
338557,Defense,Inspection,"Giles, Gonzalez and Vincent",2487.99,2025-02-10,Rejected,False,-1
338769,Defense,Benefits,Cantrell-Harmon,193.53,2025-03-11,Approved,False,-1
338784,Education,Payroll,Washington-Arellano,1911.75,2024-06-23,Pending,False,-1
338801,Transportation,Inspection,Drake Inc,639.03,2025-07-11,Pending,False,-1
338899,Health,Procurement,"Allen, Guzman and Price",498730.31,2025-01-10,Rejected,False,-1
339114,Education,Procurement,"Mata, Acosta and Medina",499605.5,2025-01-12,Rejected,False,-1
339162,Health,Inspection,Davidson Ltd,498349.57,2025-03-30,Pending,False,-1
339173,Defense,Benefits,Williams-Smith,497890.86,2025-02-25,Rejected,False,-1
339432,Defense,Benefits,Arnold Group,498827.96,2025-08-19,Approved,False,-1
339499,Health,Inspection,"Atkinson, Turner and Franco",499370.49,2024-04-01,Rejected,False,-1
339506,Education,Benefits,"Carter, Cooley and Pollard",946.13,2024-06-06,Approved,False,-1
339516,Education,Benefits,"Hawkins, Clayton and Vaughan",2479.59,2025-10-13,Approved,False,-1
339746,Transportation,Inspection,Lam-Cain,2284.54,2025-01-21,Pending,False,-1
339769,Transportation,Benefits,Russo-Mcpherson,499121.17,2025-11-11,Rejected,False,-1
339958,Health,Procurement,"Osborne, Huff and Simmons",499408.03,2026-01-05,Rejected,False,-1
339973,Health,Benefits,Rodriguez-Mcdonald,498480.7,2025-03-02,Rejected,False,-1
340077,Transportation,Payroll,Cooper-Miller,499730.6,2024-09-05,Pending,False,-1
340206,Defense,Procurement,Davis PLC,545.11,2024-02-17,Approved,False,-1
340214,Education,Benefits,Wyatt LLC,498761.82,2025-11-28,Approved,False,-1
340330,Transportation,Procurement,"Delacruz, Johnson and Molina",1485.74,2026-01-23,Pending,False,-1
340355,Transportation,Inspection,"Smith, Clark and Washington",1242.61,2024-07-17,Rejected,False,-1
340423,Health,Inspection,Griffin-Owen,1409.3,2025-09-20,Pending,False,-1
340447,Health,Benefits,Anderson-Fuller,499123.22,2024-04-09,Rejected,False,-1
340500,Defense,Inspection,Garrett Ltd,498768.85,2025-09-28,Rejected,False,-1
340562,Defense,Payroll,"Lewis, Evans and Curtis",227.23,2024-06-06,Pending,False,-1
340575,Education,Benefits,"Wagner, Alexander and Hayden",564.78,2025-09-13,Approved,False,-1
340713,Health,Procurement,Hall-Jimenez,498545.85,2025-01-26,Pending,False,-1
340959,Defense,Payroll,"Gutierrez, Barnes and Blake",499659.19,2025-12-26,Pending,False,-1
341242,Health,Benefits,Owen-Herring,499261.69,2026-01-20,Pending,False,-1
341391,Transportation,Benefits,Simpson Ltd,2673.83,2024-08-10,Rejected,False,-1
341422,Education,Payroll,Montoya PLC,341.62,2025-11-09,Approved,False,-1
341465,Education,Procurement,"Webb, Nelson and Rose",1354.32,2025-04-03,Rejected,False,-1
341475,Health,Procurement,Ferguson-Leon,1776.16,2025-02-23,Rejected,False,-1
341560,Defense,Inspection,Smith Group,2605.65,2025-02-17,Approved,False,-1
341570,Education,Procurement,"Castillo, Snow and Bowers",2704.06,2024-08-21,Approved,False,-1
341628,Defense,Inspection,Brown-Smith,498702.55,2024-09-11,Pending,False,-1
341743,Education,Benefits,Myers LLC,2022.07,2024-09-05,Approved,False,-1
341749,Health,Inspection,Carter-Liu,1984.6,2025-04-12,Rejected,False,-1
342002,Health,Payroll,Brown PLC,745.28,2025-04-08,Approved,False,-1
342008,Education,Inspection,"Arnold, Navarro and Vaughan",498565.54,2024-11-11,Approved,False,-1
342057,Education,Benefits,Scott-Martinez,499684.12,2024-12-11,Pending,False,-1
342252,Education,Inspection,Clark LLC,112.88,2025-09-13,Pending,False,-1
342312,Health,Inspection,"Romero, Obrien and Bradley",950.71,2024-10-03,Rejected,False,-1
342368,Defense,Payroll,Maddox PLC,416.26,2025-09-21,Approved,False,-1
342550,Health,Inspection,Sullivan Group,176.08,2025-07-09,Approved,False,-1
342609,Education,Payroll,"Jones, Fisher and Charles",499571.74,2026-01-26,Pending,False,-1
342791,Health,Benefits,"Lopez, Chandler and Williamson",499265.37,2025-09-21,Rejected,False,-1
342906,Transportation,Procurement,"Cook, Brown and Walters",497890.3,2025-11-04,Approved,False,-1
342943,Transportation,Benefits,Marshall Ltd,498846.56,2025-10-25,Approved,False,-1
343041,Education,Inspection,Thompson LLC,497897.2,2024-03-23,Rejected,False,-1
343049,Education,Procurement,"Calderon, Ray and Rubio",2244.48,2024-05-18,Pending,False,-1
343096,Transportation,Benefits,Rodriguez and Sons,498668.38,2025-08-09,Approved,False,-1
343116,Transportation,Benefits,Valdez-Beard,499421.22,2024-03-10,Pending,False,-1
343332,Defense,Benefits,"Herrera, Hall and Hill",2804.71,2025-04-30,Pending,False,-1
343546,Health,Inspection,"Alvarez, Carroll and Goodman",504.92,2025-12-13,Pending,False,-1
343657,Defense,Inspection,Singh Ltd,2858.04,2025-11-07,Approved,False,-1
343670,Education,Procurement,Cannon-Maxwell,499319.46,2025-07-08,Pending,False,-1
343936,Transportation,Inspection,Davidson PLC,360.15,2025-05-09,Pending,False,-1
344083,Defense,Payroll,Clayton-Adams,1414.8,2024-12-19,Approved,False,-1
344117,Transportation,Benefits,"Leonard, Mejia and Clarke",1967.71,2025-04-08,Rejected,False,-1
344127,Transportation,Benefits,"Davis, Thomas and Crawford",1929.08,2024-02-12,Approved,False,-1
344160,Transportation,Procurement,"Powell, Taylor and Howard",499556.5,2025-07-14,Approved,False,-1
344213,Education,Payroll,"Edwards, Wallace and Anderson",2244.58,2025-05-27,Rejected,False,-1
344328,Transportation,Inspection,Herman-Hopkins,774.71,2025-12-29,Pending,False,-1
344371,Defense,Payroll,Wilson-Pitts,1001.05,2025-06-09,Pending,False,-1
344512,Defense,Benefits,Weeks and Sons,2537.21,2024-08-21,Rejected,False,-1
344629,Defense,Procurement,Weaver Ltd,2956.44,2025-07-26,Approved,False,-1
344633,Transportation,Procurement,Shannon-Marks,499209.57,2024-07-05,Approved,False,-1
344786,Defense,Inspection,"Taylor, Smith and Nolan",2538.87,2025-11-30,Approved,False,-1
345006,Health,Inspection,Martinez PLC,2352.46,2025-05-21,Rejected,False,-1
345167,Defense,Procurement,Walker-Chapman,498292.27,2025-09-26,Approved,False,-1
345278,Health,Payroll,Adams-Robinson,499972.56,2024-06-23,Approved,False,-1
345334,Transportation,Inspection,"Lopez, Clarke and Hughes",498965.89,2025-11-13,Pending,False,-1
345511,Defense,Procurement,"Hudson, Smith and Cox",499314.55,2024-08-02,Rejected,False,-1
345522,Defense,Inspection,French-Leonard,1738.7,2025-03-13,Approved,False,-1
345675,Transportation,Procurement,Miller PLC,945.69,2024-08-18,Approved,False,-1
345990,Health,Procurement,Little LLC,1278.24,2025-04-25,Rejected,False,-1
346527,Defense,Inspection,Cobb-Randolph,2157.56,2025-10-23,Pending,False,-1
346703,Transportation,Benefits,Drake LLC,1796.91,2025-10-20,Rejected,False,-1
346922,Health,Procurement,"Hall, Zamora and Taylor",498066.06,2024-12-10,Pending,False,-1
347071,Education,Benefits,Allen-Norris,1306.25,2025-03-29,Rejected,False,-1
347118,Defense,Payroll,Williams-Rodriguez,287.64,2024-11-21,Pending,False,-1
347246,Transportation,Procurement,Cordova-Morales,113.26,2025-12-24,Rejected,False,-1
347362,Education,Procurement,Smith Inc,499180.55,2025-07-30,Approved,False,-1
347368,Education,Inspection,"Powell, Hernandez and Callahan",498778.69,2025-05-26,Rejected,False,-1
347373,Transportation,Inspection,Perez-Newman,221.51,2024-09-04,Pending,False,-1
347478,Education,Inspection,Richards-Beasley,2797.49,2025-01-08,Approved,False,-1
347611,Health,Benefits,Fuller PLC,1024.48,2026-01-26,Rejected,False,-1
347617,Health,Inspection,Sweeney and Sons,1355.59,2026-02-07,Approved,False,-1
347690,Defense,Procurement,Mclaughlin-Cook,497924.17,2025-07-01,Approved,False,-1
347769,Defense,Benefits,Randall-Smith,1903.24,2024-09-27,Approved,False,-1
347908,Transportation,Inspection,"Barajas, Mcdowell and Bush",2264.44,2025-06-23,Pending,False,-1
348005,Health,Inspection,"Parrish, Thomas and Carpenter",2595.15,2025-11-27,Approved,False,-1
348042,Health,Benefits,"Glover, Torres and Morgan",2236.08,2025-01-31,Pending,False,-1
348062,Health,Procurement,Hill PLC,528.55,2024-06-12,Rejected,False,-1
348164,Defense,Procurement,"Wheeler, Thomas and Johnson",2351.26,2024-08-03,Rejected,False,-1
348359,Health,Procurement,"Brown, Walters and Hahn",524.64,2025-03-17,Rejected,False,-1
348588,Transportation,Procurement,Lyons PLC,1240.66,2024-07-22,Rejected,False,-1
348760,Health,Payroll,Mann Group,498847.25,2024-03-07,Approved,False,-1
348802,Health,Benefits,Nguyen-Martin,3035.66,2025-08-22,Approved,False,-1
349536,Health,Procurement,Morrison-Powers,499995.06,2025-02-08,Rejected,False,-1
349674,Education,Payroll,"Torres, Brown and Scott",2814.26,2024-07-03,Rejected,False,-1
349675,Defense,Inspection,White-Clark,2702.65,2024-10-18,Approved,False,-1
349696,Transportation,Inspection,"Ayers, Thompson and West",1006.89,2024-09-29,Pending,False,-1
349752,Transportation,Payroll,"Conley, Snyder and Bishop",498469.59,2025-12-28,Pending,False,-1
349829,Transportation,Benefits,Jones-Morgan,498174.17,2024-12-28,Pending,False,-1
350081,Education,Inspection,"Morales, Jones and Ruiz",778.02,2025-06-28,Approved,False,-1
350095,Transportation,Procurement,"Brown, Hayes and Jackson",391.62,2025-11-22,Pending,False,-1
350354,Defense,Procurement,"Cross, Hayden and Jones",252.37,2024-12-26,Rejected,False,-1
350414,Transportation,Benefits,Jensen-Gonzalez,499268.39,2024-10-25,Rejected,False,-1
350433,Transportation,Procurement,May-Harper,2571.09,2025-10-03,Rejected,False,-1
350440,Transportation,Procurement,King LLC,2217.16,2025-02-20,Approved,False,-1
350442,Defense,Benefits,Johnson-Hunter,2448.78,2024-08-07,Approved,False,-1
350697,Education,Payroll,"Garcia, Moore and Baker",2905.89,2025-11-26,Approved,False,-1
350726,Defense,Procurement,Combs-Morris,497899.91,2025-07-26,Approved,False,-1
350769,Defense,Benefits,"Crawford, Jenkins and Young",498461.61,2025-11-07,Pending,False,-1
351233,Health,Payroll,Mcdaniel-Dodson,745.08,2024-09-16,Approved,False,-1
351268,Health,Payroll,Sanchez Inc,1428.79,2025-09-05,Pending,False,-1
351443,Defense,Procurement,Hartman PLC,499942.48,2024-09-24,Approved,False,-1
351450,Health,Inspection,Roy-Robinson,1993.49,2024-12-30,Approved,False,-1
351535,Education,Benefits,"Stanley, Riley and Clark",2128.92,2025-11-27,Rejected,False,-1
351550,Transportation,Payroll,Baker-Barker,2475.58,2024-07-25,Rejected,False,-1
351649,Health,Procurement,"Gutierrez, Whitehead and Powers",1481.48,2024-05-29,Rejected,False,-1
351817,Transportation,Benefits,Thomas-Scott,498574.01,2025-10-09,Pending,False,-1
352036,Transportation,Procurement,Anderson LLC,538.99,2025-08-09,Approved,False,-1
352420,Health,Procurement,"Marshall, Gomez and Anderson",389.26,2024-07-19,Rejected,False,-1
352478,Health,Payroll,Lee-Hayes,853.11,2025-05-13,Approved,False,-1
352626,Transportation,Benefits,Massey-Soto,498142.61,2025-01-06,Rejected,False,-1
352654,Transportation,Inspection,Cabrera Inc,1410.56,2024-11-12,Approved,False,-1
352666,Education,Procurement,Wright LLC,498927.22,2025-02-20,Pending,False,-1
352876,Education,Inspection,Mcpherson LLC,498713.15,2025-05-10,Rejected,False,-1
352901,Defense,Payroll,"Bell, Ford and Rose",157.79,2024-12-09,Pending,False,-1
352936,Health,Benefits,Dawson-Mason,2728.86,2024-07-11,Approved,False,-1
353006,Education,Procurement,Monroe-Frazier,499547.98,2026-01-10,Rejected,False,-1
353149,Transportation,Procurement,"Stevens, Huynh and Harris",498912.58,2025-06-05,Approved,False,-1
353223,Education,Procurement,"White, Jackson and Drake",2250.15,2025-08-18,Rejected,False,-1
353288,Education,Benefits,Campbell Ltd,2907.06,2024-07-27,Pending,False,-1
353406,Education,Payroll,Hooper Ltd,498234.7,2025-11-07,Pending,False,-1
353515,Transportation,Procurement,"Richardson, Gaines and Peters",1502.54,2025-12-16,Rejected,False,-1
353841,Health,Benefits,Cunningham-Flynn,498557.41,2025-02-01,Rejected,False,-1
353851,Defense,Payroll,"Russell, Peck and Hart",499505.3,2025-06-09,Rejected,False,-1
353880,Defense,Payroll,Huang-Turner,1847.05,2025-01-19,Rejected,False,-1
353950,Health,Benefits,"Thomas, Flores and Hopkins",3136.84,2025-09-22,Approved,False,-1
354300,Transportation,Procurement,"Gardner, Freeman and Wilson",694.42,2025-03-03,Rejected,False,-1
354528,Health,Benefits,Wilson Inc,498861.28,2024-03-10,Approved,False,-1
354642,Defense,Payroll,Ryan Group,2761.87,2024-06-05,Approved,False,-1
354657,Defense,Payroll,"Logan, Waters and Johnson",499213.3,2024-04-24,Rejected,False,-1
354889,Health,Inspection,Flores-Hardy,498665.17,2024-08-18,Rejected,False,-1
355005,Transportation,Procurement,Cummings LLC,1764.59,2024-09-09,Approved,False,-1
355033,Transportation,Payroll,"Wilson, Hughes and Nelson",1956.39,2024-07-22,Approved,False,-1
355060,Education,Benefits,Lamb and Sons,498471.93,2024-03-15,Pending,False,-1
355078,Defense,Payroll,"Jackson, Johnson and Malone",832.54,2024-06-06,Approved,False,-1
355120,Education,Payroll,Gray-Andrade,1977.06,2024-04-25,Approved,False,-1
355210,Health,Procurement,"Keller, Lawrence and Jones",2820.75,2025-03-24,Approved,False,-1
355234,Education,Benefits,"Lane, Dunn and Oconnell",1471.13,2025-06-29,Approved,False,-1
355295,Health,Payroll,Kent-Morrow,2325.72,2024-12-26,Approved,False,-1
355405,Defense,Benefits,"Miller, Herrera and Cruz",1747.06,2024-04-30,Rejected,False,-1
355406,Transportation,Procurement,Lane-Pham,3008.46,2025-12-19,Rejected,False,-1
355427,Health,Benefits,Wright-Wong,499927.19,2024-04-07,Approved,False,-1
355443,Transportation,Procurement,"Jackson, Cox and Williams",499626.9,2025-10-09,Rejected,False,-1
355532,Defense,Procurement,Martinez-Chen,1714.68,2024-07-11,Approved,False,-1
355555,Education,Benefits,"Horne, Simmons and Murphy",2899.74,2024-10-01,Pending,False,-1
355710,Defense,Inspection,"Gomez, Kidd and Carter",2794.28,2024-08-23,Pending,False,-1
355724,Education,Inspection,Hogan-Bean,498349.15,2025-03-25,Pending,False,-1
355760,Health,Procurement,Berger LLC,498619.7,2025-10-26,Approved,False,-1
355960,Defense,Procurement,"Jimenez, Armstrong and Jones",499365.47,2025-06-25,Rejected,False,-1
356259,Defense,Payroll,"Harris, Anthony and Roberts",498741.52,2025-10-09,Approved,False,-1
356324,Transportation,Procurement,Saunders and Sons,498299.14,2025-01-12,Approved,False,-1
356349,Transportation,Inspection,Munoz PLC,2702.4,2024-10-27,Approved,False,-1
356358,Education,Inspection,"Mejia, Hall and Love",2940.85,2024-02-17,Approved,False,-1
356448,Health,Payroll,Baker Group,499406.21,2024-09-27,Rejected,False,-1
356483,Education,Procurement,"Grant, Aguilar and Webb",499077.57,2024-03-27,Approved,False,-1
356581,Defense,Procurement,Hunt Group,1588.53,2025-04-24,Pending,False,-1
356744,Defense,Procurement,Jones Group,498274.99,2025-03-30,Approved,False,-1
356833,Defense,Inspection,Cox-King,499839.82,2025-01-17,Rejected,False,-1
357214,Health,Payroll,Ross-King,1060.86,2025-06-21,Rejected,False,-1
357404,Health,Procurement,"Wade, Marshall and Romero",1054.27,2024-03-18,Pending,False,-1
357490,Defense,Inspection,Peters Ltd,498598.0,2025-09-23,Rejected,False,-1
357618,Education,Payroll,"Chan, Espinoza and Stevens",1064.34,2024-04-26,Pending,False,-1
357717,Defense,Payroll,"Hamilton, Gregory and Aguilar",1922.83,2024-06-22,Rejected,False,-1
357774,Transportation,Procurement,Campbell and Sons,2087.72,2025-12-19,Approved,False,-1
357865,Transportation,Payroll,Chandler-Meyer,498982.13,2025-10-08,Approved,False,-1
357878,Transportation,Inspection,Watson-Clark,498195.18,2024-10-05,Approved,False,-1
357944,Health,Inspection,Barry-Luna,219.04,2025-11-11,Approved,False,-1
358088,Transportation,Inspection,Rogers-Peters,499977.1,2025-08-28,Pending,False,-1
358237,Defense,Inspection,Cunningham-Collier,498852.25,2024-03-26,Rejected,False,-1
358275,Health,Procurement,"Taylor, Petty and Le",499836.52,2025-11-05,Rejected,False,-1
358319,Defense,Inspection,Bowers Inc,499149.04,2025-06-10,Rejected,False,-1
358331,Transportation,Benefits,"Barber, Madden and Watson",499755.73,2024-09-22,Pending,False,-1
358407,Transportation,Payroll,Castillo-Suarez,2627.19,2025-12-19,Rejected,False,-1
358462,Health,Procurement,Hamilton Group,499379.13,2025-01-26,Rejected,False,-1
358529,Health,Payroll,"Moore, Shaffer and Rogers",2392.37,2024-02-19,Approved,False,-1
358694,Defense,Payroll,Smith-Reynolds,2637.05,2025-03-03,Approved,False,-1
358833,Education,Inspection,Edwards-Adkins,499013.29,2024-07-24,Rejected,False,-1
358861,Health,Payroll,Johnson LLC,1304.67,2025-01-28,Pending,False,-1
359092,Defense,Benefits,Stark-Boyle,499803.51,2025-12-30,Approved,False,-1
359109,Transportation,Inspection,Simon-Howard,1835.2,2025-06-11,Pending,False,-1
359171,Transportation,Inspection,Peterson-Spencer,2470.63,2025-08-23,Approved,False,-1
359179,Transportation,Inspection,Barber-Wright,497921.61,2025-12-02,Rejected,False,-1
359241,Defense,Payroll,Aguilar Inc,499822.82,2024-05-18,Rejected,False,-1
359544,Health,Benefits,Freeman-Rosales,1440.37,2025-09-15,Approved,False,-1
359640,Health,Procurement,"Davis, Tran and Ayala",2327.25,2025-08-23,Approved,False,-1
359926,Defense,Inspection,Callahan-Powers,2549.25,2024-06-26,Approved,False,-1
359964,Defense,Benefits,Martin PLC,498242.09,2024-04-25,Rejected,False,-1
360017,Education,Inspection,Davis-Little,2735.9,2024-03-28,Rejected,False,-1
360157,Transportation,Payroll,Burgess Ltd,498347.55,2024-04-06,Rejected,False,-1
360196,Health,Benefits,Romero Group,917.6,2024-02-10,Pending,False,-1
360198,Defense,Benefits,Sims Inc,213.25,2025-02-01,Pending,False,-1
360237,Defense,Procurement,Hampton Ltd,499981.7,2024-12-26,Pending,False,-1
360306,Transportation,Payroll,"Andrade, Mcguire and Johnson",197.36,2025-07-06,Pending,False,-1
360434,Health,Payroll,Franklin and Sons,172.55,2025-07-16,Approved,False,-1
360471,Health,Payroll,Kelly-Leach,498805.73,2024-08-07,Rejected,False,-1
360537,Transportation,Benefits,Harvey PLC,1342.29,2024-09-01,Pending,False,-1
360557,Defense,Procurement,Thomas LLC,1836.13,2024-08-22,Pending,False,-1
360588,Education,Procurement,Cooper-Anderson,498208.06,2024-04-01,Rejected,False,-1
360651,Health,Benefits,Doyle-Davis,2740.84,2024-12-06,Pending,False,-1
360695,Health,Payroll,"Taylor, Bowen and Ortiz",1548.03,2024-05-18,Rejected,False,-1
360739,Health,Inspection,Tran and Sons,2792.07,2025-12-15,Pending,False,-1
360745,Defense,Benefits,Stark Inc,169.33,2024-12-29,Rejected,False,-1
361028,Health,Procurement,"Turner, Hayes and Mcdonald",554.18,2024-07-11,Approved,False,-1
361073,Education,Inspection,Nunez and Sons,152.61,2024-07-29,Rejected,False,-1
361187,Defense,Payroll,Carter-Blackwell,1918.14,2025-02-22,Rejected,False,-1
361475,Defense,Procurement,Carroll-Moore,782.7,2025-02-04,Pending,False,-1
361508,Education,Benefits,Jones LLC,2900.94,2025-10-24,Pending,False,-1
361606,Defense,Benefits,Keller and Sons,499813.82,2025-04-17,Rejected,False,-1
361838,Transportation,Benefits,"Ellis, Wilson and Hughes",553.84,2024-07-15,Rejected,False,-1
361897,Health,Inspection,Palmer Group,499512.44,2025-05-07,Rejected,False,-1
362039,Health,Inspection,Baker LLC,499810.53,2024-11-19,Approved,False,-1
362051,Defense,Benefits,Young-Collins,498801.13,2025-02-23,Pending,False,-1
362059,Transportation,Benefits,Goodwin LLC,2423.7,2025-02-01,Approved,False,-1
362240,Health,Benefits,Mitchell and Sons,498343.46,2025-12-13,Rejected,False,-1
362254,Transportation,Payroll,Lutz-Rivera,2874.63,2024-09-11,Approved,False,-1
362313,Transportation,Inspection,Wolfe Ltd,535.88,2024-06-11,Rejected,False,-1
362344,Education,Procurement,Hart-Davis,498580.05,2025-05-17,Pending,False,-1
362368,Transportation,Benefits,"Green, Wagner and Bullock",3032.89,2024-08-21,Pending,False,-1
362490,Health,Inspection,Robbins Group,883.36,2025-07-28,Approved,False,-1
362594,Education,Procurement,"Camacho, Campbell and Kelly",1014.89,2025-01-26,Approved,False,-1
362709,Education,Inspection,"Curry, Sosa and Ramirez",1185.57,2025-03-30,Rejected,False,-1
362786,Transportation,Procurement,Cook Group,499003.47,2025-08-30,Approved,False,-1
362863,Education,Payroll,"Vance, James and White",140.21,2024-04-14,Pending,False,-1
362880,Health,Payroll,Weber-Williams,2546.11,2025-02-17,Rejected,False,-1
362964,Education,Inspection,"Farmer, Lindsey and Gonzalez",499782.29,2025-07-20,Rejected,False,-1
362970,Transportation,Payroll,Walker-Gomez,498934.25,2024-11-02,Pending,False,-1
363069,Education,Inspection,"Charles, Miller and Scott",2410.32,2025-07-28,Rejected,False,-1
363091,Education,Payroll,"Fuller, Mason and Guerra",721.21,2025-05-03,Approved,False,-1
363122,Transportation,Benefits,Roach-Kramer,711.76,2024-02-20,Approved,False,-1
363380,Health,Benefits,Martin LLC,483.76,2024-04-29,Pending,False,-1
363444,Health,Inspection,Johnson-Hernandez,1903.15,2025-09-08,Rejected,False,-1
363519,Defense,Payroll,Wright PLC,498131.9,2024-10-07,Pending,False,-1
363563,Transportation,Payroll,Mccoy-Tran,499036.05,2025-06-20,Rejected,False,-1
363698,Transportation,Procurement,Cherry-Klein,498227.35,2024-05-18,Pending,False,-1
363718,Health,Procurement,Strong-Palmer,2603.02,2025-07-18,Approved,False,-1
363886,Transportation,Procurement,"Clarke, Larson and Hudson",463.99,2024-11-06,Rejected,False,-1
364107,Transportation,Inspection,Grant LLC,2152.85,2024-11-19,Pending,False,-1
364169,Transportation,Benefits,Williamson and Sons,1854.38,2025-07-10,Approved,False,-1
364192,Defense,Payroll,"Jones, Carter and Mullins",499611.72,2025-05-27,Rejected,False,-1
364339,Transportation,Inspection,Medina-Dennis,498799.38,2024-04-26,Approved,False,-1
364369,Education,Inspection,"Knight, Barron and Moore",1472.63,2025-12-04,Approved,False,-1
364413,Transportation,Procurement,Barker-Neal,498113.21,2024-04-30,Approved,False,-1
364443,Education,Procurement,"Pacheco, Hoffman and Sanchez",499967.42,2025-07-01,Pending,False,-1
364551,Transportation,Payroll,"Johnson, Moore and Lawson",1463.03,2024-09-24,Pending,False,-1
364757,Education,Inspection,"Anderson, Velazquez and Ramos",379.84,2025-01-14,Approved,False,-1
364853,Education,Procurement,"Nguyen, Sharp and Marsh",269.66,2025-07-10,Rejected,False,-1
365202,Defense,Inspection,Smith Group,499591.33,2024-05-28,Approved,False,-1
365250,Education,Procurement,Weber and Sons,1975.82,2025-10-03,Pending,False,-1
365294,Transportation,Procurement,Quinn Ltd,498843.04,2024-05-01,Pending,False,-1
365601,Defense,Inspection,Cunningham-Wood,499791.9,2024-09-20,Pending,False,-1
365659,Health,Payroll,Andrade-Sexton,1014.59,2024-11-02,Pending,False,-1
365855,Health,Benefits,Thompson-Hahn,2829.29,2025-01-06,Pending,False,-1
366044,Education,Benefits,Bryant PLC,498619.89,2025-06-02,Rejected,False,-1
366177,Defense,Inspection,Lynch-Patel,1366.44,2025-10-27,Approved,False,-1
366219,Education,Inspection,Cole-Bailey,1929.68,2025-08-09,Rejected,False,-1
366265,Health,Procurement,Collier PLC,498234.91,2024-04-01,Approved,False,-1
366387,Health,Procurement,Garcia and Sons,499007.16,2025-04-25,Pending,False,-1
366400,Defense,Benefits,Peters-Suarez,499596.99,2024-11-20,Pending,False,-1
366600,Education,Payroll,Romero Inc,1789.62,2024-09-02,Rejected,False,-1
366625,Transportation,Benefits,Riley-Stephenson,498607.14,2024-08-07,Pending,False,-1
366641,Education,Procurement,Miller Inc,498403.85,2024-03-26,Approved,False,-1
366713,Defense,Benefits,"Bartlett, Rivera and Dunn",1102.99,2025-11-05,Rejected,False,-1
366743,Defense,Procurement,Arias Inc,497885.51,2025-09-18,Pending,False,-1
366899,Transportation,Benefits,"Howard, Zhang and Coleman",665.74,2024-11-14,Rejected,False,-1
367132,Education,Procurement,Garcia-Dunn,975.72,2025-02-02,Pending,False,-1
367139,Defense,Payroll,"Blake, Sanford and Juarez",2449.45,2024-03-05,Rejected,False,-1
367323,Transportation,Procurement,Jones-Thompson,1296.51,2024-05-15,Approved,False,-1
367480,Transportation,Payroll,"Wells, Wright and Young",498799.98,2025-02-15,Pending,False,-1
367528,Education,Inspection,"Dunn, Griffin and Williams",499227.94,2025-09-28,Approved,False,-1
367558,Defense,Inspection,Garcia Group,498421.94,2024-10-01,Approved,False,-1
367645,Health,Procurement,Bruce-Perez,499118.51,2025-03-03,Pending,False,-1
367782,Defense,Procurement,Robertson-Powell,498423.74,2024-08-04,Pending,False,-1
367797,Defense,Inspection,Cox-Hernandez,1481.73,2024-10-06,Pending,False,-1
367824,Transportation,Inspection,Hansen and Sons,1293.74,2024-04-13,Pending,False,-1
367873,Defense,Inspection,"Parker, Anderson and Prince",478.7,2025-06-29,Rejected,False,-1
367895,Defense,Inspection,"Miller, Snyder and Myers",995.86,2024-11-09,Rejected,False,-1
368077,Transportation,Procurement,"Harris, Brown and Nichols",527.75,2024-07-17,Pending,False,-1
368093,Health,Payroll,Garcia LLC,497951.97,2024-10-27,Approved,False,-1
368174,Transportation,Payroll,Taylor Group,2561.94,2024-11-17,Approved,False,-1
368444,Health,Inspection,"Skinner, Bishop and Riley",498512.79,2024-03-31,Rejected,False,-1
368453,Transportation,Inspection,Jackson Group,2960.88,2024-05-12,Rejected,False,-1
368662,Health,Procurement,"Barnes, Nunez and Stewart",499990.88,2024-03-07,Approved,False,-1
368683,Defense,Inspection,Kidd-Moore,607.56,2024-12-27,Approved,False,-1
368751,Defense,Inspection,"Horn, Abbott and Reyes",1578.87,2025-09-14,Approved,False,-1
368775,Education,Payroll,Middleton LLC,1049.71,2024-11-24,Pending,False,-1
368862,Health,Benefits,Castillo-Fowler,1364.09,2025-01-23,Approved,False,-1
369002,Transportation,Payroll,Pace and Sons,499519.71,2024-03-11,Pending,False,-1
369086,Transportation,Inspection,Braun and Sons,499556.25,2024-02-20,Approved,False,-1
369143,Health,Benefits,Stout-Taylor,1169.2,2025-05-27,Pending,False,-1
369369,Education,Benefits,Porter-Thomas,1863.57,2025-06-02,Approved,False,-1
369422,Transportation,Benefits,Jordan and Sons,178.66,2025-01-31,Pending,False,-1
369523,Health,Inspection,"Jackson, Perkins and Hernandez",499585.75,2025-03-29,Rejected,False,-1
369581,Defense,Payroll,"Washington, Cohen and Williams",499157.84,2025-10-15,Pending,False,-1
369636,Health,Inspection,Campbell-Armstrong,499244.81,2025-05-17,Approved,False,-1
369690,Transportation,Procurement,Knight-Moreno,498421.83,2025-07-12,Rejected,False,-1
370042,Health,Procurement,"Solomon, Zamora and Andersen",492.06,2026-01-21,Pending,False,-1
370047,Defense,Benefits,Thompson PLC,2205.53,2024-09-02,Pending,False,-1
370211,Defense,Benefits,Mendoza and Sons,498109.15,2024-08-08,Approved,False,-1
370327,Defense,Inspection,Mcdonald and Sons,499149.51,2024-05-11,Rejected,False,-1
370391,Defense,Payroll,Bates-Hanson,726.91,2025-09-06,Approved,False,-1
370583,Health,Payroll,Gentry-Wyatt,499513.68,2025-06-29,Pending,False,-1
370767,Transportation,Procurement,Chung Group,499621.2,2025-07-11,Pending,False,-1
371076,Health,Benefits,Vargas PLC,498507.92,2024-11-05,Rejected,False,-1
371135,Health,Inspection,Fox-Perez,2052.08,2024-05-12,Rejected,False,-1
371136,Health,Payroll,Savage Group,499084.73,2025-07-11,Approved,False,-1
371263,Health,Inspection,"Scott, Morgan and Santiago",2489.83,2024-04-05,Approved,False,-1
371285,Transportation,Payroll,Sanders LLC,498045.62,2025-01-02,Rejected,False,-1
371317,Education,Procurement,Erickson-Manning,2880.56,2025-07-11,Approved,False,-1
371320,Education,Inspection,Mccullough LLC,499215.11,2026-02-06,Pending,False,-1
371421,Transportation,Procurement,Coleman-Martin,179.88,2025-01-08,Pending,False,-1
371476,Transportation,Benefits,Perry LLC,2744.3,2024-03-23,Approved,False,-1
371791,Education,Benefits,Wright Inc,499213.38,2025-04-19,Pending,False,-1
371874,Health,Procurement,"Meyer, Gaines and Chavez",499062.66,2025-05-01,Pending,False,-1
371976,Transportation,Inspection,"Valdez, Obrien and Keller",499466.93,2025-05-15,Pending,False,-1
371977,Health,Inspection,"Powers, Gonzalez and Yates",1266.69,2024-08-12,Pending,False,-1
372081,Defense,Procurement,"Cortez, Schwartz and Cooper",315.48,2024-06-18,Rejected,False,-1
372140,Defense,Benefits,Sanchez Ltd,497888.54,2025-11-05,Pending,False,-1
372194,Transportation,Inspection,Foster-Watkins,499636.33,2025-04-02,Approved,False,-1
372215,Health,Inspection,"Reid, Rodriguez and Newman",499078.69,2025-01-19,Approved,False,-1
372381,Transportation,Benefits,"Morales, Davis and Jones",351.01,2025-03-03,Approved,False,-1
372398,Health,Payroll,"Brown, Davis and Andersen",1218.16,2025-02-25,Approved,False,-1
372408,Transportation,Procurement,"Lawrence, Reed and Lee",2914.54,2024-10-25,Rejected,False,-1
372535,Health,Inspection,Mullen Group,498111.19,2024-05-31,Pending,False,-1
372552,Defense,Benefits,Hays-Melton,498.69,2025-03-02,Approved,False,-1
372580,Defense,Inspection,Martinez Inc,499827.74,2025-03-07,Approved,False,-1
372588,Transportation,Procurement,Thompson Ltd,498052.31,2024-04-09,Rejected,False,-1
372761,Health,Procurement,"Hodges, Castro and Williams",499296.44,2024-06-06,Approved,False,-1
372979,Health,Inspection,Mccoy Group,499992.2,2025-12-03,Rejected,False,-1
372981,Health,Benefits,"Morton, Freeman and Johnson",483.09,2025-06-25,Pending,False,-1
373049,Transportation,Inspection,Parker Ltd,498963.77,2025-11-24,Pending,False,-1
373348,Defense,Procurement,Becker-Gomez,464.22,2025-09-20,Pending,False,-1
373392,Transportation,Payroll,Horton-Mcconnell,781.57,2025-09-11,Pending,False,-1
373470,Defense,Benefits,Harris-Young,1080.89,2024-03-07,Rejected,False,-1
373508,Health,Payroll,Crawford-West,498799.98,2024-10-07,Approved,False,-1
373602,Defense,Payroll,"Williams, Dunn and Steele",499782.31,2024-07-06,Rejected,False,-1
373717,Defense,Benefits,"Martin, Lee and Miller",738.69,2025-08-17,Pending,False,-1
373791,Health,Procurement,Young-Wright,2920.05,2025-08-01,Rejected,False,-1
373924,Defense,Inspection,Marks Group,498057.08,2024-10-03,Approved,False,-1
374081,Health,Benefits,"Salazar, Smith and Perez",499408.05,2025-02-11,Rejected,False,-1
374108,Education,Payroll,Davidson LLC,499463.02,2024-07-27,Rejected,False,-1
374149,Education,Payroll,Guzman PLC,497967.55,2026-01-15,Rejected,False,-1
374153,Health,Benefits,"Soto, Sanchez and Garcia",730.06,2026-01-21,Approved,False,-1
374159,Transportation,Benefits,Austin-Higgins,498877.99,2025-08-02,Rejected,False,-1
374230,Transportation,Benefits,Vaughn Group,2648.98,2024-04-18,Rejected,False,-1
374389,Education,Inspection,Phillips PLC,499749.84,2024-06-14,Pending,False,-1
374473,Education,Inspection,Murray Ltd,255.29,2024-07-21,Pending,False,-1
374476,Defense,Benefits,"Smith, Lamb and King",2576.88,2024-06-17,Rejected,False,-1
374477,Transportation,Procurement,Freeman-Smith,498363.92,2025-02-17,Approved,False,-1
374726,Education,Payroll,Townsend-Stafford,2286.4,2025-06-24,Approved,False,-1
374912,Education,Payroll,"Williams, Foley and Pierce",1096.73,2025-03-25,Pending,False,-1
374991,Transportation,Benefits,Lopez-Davis,497903.76,2025-06-16,Rejected,False,-1
375031,Education,Inspection,Russell and Sons,2247.0,2025-03-02,Rejected,False,-1
375200,Education,Inspection,Mayer Ltd,2074.84,2025-12-01,Approved,False,-1
375303,Health,Procurement,"Mitchell, Jones and Henson",499396.63,2025-04-27,Approved,False,-1
375734,Defense,Procurement,Collier Inc,799.66,2025-09-08,Pending,False,-1
375817,Education,Inspection,Pierce-Barron,499570.7,2025-10-31,Rejected,False,-1
375826,Health,Payroll,Brown-Joseph,1780.08,2026-01-13,Pending,False,-1
375990,Transportation,Procurement,Alexander LLC,326.78,2024-03-20,Rejected,False,-1
375997,Health,Payroll,"White, Reid and Mendez",499371.26,2025-04-29,Pending,False,-1
376028,Transportation,Payroll,"Kelly, Villarreal and Brown",977.95,2025-05-10,Pending,False,-1
376121,Health,Payroll,"Benitez, Lee and Johnson",582.37,2024-09-11,Pending,False,-1
376234,Health,Procurement,Thomas PLC,498743.8,2024-09-20,Rejected,False,-1
376325,Education,Inspection,Petty-Lyons,1950.68,2024-03-25,Rejected,False,-1
376364,Education,Benefits,Wilson PLC,661.13,2025-06-02,Pending,False,-1
376391,Health,Procurement,Brown-Allen,2130.18,2024-10-15,Rejected,False,-1
376401,Transportation,Procurement,Beard LLC,361.61,2025-06-22,Pending,False,-1
376417,Health,Benefits,Robinson-Coleman,240.35,2025-06-23,Rejected,False,-1
376434,Transportation,Benefits,"Cruz, Kline and Johnson",2466.7,2024-04-02,Pending,False,-1
376445,Defense,Procurement,"Walker, Peck and Young",2066.15,2025-07-21,Rejected,False,-1
376459,Defense,Procurement,Saunders-Jordan,1182.0,2025-11-13,Rejected,False,-1
376484,Education,Procurement,Thompson PLC,863.21,2025-11-10,Approved,False,-1
376691,Transportation,Benefits,Chandler Group,498618.59,2024-02-20,Approved,False,-1
376724,Defense,Inspection,"Rodriguez, Lee and Potter",411.79,2025-05-02,Pending,False,-1
376945,Defense,Procurement,"Burns, Martinez and Hill",498388.19,2025-07-06,Pending,False,-1
376995,Health,Benefits,"Frank, Walton and Suarez",1795.36,2025-11-30,Pending,False,-1
377069,Defense,Inspection,Mitchell-Sanchez,1084.0,2024-10-02,Rejected,False,-1
377079,Defense,Benefits,"Moreno, Jordan and Powell",888.38,2025-07-17,Approved,False,-1
377323,Transportation,Benefits,"Stevens, Rosales and Schwartz",498832.77,2025-03-20,Pending,False,-1
377489,Transportation,Inspection,Nguyen Group,498982.72,2024-07-30,Pending,False,-1
377548,Health,Payroll,"Collins, Cole and Hudson",1190.2,2026-01-10,Approved,False,-1
377578,Health,Benefits,Richards Ltd,498739.59,2024-03-26,Rejected,False,-1
377599,Education,Payroll,Mitchell-Anderson,1519.62,2024-02-10,Approved,False,-1
377809,Health,Payroll,"Orr, Miller and Edwards",1044.83,2025-03-20,Pending,False,-1
377830,Transportation,Benefits,"Smith, Turner and Williams",1960.71,2024-04-05,Approved,False,-1
377984,Defense,Inspection,Brown LLC,2002.73,2025-01-03,Approved,False,-1
378030,Health,Payroll,Osborn-Roberts,2939.68,2025-11-22,Approved,False,-1
378192,Transportation,Payroll,Anderson-Contreras,1876.17,2026-01-11,Pending,False,-1
378210,Defense,Benefits,Weaver-Castillo,2290.26,2025-03-04,Rejected,False,-1
378246,Defense,Inspection,Moyer-Mcdowell,497943.12,2024-12-05,Rejected,False,-1
378339,Education,Payroll,"Wolfe, Aguilar and Lozano",499731.82,2025-02-17,Approved,False,-1
378559,Transportation,Inspection,Fernandez PLC,3134.18,2025-09-16,Pending,False,-1
378736,Defense,Benefits,Tran and Sons,766.53,2025-11-06,Pending,False,-1
378805,Education,Benefits,Flowers Ltd,499675.66,2025-12-06,Pending,False,-1
378918,Defense,Benefits,Jackson Group,1131.55,2024-04-05,Rejected,False,-1
379048,Transportation,Payroll,Vang PLC,497880.38,2025-06-30,Rejected,False,-1
379282,Transportation,Payroll,Douglas-Sullivan,1095.66,2024-04-04,Pending,False,-1
379416,Transportation,Inspection,Kelley-Hardy,2757.62,2026-01-30,Rejected,False,-1
379703,Defense,Procurement,"Liu, Adams and Long",498267.6,2025-08-21,Pending,False,-1
379779,Transportation,Procurement,Brown-Lucas,499888.31,2025-03-03,Rejected,False,-1
379873,Health,Payroll,Henderson-Cochran,498282.98,2024-05-15,Pending,False,-1
380224,Education,Payroll,Atkinson-Gutierrez,498182.52,2025-07-15,Pending,False,-1
380229,Education,Procurement,"Lee, Garcia and Garner",2023.23,2025-09-15,Rejected,False,-1
380286,Defense,Procurement,Rogers-Lawrence,160.46,2024-10-21,Rejected,False,-1
380304,Defense,Benefits,French-Stewart,498359.91,2025-10-02,Rejected,False,-1
380456,Defense,Inspection,Cross and Sons,1433.46,2025-08-24,Rejected,False,-1
380470,Health,Procurement,Castro-Craig,1806.07,2025-03-18,Rejected,False,-1
380514,Transportation,Benefits,"Jones, Johnson and Sutton",1282.99,2025-10-12,Pending,False,-1
380802,Transportation,Inspection,"Moss, Gonzalez and Douglas",499144.68,2025-08-27,Pending,False,-1
380835,Defense,Payroll,Roberts PLC,2625.76,2024-11-06,Approved,False,-1
381034,Defense,Payroll,Moody Ltd,498824.11,2025-12-22,Approved,False,-1
381148,Transportation,Procurement,"Chase, Golden and Bonilla",875.91,2025-07-27,Pending,False,-1
381158,Defense,Inspection,Gordon-Hall,1175.67,2025-12-02,Pending,False,-1
381318,Defense,Payroll,Garrett PLC,2192.05,2024-09-18,Pending,False,-1
381319,Education,Benefits,Patel Ltd,499473.15,2025-10-05,Approved,False,-1
381539,Transportation,Procurement,"Grant, Lyons and Kelley",2124.26,2025-05-08,Rejected,False,-1
381603,Transportation,Payroll,Phillips PLC,500.8,2025-12-04,Pending,False,-1
381623,Education,Benefits,Bailey Group,839.29,2025-01-05,Pending,False,-1
381626,Defense,Procurement,Singh-Keller,499662.1,2024-09-29,Pending,False,-1
381637,Transportation,Procurement,Smith-Martin,2846.71,2025-12-12,Pending,False,-1
381656,Transportation,Payroll,Pena-Alvarez,1080.52,2024-05-06,Approved,False,-1
381897,Health,Procurement,Stevens LLC,1075.15,2025-11-04,Rejected,False,-1
381958,Defense,Procurement,Perry-Leonard,2302.54,2024-06-01,Rejected,False,-1
382014,Transportation,Procurement,Bond-Tyler,2526.17,2025-06-22,Pending,False,-1
382035,Health,Payroll,"Edwards, Johnson and Carpenter",2155.02,2025-10-24,Approved,False,-1
382102,Transportation,Payroll,Cabrera Ltd,1946.12,2025-12-14,Pending,False,-1
382109,Defense,Payroll,Smith Ltd,499322.61,2025-05-10,Approved,False,-1
382165,Education,Inspection,"Ruiz, Hardin and Greene",3019.27,2025-10-12,Rejected,False,-1
382185,Defense,Inspection,Davis Inc,1670.42,2024-06-12,Approved,False,-1
382319,Defense,Benefits,"Stevens, Berry and Martinez",499116.63,2024-10-24,Approved,False,-1
382581,Health,Inspection,Garcia-Hill,499890.61,2025-04-12,Approved,False,-1
382649,Education,Benefits,Horton-Miller,2271.23,2024-06-10,Approved,False,-1
382719,Education,Payroll,"Blair, Collins and Walker",499399.7,2024-03-07,Pending,False,-1
382819,Education,Payroll,Evans Inc,499392.34,2024-07-02,Rejected,False,-1
382834,Health,Inspection,Franco-Alvarado,559.6,2026-01-21,Pending,False,-1
382960,Education,Procurement,Benitez Group,498885.97,2024-05-21,Approved,False,-1
383085,Health,Payroll,Johnson-Donovan,193.14,2025-09-17,Approved,False,-1
383093,Transportation,Inspection,Clarke-Scott,363.82,2025-07-06,Rejected,False,-1
383232,Defense,Procurement,Gregory LLC,1328.13,2024-11-11,Rejected,False,-1
383294,Education,Procurement,Taylor-Peck,2398.31,2024-12-12,Pending,False,-1
383374,Defense,Inspection,"Miller, Adams and Collins",1204.96,2024-06-07,Approved,False,-1
383389,Health,Payroll,Solomon and Sons,2750.22,2025-08-30,Rejected,False,-1
383652,Health,Procurement,"Bean, Small and Miles",746.15,2024-02-19,Rejected,False,-1
383945,Defense,Benefits,Jefferson-Russell,498153.74,2025-05-04,Approved,False,-1
383993,Education,Payroll,"Clark, Jones and Glass",499326.05,2024-09-08,Pending,False,-1
383995,Education,Benefits,Novak-Reynolds,498636.16,2024-05-02,Pending,False,-1
384067,Education,Inspection,"Day, Marshall and Booth",498165.23,2025-12-02,Rejected,False,-1
384079,Education,Inspection,"Riley, King and Cox",1260.01,2025-07-03,Approved,False,-1
384477,Transportation,Procurement,May-Bowen,498902.49,2025-11-30,Rejected,False,-1
384479,Education,Benefits,Hammond LLC,499325.3,2024-11-07,Approved,False,-1
384548,Education,Procurement,Clayton Inc,2006.98,2025-07-27,Pending,False,-1
384617,Health,Procurement,"Sanders, Tapia and Mann",2630.72,2025-03-27,Pending,False,-1
384719,Defense,Procurement,King-Shannon,166.81,2025-02-16,Approved,False,-1
384915,Defense,Inspection,Arellano-Russo,499588.59,2025-04-28,Approved,False,-1
385056,Education,Benefits,"Williams, Gonzalez and Vazquez",129.71,2025-11-11,Rejected,False,-1
385404,Transportation,Procurement,"Schultz, Tucker and Hurst",499887.32,2024-07-15,Pending,False,-1
385421,Education,Benefits,Ross Group,497880.31,2024-09-30,Rejected,False,-1
385597,Health,Procurement,"Andrews, Avila and Wolf",499678.41,2024-08-31,Pending,False,-1
385616,Defense,Payroll,Randolph PLC,497880.18,2024-06-16,Pending,False,-1
385698,Health,Procurement,Ellison Ltd,2056.27,2024-02-24,Pending,False,-1
385898,Health,Payroll,"Baxter, Hood and Robinson",371.99,2024-06-04,Approved,False,-1
385985,Defense,Inspection,Bonilla LLC,499853.92,2025-02-06,Approved,False,-1
386027,Health,Payroll,Ball and Sons,499606.38,2025-07-18,Approved,False,-1
386081,Transportation,Inspection,Walker-Watkins,578.77,2024-04-08,Pending,False,-1
386189,Transportation,Inspection,"Evans, Patel and Porter",498876.25,2025-05-13,Pending,False,-1
386291,Defense,Payroll,Johnson-Wallace,1285.0,2024-03-01,Approved,False,-1
386410,Defense,Payroll,Chen and Sons,499004.24,2025-08-30,Pending,False,-1
386478,Defense,Payroll,Smith Ltd,675.98,2025-01-21,Pending,False,-1
386658,Defense,Procurement,Munoz-Roberts,1185.02,2025-11-02,Pending,False,-1
386741,Health,Benefits,Hoffman-Baker,1221.25,2025-03-22,Approved,False,-1
386766,Defense,Payroll,Monroe Inc,1279.84,2024-06-14,Rejected,False,-1
386893,Education,Procurement,Ortega-Farmer,499573.83,2024-09-17,Rejected,False,-1
386924,Defense,Benefits,Cross-Bennett,498224.92,2025-06-17,Rejected,False,-1
387167,Health,Procurement,"Butler, Hunt and Smith",499694.26,2026-02-03,Approved,False,-1
387182,Transportation,Procurement,Rivera-Graham,499498.15,2025-04-24,Approved,False,-1
387246,Defense,Payroll,Warren LLC,499496.55,2024-11-21,Pending,False,-1
387258,Health,Inspection,"Richards, Johnson and Bradshaw",1877.19,2024-02-28,Pending,False,-1
387279,Defense,Procurement,Roy-Lang,498842.98,2025-03-10,Approved,False,-1
387290,Health,Inspection,Tyler LLC,498440.35,2024-05-01,Rejected,False,-1
387302,Defense,Procurement,Boyd-Rogers,499210.03,2024-12-17,Pending,False,-1
387473,Education,Inspection,Fox LLC,498428.98,2026-01-11,Pending,False,-1
387588,Education,Benefits,Barnes-Smith,2868.68,2025-12-11,Pending,False,-1
387765,Transportation,Inspection,"Ward, Miller and Brooks",2414.79,2025-07-05,Approved,False,-1
387920,Transportation,Benefits,Smith Ltd,498619.23,2024-02-10,Pending,False,-1
387936,Defense,Payroll,Walker LLC,499285.32,2024-12-07,Rejected,False,-1
387953,Defense,Payroll,Sullivan-Williams,1972.52,2025-05-22,Pending,False,-1
388201,Transportation,Inspection,"Johnson, Kelley and Wallace",407.28,2024-11-09,Rejected,False,-1
388293,Transportation,Procurement,King-Rogers,499600.13,2024-05-16,Rejected,False,-1
388327,Health,Inspection,"Terrell, Jones and Parrish",2871.05,2024-05-19,Approved,False,-1
388383,Education,Payroll,Harris LLC,2420.85,2024-02-20,Pending,False,-1
388410,Defense,Benefits,Patel Ltd,505.81,2025-03-10,Pending,False,-1
388425,Health,Inspection,Carter Ltd,499315.97,2024-08-02,Pending,False,-1
388429,Education,Payroll,"Young, Pittman and Henderson",563.25,2024-04-20,Rejected,False,-1
388523,Education,Procurement,Gonzalez-Harris,1927.19,2025-04-15,Rejected,False,-1
388533,Health,Benefits,Ramirez-Shelton,499175.47,2025-03-20,Rejected,False,-1
388570,Transportation,Procurement,Freeman-Miller,1840.49,2025-06-23,Rejected,False,-1
388744,Transportation,Inspection,"Lewis, Rosario and Williams",1627.4,2024-05-10,Approved,False,-1
388745,Health,Procurement,Velez Inc,113.14,2025-10-19,Pending,False,-1
388773,Education,Payroll,Thomas Inc,2243.62,2025-12-01,Approved,False,-1
388840,Health,Procurement,"Branch, Hardy and Mendez",2366.01,2024-04-02,Pending,False,-1
388868,Defense,Payroll,"Brown, Garcia and Bentley",1192.43,2024-05-27,Approved,False,-1
388875,Defense,Benefits,Jackson and Sons,976.98,2024-09-21,Approved,False,-1
388905,Health,Payroll,Lewis Ltd,2534.14,2025-01-12,Approved,False,-1
389080,Defense,Procurement,Farmer-Lewis,498797.14,2024-05-24,Pending,False,-1
389197,Defense,Benefits,Chavez LLC,1880.92,2025-02-24,Approved,False,-1
389278,Defense,Payroll,"Levy, Harrell and Cherry",499263.52,2024-07-26,Pending,False,-1
389315,Transportation,Procurement,"Maynard, Wagner and Lamb",2744.54,2024-12-27,Rejected,False,-1
389326,Transportation,Benefits,Brown-Anderson,499825.24,2025-08-25,Rejected,False,-1
389430,Health,Benefits,"Jimenez, Morgan and Kemp",1756.48,2024-12-10,Pending,False,-1
389561,Health,Benefits,"Wilson, Aguilar and Keller",499207.49,2024-07-26,Rejected,False,-1
389776,Education,Payroll,"Esparza, Carter and English",2346.67,2024-03-28,Rejected,False,-1
389937,Health,Payroll,Lowe-Smith,755.61,2025-10-05,Approved,False,-1
389946,Health,Benefits,Barker-Marquez,201.21,2025-06-20,Approved,False,-1
389999,Transportation,Procurement,Kelley Group,2745.63,2025-03-05,Pending,False,-1
390049,Transportation,Benefits,Powers-Sanchez,351.35,2025-04-08,Rejected,False,-1
390054,Education,Procurement,Lee Group,2097.86,2024-10-12,Pending,False,-1
390159,Defense,Benefits,White-Berry,2247.02,2024-11-24,Pending,False,-1
390182,Transportation,Inspection,"Hill, Mcdowell and Sherman",2440.86,2025-08-24,Pending,False,-1
390279,Health,Benefits,"Avila, Norris and Ramos",498257.96,2025-10-27,Approved,False,-1
390311,Health,Procurement,Day Ltd,499960.22,2024-11-09,Approved,False,-1
390333,Education,Procurement,"Cortez, Fernandez and Watson",1397.32,2025-01-12,Pending,False,-1
390393,Health,Benefits,Diaz Group,2227.21,2025-07-09,Approved,False,-1
390416,Education,Benefits,Henry Ltd,499529.66,2025-05-17,Approved,False,-1
390463,Health,Payroll,"Arellano, Allen and Taylor",837.25,2025-12-01,Rejected,False,-1
390573,Education,Payroll,"Perry, Hale and Cruz",1795.49,2025-04-27,Approved,False,-1
390602,Education,Payroll,Jimenez Inc,498709.63,2025-01-11,Rejected,False,-1
390666,Transportation,Benefits,"Chavez, Jacobson and Saunders",1798.76,2024-04-11,Approved,False,-1
390698,Transportation,Procurement,Howard-Williams,498127.92,2024-07-18,Pending,False,-1
390703,Education,Procurement,Hinton and Sons,499420.77,2025-12-30,Rejected,False,-1
390866,Health,Benefits,Carr-Reyes,2671.43,2025-05-27,Pending,False,-1
391017,Transportation,Payroll,Velez Inc,2532.52,2024-06-24,Approved,False,-1
391063,Defense,Benefits,Wood-Mathews,499154.92,2024-11-05,Rejected,False,-1
391262,Defense,Benefits,"Myers, Farrell and Ellis",499513.72,2025-05-31,Rejected,False,-1
391502,Transportation,Inspection,Sullivan LLC,943.35,2025-09-04,Rejected,False,-1
391851,Transportation,Payroll,Diaz Inc,499067.84,2025-06-06,Approved,False,-1
391881,Defense,Procurement,Fuentes-Robertson,497888.05,2024-12-30,Approved,False,-1
391941,Education,Inspection,Chapman-King,2872.87,2024-05-22,Rejected,False,-1
392054,Health,Payroll,Sparks-Kirk,1752.0,2024-10-31,Approved,False,-1
392129,Defense,Procurement,White and Sons,615.71,2025-06-13,Approved,False,-1
392133,Defense,Procurement,Murphy LLC,1529.5,2025-05-28,Pending,False,-1
392193,Education,Inspection,Thompson Ltd,499028.93,2025-04-03,Rejected,False,-1
392198,Transportation,Inspection,Perkins-Mckee,498931.54,2024-10-09,Pending,False,-1
392401,Defense,Inspection,"Campbell, Harris and Rangel",499478.35,2024-11-29,Approved,False,-1
392411,Defense,Benefits,"Gibson, Taylor and Smith",2738.97,2025-06-27,Rejected,False,-1
392798,Health,Payroll,Nichols Group,499904.25,2025-11-16,Rejected,False,-1
392810,Education,Payroll,Sanchez Group,2102.52,2025-05-21,Approved,False,-1
392874,Defense,Inspection,Freeman Group,498767.69,2025-11-27,Pending,False,-1
392909,Education,Inspection,Zhang-Madden,499919.01,2025-03-03,Pending,False,-1
393039,Education,Procurement,Davis LLC,499202.53,2024-02-16,Pending,False,-1
393087,Defense,Inspection,Nelson Inc,2680.04,2024-06-19,Approved,False,-1
393089,Transportation,Payroll,"Kelly, Holmes and Johnson",2661.66,2024-02-15,Pending,False,-1
393481,Transportation,Payroll,Carney PLC,499831.4,2025-09-13,Pending,False,-1
393486,Health,Inspection,"Warner, Jones and Wright",3026.98,2025-12-28,Approved,False,-1
393640,Health,Inspection,"Reed, Hill and Foster",498517.12,2024-02-26,Pending,False,-1
393669,Transportation,Payroll,Brown-Robinson,887.74,2024-11-13,Pending,False,-1
393755,Defense,Procurement,Johnson-Rivera,498075.16,2025-05-24,Approved,False,-1
393843,Education,Payroll,Wells-Martinez,2543.94,2025-04-19,Approved,False,-1
393851,Health,Procurement,Avery Ltd,1160.07,2024-12-23,Approved,False,-1
393859,Transportation,Inspection,"Armstrong, Parker and Norris",787.76,2025-04-07,Approved,False,-1
393867,Defense,Procurement,Holland-Phillips,499933.76,2025-12-26,Rejected,False,-1
393912,Health,Benefits,"Bell, Wilson and Riley",2859.92,2024-11-25,Rejected,False,-1
394129,Defense,Payroll,Cook-James,498103.63,2024-12-12,Approved,False,-1
394140,Education,Payroll,Walters PLC,502.83,2025-03-18,Approved,False,-1
394295,Education,Payroll,"Stewart, Carter and Carr",1819.86,2024-06-01,Approved,False,-1
394319,Health,Payroll,Graham-Valentine,466.25,2024-02-16,Rejected,False,-1
394324,Education,Inspection,Johnson-Stewart,441.97,2024-08-27,Rejected,False,-1
394397,Defense,Procurement,"Harris, Mosley and Clarke",1199.53,2024-08-19,Rejected,False,-1
394427,Transportation,Payroll,"Miller, Paul and Kelly",1979.95,2025-08-03,Rejected,False,-1
394453,Education,Procurement,Davidson Inc,2996.57,2024-09-09,Approved,False,-1
394468,Defense,Payroll,Cochran Inc,2129.83,2024-06-19,Pending,False,-1
394614,Defense,Procurement,Macdonald PLC,499586.21,2024-02-26,Pending,False,-1
394692,Transportation,Inspection,"Roberts, Armstrong and Walker",1279.42,2025-03-14,Approved,False,-1
394696,Health,Procurement,Bray Ltd,2142.43,2025-12-27,Pending,False,-1
395036,Education,Inspection,"Koch, Brown and Shepherd",2454.52,2024-12-12,Pending,False,-1
395180,Education,Payroll,"Blair, Robinson and Garza",498718.41,2024-12-06,Rejected,False,-1
395373,Defense,Payroll,"Beasley, Ford and Horn",895.53,2025-11-04,Pending,False,-1
395439,Transportation,Procurement,Hall-Green,1300.95,2024-08-15,Pending,False,-1
395454,Education,Payroll,"Wilson, Gonzalez and Bartlett",801.55,2026-02-04,Rejected,False,-1
395464,Transportation,Inspection,"Blackwell, Johnson and Wood",499910.49,2025-06-05,Pending,False,-1
395465,Defense,Benefits,Williams PLC,497895.15,2026-01-06,Pending,False,-1
395560,Health,Inspection,"Pena, Richardson and Bates",1508.05,2025-12-02,Approved,False,-1
395665,Defense,Procurement,Stout-Phelps,499242.75,2024-11-04,Approved,False,-1
395672,Transportation,Benefits,Reed Group,499422.11,2024-05-02,Pending,False,-1
395751,Transportation,Inspection,"Brown, Carr and Johnson",2393.46,2025-08-31,Pending,False,-1
395813,Defense,Procurement,"Kaiser, Cook and Whitaker",636.64,2024-09-03,Pending,False,-1
395906,Health,Procurement,Orr Ltd,498810.77,2025-03-30,Pending,False,-1
396457,Health,Benefits,"Paul, Barnett and Pace",498300.92,2024-02-25,Pending,False,-1
396577,Defense,Inspection,Schultz-Maxwell,2674.77,2026-01-11,Rejected,False,-1
397175,Transportation,Inspection,Thomas-Phillips,994.63,2025-12-07,Rejected,False,-1
397287,Transportation,Benefits,Mcdonald-Reese,1786.27,2026-01-12,Approved,False,-1
397534,Health,Payroll,Green-Kirby,347.28,2024-05-17,Rejected,False,-1
397624,Education,Benefits,Jenkins Inc,498723.14,2025-01-06,Pending,False,-1
397793,Transportation,Benefits,"Hawkins, Cohen and Johnson",497945.99,2026-01-13,Approved,False,-1
397982,Education,Payroll,Morris-Hammond,499689.11,2025-09-16,Approved,False,-1
398116,Defense,Procurement,Edwards PLC,2900.13,2025-12-31,Rejected,False,-1
398172,Transportation,Benefits,Norris-Hendrix,498568.44,2025-04-02,Pending,False,-1
398260,Education,Payroll,Peterson Ltd,275.19,2025-09-18,Rejected,False,-1
398500,Education,Procurement,Patterson-Ruiz,903.29,2025-05-13,Approved,False,-1
398558,Transportation,Inspection,Alexander Inc,2847.75,2024-09-13,Pending,False,-1
399143,Transportation,Payroll,"Anderson, Ellis and Miller",1161.44,2024-08-08,Pending,False,-1
399198,Transportation,Inspection,Guerrero Group,178.05,2025-04-24,Rejected,False,-1
399383,Defense,Procurement,"Ward, Morgan and Thompson",498471.38,2024-05-17,Rejected,False,-1
399399,Health,Procurement,Leach LLC,1164.55,2025-08-04,Approved,False,-1
399448,Education,Procurement,Yu Ltd,499380.47,2025-01-15,Rejected,False,-1
399537,Defense,Benefits,Tucker-Hawkins,1873.68,2024-04-29,Approved,False,-1
399673,Defense,Payroll,Hanson-Murphy,730.01,2025-09-06,Pending,False,-1
399800,Transportation,Procurement,Norris-Lowery,952.21,2024-12-22,Approved,False,-1
399837,Health,Inspection,Lewis Group,570.88,2024-06-13,Pending,False,-1
399849,Education,Payroll,Hunter-Fisher,498407.37,2026-01-05,Approved,False,-1
399929,Defense,Procurement,Harris LLC,499273.66,2024-05-14,Rejected,False,-1
399931,Transportation,Procurement,Strickland-Thomas,2420.91,2024-09-30,Rejected,False,-1
400040,Education,Benefits,Alexander-Young,2125.22,2025-07-23,Rejected,False,-1
400240,Education,Benefits,Brown-Berg,3131.59,2025-06-09,Rejected,False,-1
400330,Transportation,Inspection,Gonzalez LLC,498782.55,2025-07-04,Pending,False,-1
400331,Education,Inspection,Barber-Smith,1398.75,2024-02-10,Rejected,False,-1
400387,Education,Procurement,Andrews-Powers,2790.35,2025-03-02,Rejected,False,-1
400429,Education,Procurement,Lopez Group,499790.8,2025-01-02,Rejected,False,-1
400634,Health,Procurement,Murray PLC,498864.21,2025-12-23,Rejected,False,-1
400794,Health,Procurement,Navarro Ltd,1101.59,2024-10-21,Rejected,False,-1
400914,Defense,Procurement,Hanna Group,2685.93,2025-10-02,Rejected,False,-1
401046,Transportation,Procurement,"Smith, Meyer and Moore",1220.43,2024-08-27,Approved,False,-1
401129,Defense,Inspection,"Knight, Newman and Bonilla",2489.85,2026-02-02,Approved,False,-1
401162,Transportation,Benefits,Vance-Gaines,498195.32,2024-10-24,Approved,False,-1
401205,Transportation,Inspection,Briggs-Cuevas,2308.55,2024-05-15,Rejected,False,-1
401248,Defense,Benefits,Ferguson LLC,225.57,2024-09-01,Rejected,False,-1
401437,Education,Benefits,Contreras-Contreras,2712.49,2025-08-18,Approved,False,-1
401593,Health,Inspection,"Silva, Warren and Johnson",1636.64,2024-10-15,Rejected,False,-1
401625,Health,Inspection,Norris-Torres,2920.92,2024-06-30,Pending,False,-1
401669,Education,Payroll,Johnson PLC,499190.75,2025-06-15,Pending,False,-1
401854,Transportation,Procurement,Gordon-Weaver,499323.9,2024-02-19,Approved,False,-1
401868,Health,Procurement,Mann-Hodge,499237.85,2024-06-19,Approved,False,-1
401906,Transportation,Inspection,"Mcbride, Orozco and Santana",499188.39,2025-07-06,Pending,False,-1
401968,Transportation,Payroll,Underwood PLC,2889.71,2025-09-24,Pending,False,-1
401969,Health,Benefits,Williams LLC,927.46,2024-08-31,Approved,False,-1
402078,Health,Procurement,"Wood, Gonzalez and Peterson",482.7,2024-02-18,Rejected,False,-1
402149,Defense,Payroll,"Potts, Ellis and Hoffman",498842.74,2024-09-15,Approved,False,-1
402243,Health,Inspection,"Chavez, Walker and Bowman",498896.05,2025-12-25,Rejected,False,-1
402390,Transportation,Inspection,"Davenport, Smith and Espinoza",499090.33,2025-07-28,Rejected,False,-1
402466,Health,Payroll,"Flores, Mills and Shepherd",498854.35,2025-05-20,Approved,False,-1
402533,Defense,Procurement,"Young, Coleman and Stone",498206.4,2024-10-18,Pending,False,-1
402694,Education,Inspection,"Snyder, Wood and Klein",499409.9,2025-01-10,Pending,False,-1
402698,Education,Payroll,Green PLC,497899.18,2024-10-17,Pending,False,-1
402717,Defense,Procurement,Johnson Inc,1308.07,2024-09-13,Rejected,False,-1
402719,Transportation,Inspection,Hart-Spears,1218.83,2024-05-10,Rejected,False,-1
402785,Defense,Benefits,Morales Group,2054.28,2024-12-05,Pending,False,-1
402807,Transportation,Benefits,Powell and Sons,2118.78,2025-09-18,Pending,False,-1
403101,Transportation,Payroll,Smith-Hood,2596.78,2026-01-19,Pending,False,-1
403283,Transportation,Procurement,"Bell, Cameron and Bentley",498647.48,2025-04-30,Approved,False,-1
403322,Health,Benefits,Smith and Sons,2215.54,2025-03-30,Rejected,False,-1
403324,Defense,Benefits,"Williams, Jordan and Nelson",499134.54,2025-12-02,Rejected,False,-1
403345,Defense,Payroll,"Summers, Roberts and Butler",729.35,2024-03-26,Approved,False,-1
403353,Education,Inspection,Patton-Walsh,498145.11,2025-05-15,Pending,False,-1
403361,Education,Payroll,Montgomery LLC,498522.91,2024-08-09,Approved,False,-1
403384,Health,Payroll,Spears-Wood,499291.62,2025-03-05,Pending,False,-1
403467,Education,Payroll,"Allen, Wyatt and Green",2129.4,2025-09-13,Rejected,False,-1
403522,Health,Payroll,Brock-Martin,809.28,2024-08-28,Approved,False,-1
403612,Defense,Inspection,Nguyen LLC,2745.09,2025-09-17,Rejected,False,-1
403739,Education,Payroll,Schultz-Taylor,498509.45,2025-02-12,Pending,False,-1
403935,Health,Payroll,"Howell, Dean and Ballard",615.08,2025-04-21,Pending,False,-1
404315,Health,Procurement,Brady-Hernandez,512.95,2025-12-14,Rejected,False,-1
404382,Transportation,Procurement,"Grant, Henry and Shaw",1091.07,2024-03-07,Approved,False,-1
404437,Defense,Inspection,Mcguire PLC,498524.52,2024-04-05,Approved,False,-1
404561,Health,Procurement,Taylor LLC,158.05,2025-06-01,Pending,False,-1
404590,Education,Benefits,"Black, Lewis and Pierce",2979.7,2025-09-22,Pending,False,-1
404706,Transportation,Inspection,Rogers-Hardy,2624.82,2025-06-14,Pending,False,-1
404993,Defense,Payroll,Cervantes LLC,499615.91,2024-06-07,Pending,False,-1
405001,Health,Inspection,"Daniels, Gonzalez and Pineda",2290.07,2024-03-14,Approved,False,-1
405060,Health,Payroll,Castillo-Whitaker,2508.92,2025-10-20,Pending,False,-1
405121,Health,Payroll,"Hull, Bell and Andrews",838.72,2024-06-26,Pending,False,-1
405211,Transportation,Payroll,Morales-Stephens,2643.19,2025-05-10,Pending,False,-1
405337,Transportation,Inspection,Mclaughlin LLC,499574.52,2024-09-21,Pending,False,-1
405352,Defense,Procurement,Kelly Ltd,801.65,2024-05-18,Approved,False,-1
406092,Education,Procurement,Stone LLC,2536.69,2024-06-05,Rejected,False,-1
406355,Health,Payroll,"Sandoval, Wells and Lindsey",444.66,2024-08-28,Pending,False,-1
406369,Transportation,Payroll,Salas-Vance,499961.59,2025-01-04,Approved,False,-1
406377,Education,Payroll,Lee-Thomas,2136.44,2024-03-14,Approved,False,-1
406386,Transportation,Procurement,Lucero-Small,498154.4,2024-07-25,Approved,False,-1
406527,Health,Payroll,Smith Group,2553.17,2025-07-01,Pending,False,-1
406535,Defense,Procurement,"Blackwell, Obrien and Mcdonald",499458.34,2024-11-04,Approved,False,-1
406634,Education,Benefits,Lane-Tyler,499639.38,2024-03-26,Approved,False,-1
406802,Education,Inspection,Fernandez-Frey,1925.5,2024-06-07,Approved,False,-1
406915,Defense,Payroll,"Kaiser, Aguirre and Holmes",499440.13,2025-04-24,Approved,False,-1
406964,Transportation,Procurement,Miller-Stevenson,498932.23,2025-10-24,Pending,False,-1
407226,Education,Benefits,Roberts LLC,1556.49,2025-02-04,Rejected,False,-1
407240,Health,Benefits,"Kelley, Walker and Allen",499630.53,2025-03-27,Pending,False,-1
407331,Education,Benefits,Chavez Ltd,1192.41,2024-10-06,Pending,False,-1
407370,Health,Inspection,Townsend-Larson,2435.88,2025-02-25,Rejected,False,-1
407546,Health,Payroll,"Campbell, Morgan and Smith",1529.4,2025-12-29,Approved,False,-1
407719,Education,Benefits,Dixon-Brown,1760.71,2024-04-21,Approved,False,-1
407727,Education,Payroll,Sawyer-White,666.85,2025-01-31,Rejected,False,-1
407761,Defense,Procurement,Waters-Webster,499183.2,2025-07-01,Approved,False,-1
407983,Defense,Inspection,Moore Ltd,498217.92,2024-02-24,Rejected,False,-1
408078,Transportation,Inspection,"Lopez, Stein and Bell",498157.98,2025-08-15,Approved,False,-1
408264,Transportation,Payroll,"Simpson, Mcknight and Bruce",499202.54,2025-01-27,Pending,False,-1
408371,Health,Payroll,"Smith, Fitzgerald and Rivas",1127.37,2025-09-23,Rejected,False,-1
408464,Defense,Procurement,"Long, Jackson and White",646.79,2025-10-05,Rejected,False,-1
408769,Health,Procurement,"Sims, Brown and Moore",498089.59,2024-02-29,Rejected,False,-1
409084,Health,Payroll,Gaines PLC,156.14,2024-10-09,Pending,False,-1
409104,Transportation,Payroll,"Scott, Hunt and Williams",1459.81,2026-02-08,Pending,False,-1
409195,Education,Inspection,"Pierce, Cox and Powell",524.34,2024-08-21,Approved,False,-1
409209,Education,Payroll,"Martin, Williams and Thomas",2819.24,2024-04-14,Rejected,False,-1
409259,Health,Payroll,Chavez Group,499876.09,2026-01-31,Rejected,False,-1
409270,Defense,Inspection,Reed Inc,618.66,2024-05-12,Pending,False,-1
409272,Health,Payroll,Simmons-Schroeder,498340.72,2025-10-05,Pending,False,-1
409734,Defense,Inspection,"Farmer, Hayes and Mccullough",1488.24,2024-03-06,Pending,False,-1
409862,Health,Payroll,Horn-Davenport,499634.18,2025-12-07,Approved,False,-1
410212,Defense,Payroll,"Mendoza, Sawyer and Henderson",1390.14,2024-09-05,Approved,False,-1
410239,Education,Benefits,Braun-Bell,1103.29,2025-01-09,Rejected,False,-1
410242,Health,Benefits,"Bailey, Cunningham and Joseph",497921.1,2024-02-16,Rejected,False,-1
410295,Defense,Inspection,Olson Group,1559.42,2024-12-24,Pending,False,-1
410348,Health,Payroll,"Nguyen, Kim and Collins",2953.74,2025-07-05,Approved,False,-1
410368,Health,Procurement,Jones-Martin,2201.38,2025-05-04,Rejected,False,-1
410404,Transportation,Benefits,Lopez LLC,2822.41,2025-01-04,Rejected,False,-1
410785,Defense,Inspection,George LLC,2479.99,2024-11-13,Approved,False,-1
410996,Transportation,Procurement,Moore-Gutierrez,499750.0,2025-06-15,Approved,False,-1
411021,Transportation,Payroll,Baldwin-Dillon,2196.81,2026-01-10,Pending,False,-1
411114,Transportation,Procurement,Gomez LLC,2013.52,2025-10-26,Rejected,False,-1
411209,Transportation,Payroll,Bruce-Harris,2366.84,2025-05-25,Rejected,False,-1
411308,Health,Procurement,Klein Group,1742.24,2024-08-25,Rejected,False,-1
411367,Defense,Procurement,Galloway-Ford,1703.8,2025-02-17,Approved,False,-1
411417,Health,Procurement,Mullen PLC,2368.59,2025-05-11,Approved,False,-1
411533,Transportation,Inspection,Williams-Rhodes,1001.34,2024-07-16,Approved,False,-1
411692,Education,Inspection,Dougherty LLC,499479.69,2025-07-13,Rejected,False,-1
411907,Defense,Procurement,Curtis Group,498849.61,2025-05-12,Rejected,False,-1
411940,Education,Benefits,"Powell, Stone and Kennedy",498511.26,2026-01-27,Approved,False,-1
411941,Transportation,Procurement,"Harris, Frederick and Mayer",499982.62,2024-06-07,Pending,False,-1
412071,Transportation,Procurement,"Mcmahon, Perez and Patterson",122.16,2025-05-15,Approved,False,-1
412239,Health,Benefits,Walters-Rice,2753.36,2025-08-20,Approved,False,-1
412259,Education,Payroll,"Richards, Holden and Fisher",577.77,2024-09-07,Pending,False,-1
412358,Health,Inspection,"Payne, Calderon and Davis",498748.23,2025-07-18,Pending,False,-1
412422,Transportation,Payroll,Zavala-Jackson,1115.97,2024-11-13,Pending,False,-1
412780,Defense,Procurement,"Harmon, Powell and Palmer",1751.94,2024-10-24,Rejected,False,-1
412985,Education,Procurement,Roberts-Phillips,2890.82,2024-10-22,Approved,False,-1
413146,Transportation,Benefits,Gonzalez Inc,1481.92,2024-02-27,Approved,False,-1
413177,Defense,Inspection,Allen Ltd,180.79,2025-08-05,Rejected,False,-1
413189,Health,Procurement,Gutierrez-Lee,1006.68,2025-12-27,Pending,False,-1
413290,Education,Procurement,"Perry, Jenkins and Ortiz",1144.74,2025-12-05,Pending,False,-1
413333,Education,Benefits,Williamson Group,499688.52,2024-07-29,Pending,False,-1
413344,Defense,Inspection,Schmidt Inc,973.06,2025-05-18,Rejected,False,-1
413452,Defense,Inspection,"Blair, Parker and Mccarthy",1053.23,2025-06-28,Pending,False,-1
413461,Health,Benefits,"Benson, Reeves and Mayo",211.6,2025-04-12,Approved,False,-1
413531,Education,Benefits,Turner Ltd,1152.15,2024-05-10,Pending,False,-1
413554,Education,Procurement,"Cortez, Pennington and Kelley",498172.61,2025-06-17,Approved,False,-1
413739,Health,Benefits,"Olson, Welch and George",328.25,2025-11-30,Rejected,False,-1
414047,Transportation,Inspection,Lara Group,499482.32,2024-08-10,Approved,False,-1
414156,Transportation,Inspection,"Simon, Chavez and Miller",2768.52,2025-09-08,Pending,False,-1
414188,Education,Benefits,Ramirez-Nunez,603.0,2026-02-05,Pending,False,-1
414199,Transportation,Procurement,"Mcknight, Melton and Klein",2568.07,2025-02-11,Pending,False,-1
414371,Education,Payroll,Garcia Ltd,1569.58,2025-11-09,Pending,False,-1
414555,Defense,Procurement,"Joseph, Hines and Brown",3012.7,2024-06-10,Approved,False,-1
414572,Defense,Inspection,Hicks Ltd,498299.83,2024-08-30,Rejected,False,-1
414692,Education,Procurement,"Roy, Campbell and Sanders",1143.7,2025-07-05,Approved,False,-1
414912,Defense,Payroll,Perkins-Lucas,498894.67,2024-12-06,Pending,False,-1
414927,Education,Inspection,Chen Group,498383.14,2026-01-03,Pending,False,-1
415013,Transportation,Procurement,Smith Group,1142.07,2024-10-22,Rejected,False,-1
415095,Transportation,Procurement,"Dorsey, Martin and Martin",2317.7,2026-01-16,Rejected,False,-1
415327,Defense,Inspection,"Lee, Mendoza and Taylor",1306.58,2024-06-11,Rejected,False,-1
415496,Transportation,Procurement,"Garcia, Johns and Sanders",499438.03,2025-09-17,Approved,False,-1
415499,Defense,Inspection,Guzman-Manning,1380.89,2025-11-14,Approved,False,-1
415574,Health,Benefits,Ruiz PLC,498952.36,2025-10-20,Pending,False,-1
415632,Defense,Inspection,Gonzales-Schwartz,498676.12,2024-06-04,Rejected,False,-1
415638,Transportation,Payroll,Chaney-Davis,218.9,2025-03-11,Pending,False,-1
415646,Defense,Payroll,Hanson-Johnson,499868.9,2024-06-20,Approved,False,-1
415672,Transportation,Procurement,"Bright, Rivera and Ferguson",1116.55,2025-07-16,Pending,False,-1
415709,Education,Payroll,Miller-Bell,1202.18,2024-04-08,Pending,False,-1
415754,Defense,Procurement,Perkins-Perez,499864.21,2025-11-24,Rejected,False,-1
415824,Education,Inspection,"Spencer, Thomas and Cole",498137.89,2024-07-05,Rejected,False,-1
416356,Defense,Inspection,Sharp Ltd,499496.25,2024-07-20,Pending,False,-1
416358,Education,Payroll,Smith-Tate,788.29,2024-08-21,Approved,False,-1
416495,Health,Payroll,"Burgess, Costa and Jones",499212.1,2025-07-03,Rejected,False,-1
417047,Defense,Inspection,Nunez PLC,499071.43,2024-08-16,Rejected,False,-1
417109,Defense,Benefits,"Hammond, Wade and Oliver",499589.07,2024-11-16,Pending,False,-1
417317,Transportation,Benefits,Scott-Obrien,669.83,2024-04-28,Pending,False,-1
417334,Transportation,Payroll,"Collins, Hill and Phillips",498149.66,2025-12-17,Rejected,False,-1
417448,Health,Payroll,Buckley-Hahn,498616.35,2024-07-02,Rejected,False,-1
417456,Transportation,Inspection,Boyd Group,143.13,2024-10-08,Rejected,False,-1
417684,Defense,Benefits,"Ward, Santana and Combs",1009.39,2025-01-13,Rejected,False,-1
417706,Defense,Benefits,Brown LLC,168.68,2024-12-11,Rejected,False,-1
417715,Education,Payroll,Park-Wallace,497955.44,2024-05-30,Pending,False,-1
417941,Transportation,Procurement,Zamora-Michael,497941.6,2024-12-04,Rejected,False,-1
418094,Health,Procurement,Walsh Ltd,499359.92,2024-03-10,Approved,False,-1
418175,Defense,Procurement,"Leonard, Moore and Gordon",498909.82,2025-03-24,Pending,False,-1
418221,Health,Payroll,"Smith, Davis and Sullivan",2663.95,2024-02-22,Rejected,False,-1
418346,Transportation,Benefits,Hall-Barker,1064.52,2025-09-27,Pending,False,-1
418413,Defense,Benefits,Martin and Sons,499275.19,2024-07-01,Approved,False,-1
418450,Education,Procurement,Smith-Foster,2965.2,2026-02-01,Rejected,False,-1
418496,Transportation,Procurement,Rodriguez-Walsh,1281.27,2025-06-28,Rejected,False,-1
418502,Health,Procurement,"Benitez, Rodriguez and Robertson",991.89,2024-04-05,Rejected,False,-1
418631,Education,Payroll,"Richards, Warren and Gonzalez",2473.55,2026-02-04,Approved,False,-1
418676,Health,Procurement,Butler Inc,498946.56,2024-07-12,Approved,False,-1
418717,Health,Benefits,Baird Inc,499222.31,2024-09-17,Pending,False,-1
418816,Transportation,Inspection,"Branch, Lane and Phillips",498689.55,2026-01-15,Approved,False,-1
418990,Education,Payroll,"Moss, Powell and Barrera",498182.26,2024-05-12,Pending,False,-1
419156,Health,Payroll,"Suarez, Lopez and Downs",499696.41,2024-05-28,Rejected,False,-1
419162,Transportation,Benefits,Sanchez-Martin,499638.8,2024-10-10,Rejected,False,-1
419247,Education,Benefits,Rojas and Sons,275.85,2025-06-18,Rejected,False,-1
419347,Education,Procurement,"Bailey, Gray and Alvarez",1708.56,2025-11-10,Rejected,False,-1
419461,Education,Inspection,Sullivan Group,499033.42,2025-04-17,Approved,False,-1
419704,Education,Inspection,Hernandez-Riley,499863.28,2026-01-12,Rejected,False,-1
419862,Health,Benefits,Merritt-Glenn,499414.79,2025-04-24,Pending,False,-1
420004,Health,Benefits,Leblanc Inc,2539.55,2025-04-27,Rejected,False,-1
420617,Transportation,Inspection,Moon Ltd,499971.41,2024-04-08,Approved,False,-1
421342,Defense,Inspection,Johnson-King,499497.91,2026-01-06,Approved,False,-1
421513,Education,Procurement,"Patel, Reese and Gonzales",497895.16,2024-09-25,Approved,False,-1
421558,Education,Payroll,Harris-Evans,860.86,2025-10-22,Pending,False,-1
421657,Defense,Inspection,Goodman Ltd,323.53,2024-08-20,Pending,False,-1
421725,Transportation,Payroll,Rodriguez-Li,935.74,2024-04-19,Rejected,False,-1
421924,Transportation,Benefits,Rodriguez-Garrett,1315.99,2025-07-21,Approved,False,-1
421929,Defense,Inspection,"Duncan, Davis and Rodriguez",499550.22,2024-10-01,Rejected,False,-1
421969,Education,Payroll,"Johnson, Smith and Lee",1216.24,2024-11-15,Rejected,False,-1
421989,Transportation,Inspection,"Evans, Morse and Hines",572.8,2024-08-16,Pending,False,-1
422147,Education,Payroll,"Anthony, Anderson and Smith",1815.52,2025-01-13,Approved,False,-1
422256,Defense,Procurement,Gilbert LLC,498122.59,2024-09-27,Rejected,False,-1
422280,Education,Payroll,"King, Torres and Dennis",201.25,2025-11-08,Pending,False,-1
422356,Health,Benefits,Ali-Davidson,442.91,2025-05-27,Rejected,False,-1
422414,Health,Procurement,Logan and Sons,3154.18,2024-10-28,Rejected,False,-1
422520,Defense,Inspection,Vance-Poole,2309.53,2025-12-22,Approved,False,-1
422756,Defense,Benefits,Flores-Garcia,499976.21,2025-01-09,Pending,False,-1
422788,Education,Procurement,Salinas-Hernandez,901.56,2024-10-23,Approved,False,-1
423009,Education,Benefits,"Moore, Little and Mcpherson",2701.61,2026-02-06,Pending,False,-1
423037,Education,Benefits,Jones Inc,806.58,2024-10-17,Rejected,False,-1
423095,Education,Inspection,"Thomas, Holland and Berry",499513.6,2025-11-15,Approved,False,-1
423237,Defense,Payroll,Howard Inc,499310.28,2025-03-01,Pending,False,-1
423300,Health,Benefits,Woods PLC,498825.91,2024-05-31,Approved,False,-1
423355,Transportation,Inspection,Mejia LLC,499049.82,2024-12-05,Approved,False,-1
423481,Health,Procurement,Brown LLC,498872.28,2025-04-11,Rejected,False,-1
423559,Health,Procurement,Brady-Lee,1229.34,2025-03-10,Pending,False,-1
423625,Health,Procurement,Hall and Sons,1242.1,2025-05-01,Pending,False,-1
423813,Defense,Procurement,Nguyen-Stevens,2777.61,2024-10-19,Pending,False,-1
423834,Defense,Inspection,Walker Inc,2000.59,2026-02-08,Rejected,False,-1
424215,Health,Payroll,Mcmahon LLC,498525.31,2025-07-15,Pending,False,-1
424373,Education,Procurement,Maldonado PLC,456.3,2024-09-23,Approved,False,-1
424427,Defense,Procurement,Johnson-Adkins,498070.69,2025-05-11,Rejected,False,-1
424538,Education,Benefits,White-Wyatt,799.05,2025-05-25,Rejected,False,-1
424636,Defense,Procurement,Kelly-Howard,498537.53,2025-05-03,Approved,False,-1
424910,Health,Inspection,"Schultz, Williams and Carroll",1016.38,2025-03-15,Rejected,False,-1
424919,Defense,Inspection,Taylor LLC,453.09,2024-06-16,Rejected,False,-1
424952,Transportation,Benefits,Bird PLC,1313.85,2025-08-26,Approved,False,-1
425057,Defense,Payroll,Carey Ltd,498192.7,2025-07-09,Approved,False,-1
425203,Transportation,Inspection,Lee-Lewis,498428.38,2025-01-15,Approved,False,-1
425225,Health,Benefits,Bryant Ltd,499397.96,2024-12-03,Pending,False,-1
425289,Defense,Payroll,"Harris, Ferguson and Neal",499776.2,2025-03-01,Rejected,False,-1
425386,Transportation,Payroll,Smith Ltd,498639.24,2025-07-11,Pending,False,-1
425594,Health,Benefits,Valdez-Morgan,1365.67,2024-07-11,Pending,False,-1
425601,Education,Inspection,Peters PLC,919.43,2025-12-28,Pending,False,-1
425606,Defense,Benefits,Hernandez and Sons,852.89,2024-12-03,Rejected,False,-1
425789,Education,Inspection,"Cook, Mercer and Gonzalez",498806.34,2025-08-28,Rejected,False,-1
425994,Health,Benefits,Morris-Marsh,2151.0,2024-11-19,Pending,False,-1
426067,Defense,Payroll,Clark-Ortiz,749.51,2024-10-18,Approved,False,-1
426203,Education,Procurement,Nelson Group,498518.68,2026-01-14,Pending,False,-1
426311,Education,Inspection,"Kelley, Logan and Mccoy",499349.26,2025-01-01,Rejected,False,-1
426419,Health,Inspection,Conley Group,499798.64,2025-05-23,Pending,False,-1
426423,Education,Procurement,"Smith, Romero and Hamilton",419.78,2024-06-22,Rejected,False,-1
426455,Health,Benefits,Ray LLC,194.83,2026-02-06,Rejected,False,-1
426464,Health,Inspection,Soto Inc,2179.55,2025-08-31,Pending,False,-1
426470,Education,Procurement,"Payne, Kim and Johnson",499841.45,2025-07-02,Pending,False,-1
426789,Health,Payroll,Garcia PLC,794.41,2024-03-31,Pending,False,-1
426821,Transportation,Payroll,Johnson-Rios,249.69,2025-06-28,Approved,False,-1
426827,Transportation,Inspection,Terry-Myers,499591.75,2025-05-26,Rejected,False,-1
426953,Health,Inspection,Fitzgerald-Hartman,499127.1,2024-05-30,Pending,False,-1
427000,Defense,Inspection,Nguyen-Gibson,499934.92,2025-11-30,Pending,False,-1
427491,Education,Procurement,Dean LLC,499196.95,2024-10-06,Rejected,False,-1
427587,Transportation,Procurement,Proctor-Reese,2007.24,2024-10-28,Approved,False,-1
427695,Health,Procurement,Smith-Tran,1251.51,2024-10-03,Approved,False,-1
427794,Defense,Inspection,Hutchinson-Berg,498839.48,2025-07-14,Approved,False,-1
427896,Defense,Procurement,Hawkins-Webb,825.71,2024-03-19,Pending,False,-1
427915,Education,Procurement,Morse and Sons,498709.52,2024-02-09,Pending,False,-1
428203,Education,Benefits,Cooper-Payne,2464.61,2024-04-04,Pending,False,-1
428215,Transportation,Payroll,"King, Hughes and Thompson",499290.22,2025-08-11,Pending,False,-1
428282,Defense,Payroll,"Young, Stevenson and Gordon",1769.71,2024-11-17,Rejected,False,-1
428449,Transportation,Benefits,"Cummings, Graham and Harper",1529.64,2025-12-30,Rejected,False,-1
428454,Defense,Procurement,Shields-Rocha,498249.68,2025-02-24,Rejected,False,-1
428465,Education,Inspection,Ortiz Ltd,1250.64,2024-04-05,Rejected,False,-1
428468,Transportation,Benefits,"Baxter, Solis and Obrien",2788.31,2024-11-25,Approved,False,-1
428508,Health,Inspection,Lee and Sons,2768.93,2024-12-11,Rejected,False,-1
428557,Defense,Inspection,"Fitzgerald, Lee and Perez",1333.96,2024-09-01,Approved,False,-1
428611,Health,Payroll,Sheppard and Sons,499717.25,2024-02-14,Pending,False,-1
428651,Health,Procurement,Martin-Russell,2916.18,2024-07-18,Pending,False,-1
428694,Education,Payroll,Hall Ltd,498248.68,2024-05-05,Rejected,False,-1
428937,Transportation,Inspection,Mckinney Inc,1598.86,2024-10-28,Pending,False,-1
429125,Defense,Payroll,Morales-Collins,137.07,2024-12-11,Pending,False,-1
429777,Education,Procurement,Martinez LLC,1073.98,2024-12-01,Pending,False,-1
429788,Health,Inspection,Andrews-Thomas,1323.19,2026-01-15,Pending,False,-1
429829,Education,Inspection,Hernandez-Porter,1390.28,2025-08-23,Approved,False,-1
429934,Health,Procurement,"Parsons, Soto and Palmer",2407.45,2024-12-23,Approved,False,-1
429940,Health,Procurement,Harris and Sons,1598.14,2026-01-13,Approved,False,-1
430103,Education,Payroll,Turner and Sons,499633.58,2024-05-06,Pending,False,-1
430251,Education,Benefits,Johnson-Caldwell,499932.46,2025-04-28,Rejected,False,-1
430304,Education,Payroll,Walker PLC,2352.56,2024-05-25,Approved,False,-1
430532,Education,Payroll,Hawkins-Stephens,2953.2,2026-01-05,Rejected,False,-1
430577,Education,Benefits,Forbes-Carter,1160.82,2024-11-26,Pending,False,-1
430666,Health,Benefits,Hernandez-Turner,2230.47,2024-10-17,Approved,False,-1
431003,Defense,Benefits,Compton-Santiago,1830.93,2025-02-13,Approved,False,-1
431089,Health,Inspection,Hall-Matthews,497962.76,2024-03-28,Pending,False,-1
431123,Defense,Inspection,Clark-Wood,814.88,2025-01-15,Approved,False,-1
431125,Transportation,Procurement,Campbell-Macdonald,2976.81,2025-02-09,Approved,False,-1
431188,Defense,Payroll,Smith-Armstrong,497962.0,2025-12-07,Approved,False,-1
431290,Health,Inspection,Brady-Jackson,1147.55,2025-04-17,Approved,False,-1
431376,Health,Inspection,Glover Inc,1088.1,2025-03-03,Pending,False,-1
431453,Education,Inspection,Hopkins LLC,498163.04,2025-01-07,Pending,False,-1
431484,Defense,Payroll,Harris PLC,1396.04,2025-09-11,Rejected,False,-1
431843,Transportation,Benefits,Gibson-Silva,2925.11,2025-01-26,Approved,False,-1
431860,Defense,Inspection,Morse-Gilbert,2068.39,2025-01-24,Approved,False,-1
431996,Health,Payroll,"Diaz, Stevens and Hall",1910.03,2024-11-05,Rejected,False,-1
432104,Health,Procurement,Hendrix PLC,498461.08,2024-10-24,Approved,False,-1
432181,Education,Benefits,Davis-Byrd,390.75,2026-02-06,Approved,False,-1
432249,Transportation,Benefits,Mercado-Hill,2406.18,2025-10-01,Pending,False,-1
432270,Transportation,Inspection,"Reyes, Bernard and Coleman",1169.73,2024-09-19,Approved,False,-1
432421,Health,Procurement,Hernandez-Harris,762.7,2024-05-04,Approved,False,-1
432605,Health,Benefits,"Stevens, West and Lee",1061.06,2025-10-17,Rejected,False,-1
432610,Health,Inspection,"Johnson, Wilson and Adams",1866.83,2024-07-28,Approved,False,-1
432760,Defense,Inspection,"Mckee, Smith and Gibson",1801.37,2025-05-31,Pending,False,-1
432958,Health,Inspection,Miles Inc,3160.46,2025-09-02,Rejected,False,-1
432969,Transportation,Benefits,Wright PLC,499309.18,2024-11-27,Rejected,False,-1
432973,Education,Payroll,Schwartz-Caldwell,498640.68,2024-05-28,Rejected,False,-1
433063,Defense,Inspection,"Morrow, Grant and Dixon",499864.58,2025-10-23,Pending,False,-1
433189,Defense,Benefits,"Harrell, David and Gonzalez",2882.95,2024-09-26,Approved,False,-1
433218,Education,Inspection,Sullivan Group,498184.85,2025-04-08,Pending,False,-1
433237,Education,Inspection,Murray-Salas,2689.78,2025-09-07,Rejected,False,-1
433323,Defense,Payroll,"Hernandez, Morgan and Kelly",360.54,2024-11-02,Pending,False,-1
434065,Education,Inspection,Mccoy-Morgan,499323.15,2025-12-03,Rejected,False,-1
434338,Health,Procurement,"Floyd, Carey and Hudson",498051.81,2024-09-24,Pending,False,-1
434427,Health,Payroll,Elliott Group,2776.68,2025-12-12,Pending,False,-1
434449,Defense,Procurement,Miles and Sons,1777.84,2024-02-27,Pending,False,-1
434504,Transportation,Inspection,Vaughn-Hernandez,1404.48,2025-08-27,Pending,False,-1
434544,Education,Payroll,Richardson PLC,1815.28,2024-08-27,Approved,False,-1
434680,Education,Payroll,Black Group,498209.25,2024-04-27,Pending,False,-1
434977,Health,Procurement,Barrera Inc,499195.94,2025-09-06,Pending,False,-1
435002,Health,Inspection,Gonzalez-Huber,450.26,2025-02-08,Pending,False,-1
435067,Defense,Benefits,Gordon-Snyder,1666.33,2024-07-13,Pending,False,-1
435090,Transportation,Benefits,"Burton, Clark and Jacobs",1172.47,2024-05-07,Rejected,False,-1
435268,Transportation,Benefits,Choi PLC,2151.09,2025-09-09,Rejected,False,-1
435354,Health,Payroll,Boyd-Adkins,2712.43,2025-05-19,Pending,False,-1
435359,Education,Benefits,Rodriguez-Heath,2583.14,2024-05-11,Pending,False,-1
435491,Health,Benefits,Osborne-Coleman,152.31,2024-11-23,Rejected,False,-1
435503,Transportation,Payroll,"Jones, West and Reed",498503.63,2024-10-03,Pending,False,-1
435511,Health,Benefits,Rios-Rivera,612.93,2024-12-23,Rejected,False,-1
435558,Education,Inspection,Gonzalez-Clark,498441.38,2024-06-05,Approved,False,-1
435652,Transportation,Payroll,"Holder, Gillespie and Hale",497907.62,2025-06-10,Rejected,False,-1
435657,Transportation,Payroll,Reeves-Melendez,183.03,2025-05-07,Rejected,False,-1
435683,Defense,Procurement,"Johnson, Ramos and Welch",280.19,2025-07-06,Approved,False,-1
435736,Education,Inspection,"Ponce, Hunter and Howard",498980.71,2025-06-19,Pending,False,-1
435899,Health,Inspection,Carter PLC,2586.19,2024-11-06,Approved,False,-1
435936,Health,Benefits,Harris Inc,2587.1,2025-12-21,Approved,False,-1
435979,Education,Procurement,"Jacobs, Sanders and Blair",499859.1,2025-01-11,Approved,False,-1
436025,Transportation,Procurement,Stewart-Sosa,1673.37,2024-06-06,Approved,False,-1
436057,Education,Benefits,Burnett-King,499904.76,2025-11-08,Rejected,False,-1
436184,Transportation,Procurement,Kennedy Ltd,809.88,2025-07-27,Pending,False,-1
436422,Transportation,Payroll,"Miller, Hansen and Logan",2746.04,2024-10-24,Pending,False,-1
436551,Education,Procurement,"Bates, Evans and Kramer",499405.78,2026-02-06,Pending,False,-1
436620,Education,Payroll,Peterson Inc,498106.38,2025-07-23,Pending,False,-1
436693,Health,Benefits,Hamilton LLC,498603.1,2024-12-09,Rejected,False,-1
436799,Defense,Benefits,Lee Group,499235.39,2025-06-22,Rejected,False,-1
436831,Defense,Inspection,"Munoz, Ball and Donaldson",1420.1,2024-04-02,Pending,False,-1
437018,Transportation,Payroll,Mccoy-Brady,796.41,2026-01-22,Approved,False,-1
437441,Health,Payroll,Deleon Ltd,1692.17,2024-09-25,Approved,False,-1
437585,Education,Benefits,"Daniel, Carr and Watson",498640.43,2024-11-22,Rejected,False,-1
437731,Transportation,Inspection,"Hansen, Smith and Gonzalez",499810.25,2025-10-26,Approved,False,-1
437902,Transportation,Payroll,White-Carlson,498976.6,2025-09-06,Approved,False,-1
437918,Education,Inspection,Chandler Inc,2474.23,2024-09-26,Rejected,False,-1
437924,Defense,Procurement,Perry-Huffman,499252.0,2025-02-26,Rejected,False,-1
437933,Health,Payroll,"Leon, Allen and York",273.71,2024-03-16,Approved,False,-1
438265,Health,Inspection,"Orr, Greer and Hubbard",1959.19,2025-04-18,Pending,False,-1
438397,Education,Payroll,Miranda and Sons,702.0,2024-11-01,Approved,False,-1
438468,Transportation,Benefits,Ford LLC,695.02,2025-03-29,Pending,False,-1
438515,Health,Procurement,Newman-Cunningham,498488.75,2025-03-05,Approved,False,-1
438525,Defense,Inspection,Jackson-Carr,498502.04,2025-05-24,Rejected,False,-1
438591,Education,Inspection,Webb LLC,581.05,2024-11-09,Pending,False,-1
439033,Health,Inspection,Collins-Bennett,498658.74,2025-12-22,Approved,False,-1
439036,Defense,Payroll,Serrano-Salas,873.52,2025-03-05,Approved,False,-1
439051,Transportation,Procurement,Martinez-James,499945.51,2025-09-11,Approved,False,-1
439266,Education,Inspection,Graham Ltd,499661.01,2025-11-12,Rejected,False,-1
439311,Defense,Inspection,Valencia Ltd,498383.27,2024-09-12,Rejected,False,-1
439542,Health,Procurement,Moore Ltd,466.82,2025-02-08,Rejected,False,-1
439819,Education,Procurement,Cuevas-Chavez,497885.2,2024-10-07,Pending,False,-1
439848,Health,Benefits,"Williams, Walker and Adams",499665.06,2025-05-27,Approved,False,-1
439851,Education,Inspection,Ross PLC,499018.08,2025-09-02,Approved,False,-1
440276,Education,Inspection,Cooper and Sons,499667.65,2025-07-08,Pending,False,-1
440302,Health,Procurement,Watson Group,973.52,2024-10-03,Approved,False,-1
440324,Education,Benefits,Garcia PLC,499423.44,2025-06-20,Approved,False,-1
440358,Defense,Inspection,Coleman LLC,763.56,2026-01-21,Pending,False,-1
440400,Transportation,Inspection,Costa-Shelton,1775.43,2025-04-25,Rejected,False,-1
440446,Defense,Payroll,Smith Group,1351.2,2025-03-28,Rejected,False,-1
440613,Health,Procurement,Vargas-Clark,499528.49,2024-09-13,Approved,False,-1
440688,Defense,Payroll,Holland Group,1942.0,2026-01-28,Pending,False,-1
440817,Defense,Payroll,"James, Wilson and Hansen",498087.96,2024-06-26,Pending,False,-1
441067,Health,Inspection,Hill Group,423.02,2024-03-15,Rejected,False,-1
441181,Education,Benefits,Garcia Group,499849.64,2024-09-17,Rejected,False,-1
441333,Health,Benefits,"Williams, Schneider and Lewis",498094.7,2025-05-11,Approved,False,-1
441450,Defense,Payroll,"Medina, Oliver and Wilcox",498257.88,2024-11-24,Rejected,False,-1
441537,Education,Inspection,Patterson-Taylor,990.15,2024-07-12,Approved,False,-1
441579,Health,Payroll,"Liu, Wright and Bailey",1065.23,2024-08-19,Approved,False,-1
441711,Health,Benefits,"Martinez, Gallegos and Davis",498896.7,2024-06-14,Pending,False,-1
441713,Health,Payroll,Young Group,498525.59,2024-05-12,Approved,False,-1
441722,Transportation,Payroll,"Chavez, Walker and Hernandez",2869.12,2025-07-30,Rejected,False,-1
441759,Defense,Procurement,Holt-Stone,2803.12,2025-10-13,Pending,False,-1
441804,Defense,Payroll,Gonzalez-Wright,1234.76,2025-10-24,Rejected,False,-1
441822,Defense,Procurement,"Wall, Paul and Hicks",2472.06,2025-10-09,Pending,False,-1
441925,Transportation,Procurement,"Brown, Lamb and Turner",498334.1,2024-07-20,Approved,False,-1
442022,Transportation,Payroll,White-Clark,1226.87,2024-03-21,Rejected,False,-1
442046,Defense,Payroll,Scott PLC,1248.5,2024-10-05,Pending,False,-1
442049,Transportation,Inspection,Walker-Gibson,282.97,2025-04-28,Rejected,False,-1
442105,Education,Benefits,Sims Group,499356.83,2024-07-14,Approved,False,-1
442157,Defense,Payroll,"Stafford, Ryan and Peterson",2985.16,2024-05-28,Pending,False,-1
442198,Transportation,Payroll,"King, Fields and Mosley",1710.84,2026-01-29,Approved,False,-1
442205,Health,Payroll,Mendez LLC,499615.9,2024-07-11,Approved,False,-1
442261,Defense,Benefits,Whitaker Ltd,499685.75,2024-09-15,Rejected,False,-1
442445,Defense,Benefits,Perry PLC,498131.59,2025-03-09,Rejected,False,-1
442497,Transportation,Procurement,Alexander-Anderson,485.35,2025-01-01,Approved,False,-1
442540,Education,Benefits,Reid-Ballard,819.05,2024-06-24,Approved,False,-1
442697,Education,Payroll,Macias LLC,498450.56,2025-08-09,Approved,False,-1
442723,Defense,Benefits,"Hayes, Montoya and Webster",1712.18,2026-01-24,Approved,False,-1
442803,Health,Benefits,Harris-Hobbs,499715.43,2026-01-29,Approved,False,-1
442823,Education,Inspection,Rodgers Group,2814.29,2025-07-13,Rejected,False,-1
442866,Education,Inspection,Mendoza PLC,2065.28,2025-08-10,Approved,False,-1
442902,Education,Inspection,"Russell, Barnes and Hopkins",264.12,2025-07-24,Pending,False,-1
442922,Defense,Procurement,"Houston, Lynch and Rodriguez",1863.28,2025-05-16,Approved,False,-1
443021,Health,Inspection,Johnson LLC,499793.35,2024-07-26,Pending,False,-1
443036,Defense,Benefits,Stewart PLC,499654.58,2025-01-23,Rejected,False,-1
443041,Transportation,Payroll,Martin-Mueller,499472.69,2025-02-25,Pending,False,-1
443096,Health,Inspection,Smith-Livingston,498195.24,2024-07-16,Rejected,False,-1
443291,Education,Inspection,"Miller, Perez and Macias",1209.38,2024-02-17,Approved,False,-1
443416,Defense,Payroll,"Maxwell, Terrell and Barnes",499130.79,2025-03-16,Rejected,False,-1
443457,Education,Procurement,Smith Inc,1010.22,2025-01-22,Pending,False,-1
443511,Health,Payroll,White-Gomez,499274.56,2025-07-09,Rejected,False,-1
443642,Education,Payroll,Mccullough-Ramirez,572.41,2025-04-18,Pending,False,-1
443668,Health,Benefits,Jones and Sons,498768.14,2025-03-20,Approved,False,-1
443754,Transportation,Procurement,"Thomas, George and Miller",1481.42,2025-11-17,Approved,False,-1
443851,Education,Payroll,"Johnson, Moody and Mendoza",777.3,2024-12-11,Pending,False,-1
443871,Transportation,Payroll,"Perez, Sims and Mitchell",446.6,2024-09-11,Approved,False,-1
443883,Health,Benefits,Jackson Inc,1289.06,2024-06-23,Approved,False,-1
443938,Education,Procurement,Davis-Ashley,498439.77,2025-07-11,Rejected,False,-1
443983,Defense,Payroll,Bates-Alexander,499781.21,2024-12-27,Pending,False,-1
444019,Defense,Inspection,"Allen, Moore and Torres",235.74,2024-05-22,Rejected,False,-1
444123,Health,Payroll,Reese-Fox,1399.85,2024-12-24,Pending,False,-1
444201,Transportation,Inspection,Lewis Inc,3009.72,2026-01-08,Approved,False,-1
444285,Education,Procurement,Jenkins Group,499104.0,2024-02-18,Pending,False,-1
444380,Health,Procurement,Wolf-Nguyen,1049.79,2024-04-09,Approved,False,-1
444500,Defense,Inspection,Calderon PLC,994.87,2025-12-30,Approved,False,-1
444604,Health,Inspection,"Thomas, Robinson and Campbell",2454.32,2024-03-05,Pending,False,-1
444615,Defense,Benefits,"Phelps, Hunt and Nelson",1822.18,2024-06-29,Pending,False,-1
444673,Transportation,Payroll,Carter Group,1929.8,2024-10-01,Pending,False,-1
444704,Defense,Payroll,"Garrett, Marshall and Montoya",498614.4,2025-08-13,Pending,False,-1
445021,Health,Benefits,Bailey-Harris,2417.43,2025-08-23,Rejected,False,-1
445028,Education,Benefits,"Johnson, Perez and Fletcher",861.17,2024-02-14,Approved,False,-1
445036,Transportation,Payroll,Tapia-Dawson,498558.28,2025-07-22,Pending,False,-1
445058,Health,Payroll,Riley Ltd,499166.08,2025-09-17,Pending,False,-1
445291,Education,Procurement,Stein Group,499910.25,2025-07-24,Pending,False,-1
445341,Health,Payroll,Martinez and Sons,2972.0,2024-10-21,Rejected,False,-1
445463,Health,Inspection,Thomas Group,3033.61,2024-03-25,Pending,False,-1
445723,Health,Payroll,"Baker, Martinez and Morgan",1175.6,2025-04-12,Approved,False,-1
445887,Health,Payroll,Edwards Inc,888.2,2025-11-29,Pending,False,-1
445899,Health,Procurement,Cooper LLC,613.09,2025-09-17,Pending,False,-1
445909,Defense,Procurement,York PLC,499880.69,2024-04-27,Pending,False,-1
445966,Education,Inspection,Washington-Kelley,1074.04,2025-01-22,Pending,False,-1
446002,Health,Payroll,Rhodes Group,499067.0,2024-12-30,Pending,False,-1
446004,Defense,Inspection,Reed-Cook,498809.93,2025-03-18,Rejected,False,-1
446119,Health,Procurement,Malone-Petersen,498787.22,2024-10-28,Pending,False,-1
446278,Defense,Procurement,Garcia-Smith,498909.04,2025-05-26,Rejected,False,-1
446286,Health,Benefits,Merritt Ltd,2256.67,2024-06-22,Approved,False,-1
446454,Transportation,Procurement,Guzman LLC,3007.29,2025-04-26,Rejected,False,-1
446540,Education,Procurement,Hernandez Inc,382.16,2025-11-01,Pending,False,-1
446620,Defense,Benefits,Schneider-Johnson,2474.16,2024-03-03,Pending,False,-1
446693,Transportation,Inspection,"Meyer, Alexander and Freeman",498370.99,2024-06-08,Rejected,False,-1
446737,Health,Benefits,Stephenson LLC,499851.14,2025-02-18,Approved,False,-1
446844,Defense,Procurement,Nelson-Cooper,498991.39,2026-01-30,Pending,False,-1
446888,Transportation,Procurement,"Griffith, Glover and Day",370.71,2025-09-06,Rejected,False,-1
447015,Defense,Procurement,Price LLC,499134.27,2025-01-21,Approved,False,-1
447113,Defense,Inspection,Brown PLC,2454.56,2024-11-30,Rejected,False,-1
447174,Health,Payroll,Gordon Ltd,2994.17,2026-01-30,Pending,False,-1
447207,Transportation,Procurement,Franklin Group,678.51,2024-03-05,Rejected,False,-1
447231,Health,Benefits,Irwin Ltd,498790.37,2025-04-17,Pending,False,-1
447262,Health,Benefits,Martinez-Drake,1078.86,2025-10-22,Rejected,False,-1
447264,Transportation,Inspection,Strickland-Perez,498960.95,2025-05-22,Rejected,False,-1
447350,Transportation,Benefits,"Clayton, Townsend and Howard",1349.02,2025-04-24,Rejected,False,-1
447402,Defense,Procurement,Nelson-Garcia,749.67,2024-10-19,Rejected,False,-1
447432,Education,Procurement,Horn-Barber,499150.51,2025-08-18,Pending,False,-1
447437,Health,Benefits,Carlson Inc,1768.92,2025-11-03,Approved,False,-1
447671,Transportation,Inspection,"Beltran, Johnson and Ward",498799.03,2025-09-29,Approved,False,-1
447861,Defense,Benefits,Gonzalez-Fuller,498386.49,2025-01-21,Pending,False,-1
448038,Education,Procurement,"Adams, Wall and Simmons",499577.81,2024-12-21,Rejected,False,-1
448063,Transportation,Benefits,Fletcher Inc,2033.96,2025-10-13,Pending,False,-1
448157,Transportation,Benefits,Fry-Jones,1246.38,2025-02-02,Rejected,False,-1
448164,Transportation,Benefits,Chen Group,2059.11,2025-10-21,Rejected,False,-1
448189,Transportation,Benefits,Medina-Lin,498645.81,2025-04-03,Pending,False,-1
448230,Transportation,Inspection,Gilbert LLC,499697.8,2024-11-22,Pending,False,-1
448289,Transportation,Payroll,"Mahoney, Holmes and Warner",498566.87,2024-12-24,Rejected,False,-1
448547,Education,Inspection,Johnson-Harris,726.02,2024-12-15,Pending,False,-1
448688,Defense,Benefits,"Perry, Bennett and May",2497.6,2025-01-24,Pending,False,-1
448782,Health,Benefits,Lee Ltd,2633.18,2024-08-23,Rejected,False,-1
448833,Transportation,Payroll,"Cooper, Howard and Ruiz",499660.36,2024-09-21,Rejected,False,-1
448845,Defense,Inspection,"Miller, Ware and Gray",499749.38,2025-05-29,Approved,False,-1
448881,Health,Inspection,"Hernandez, Horne and Hernandez",2664.6,2024-12-29,Rejected,False,-1
448926,Transportation,Payroll,"Johnson, Christian and Watts",498961.87,2025-01-20,Pending,False,-1
449167,Transportation,Procurement,Martin-Kelly,2713.36,2024-10-31,Approved,False,-1
449275,Transportation,Inspection,Cannon and Sons,986.13,2025-10-17,Rejected,False,-1
449292,Health,Payroll,Parker Ltd,1109.41,2025-10-05,Approved,False,-1
449398,Defense,Payroll,Anderson-Parker,2210.53,2025-04-22,Rejected,False,-1
449418,Defense,Inspection,Rogers-Jones,460.78,2025-01-16,Approved,False,-1
449510,Education,Inspection,"Vasquez, Davenport and Holland",498948.76,2025-09-29,Rejected,False,-1
449609,Defense,Inspection,Mccoy-Flynn,1493.44,2024-11-04,Pending,False,-1
449667,Defense,Payroll,Williams-King,498673.37,2025-07-19,Pending,False,-1
449719,Transportation,Inspection,Brown-Pennington,499142.57,2025-08-20,Rejected,False,-1
449763,Defense,Payroll,"Bennett, Matthews and Bolton",421.11,2025-10-24,Approved,False,-1
449777,Transportation,Benefits,"Simpson, Gallagher and Smith",499200.6,2025-11-02,Rejected,False,-1
449780,Health,Payroll,"Davis, Gutierrez and Powell",2361.9,2025-07-30,Pending,False,-1
449803,Transportation,Inspection,Gutierrez Inc,1458.57,2025-03-08,Approved,False,-1
449891,Education,Payroll,Fry-Smith,2664.82,2024-09-28,Rejected,False,-1
449926,Defense,Benefits,Johnson Inc,1197.47,2026-01-02,Rejected,False,-1
449969,Health,Inspection,"Nelson, Rivera and Thompson",1419.34,2024-06-30,Approved,False,-1
449973,Health,Procurement,Villarreal PLC,579.89,2025-12-29,Approved,False,-1
450259,Defense,Payroll,Aguilar LLC,611.23,2024-05-01,Rejected,False,-1
450493,Education,Benefits,"Smith, Petersen and Martin",1653.32,2024-05-08,Rejected,False,-1
450620,Defense,Procurement,Martin-Anderson,498236.23,2025-02-04,Approved,False,-1
450784,Health,Procurement,"Allen, Campbell and Gray",499579.71,2025-10-21,Rejected,False,-1
450917,Transportation,Payroll,Petty-Mckinney,498100.04,2025-02-24,Approved,False,-1
450975,Transportation,Procurement,Perez-Miller,736.98,2026-01-14,Pending,False,-1
451039,Health,Payroll,Rodriguez PLC,795.73,2024-06-19,Pending,False,-1
451124,Health,Benefits,"Collins, Ferguson and Abbott",499511.16,2024-12-12,Approved,False,-1
451201,Transportation,Payroll,"Scott, Stafford and Patterson",499152.87,2025-04-26,Rejected,False,-1
451357,Defense,Benefits,Ball LLC,499115.07,2025-10-04,Rejected,False,-1
451525,Health,Procurement,Burke-Cooper,2406.68,2025-12-30,Approved,False,-1
451570,Defense,Procurement,"Sanchez, Wheeler and Murray",2346.75,2025-05-20,Rejected,False,-1
451618,Health,Benefits,Jones-Wilkins,2655.05,2024-02-18,Approved,False,-1
451624,Education,Inspection,Yu PLC,1723.98,2025-03-25,Rejected,False,-1
451654,Defense,Inspection,"Sutton, Hampton and Smith",1800.48,2026-01-24,Approved,False,-1
451736,Defense,Benefits,Wells Ltd,760.47,2025-12-27,Approved,False,-1
451841,Transportation,Procurement,Smith Inc,1857.86,2025-07-15,Rejected,False,-1
452072,Transportation,Benefits,Rivas Group,498551.15,2024-11-30,Rejected,False,-1
452109,Health,Inspection,"Wilson, Garcia and Smith",1696.28,2024-07-05,Approved,False,-1
452124,Education,Benefits,Byrd-Mitchell,499984.22,2024-07-14,Rejected,False,-1
452126,Education,Procurement,Barnes-Jones,157.99,2025-06-30,Pending,False,-1
452281,Health,Inspection,Snyder Ltd,499615.25,2024-06-16,Pending,False,-1
452410,Defense,Inspection,Perez Ltd,499899.54,2025-01-20,Pending,False,-1
452458,Transportation,Benefits,"Carr, Smith and Sullivan",1658.75,2024-08-06,Pending,False,-1
452618,Health,Procurement,Young Ltd,499969.33,2024-09-13,Rejected,False,-1
452807,Transportation,Payroll,Carey-Gibson,497899.13,2025-09-20,Pending,False,-1
452890,Defense,Procurement,"Estrada, Wallace and Nolan",3026.41,2024-08-22,Approved,False,-1
452995,Defense,Benefits,Conner-Levine,498660.64,2024-05-21,Pending,False,-1
453040,Transportation,Inspection,Mosley PLC,1476.59,2025-01-24,Pending,False,-1
453046,Transportation,Inspection,Young-Fletcher,498195.55,2024-11-12,Approved,False,-1
453492,Health,Procurement,"Smith, Alexander and Smith",499016.23,2025-12-01,Pending,False,-1
453641,Defense,Benefits,"Mathews, Huynh and Price",3126.74,2025-06-19,Pending,False,-1
453695,Education,Payroll,Nunez and Sons,498696.56,2024-11-26,Pending,False,-1
453910,Transportation,Procurement,Richardson Group,2363.53,2025-11-27,Rejected,False,-1
453912,Defense,Benefits,Hurst Inc,1295.83,2025-07-15,Rejected,False,-1
453973,Health,Procurement,Anthony-Hill,2021.36,2024-06-05,Pending,False,-1
453983,Transportation,Benefits,Phillips-Evans,499111.77,2025-04-02,Approved,False,-1
454018,Health,Payroll,Skinner Inc,1786.66,2024-04-26,Approved,False,-1
454146,Health,Payroll,Lara and Sons,498541.76,2025-10-03,Pending,False,-1
454380,Transportation,Procurement,Aguirre-Roth,2174.97,2025-05-09,Pending,False,-1
454391,Defense,Payroll,Miller-Alexander,499739.58,2025-04-15,Approved,False,-1
454501,Defense,Inspection,"Shelton, Thomas and Black",1066.59,2025-02-23,Approved,False,-1
454509,Health,Inspection,"Peters, Sullivan and Hoffman",1579.08,2024-10-27,Rejected,False,-1
454668,Transportation,Procurement,Rogers-Alexander,498317.49,2025-09-24,Rejected,False,-1
454686,Transportation,Procurement,Davis-Allen,498804.09,2024-08-04,Pending,False,-1
454919,Transportation,Payroll,Fowler and Sons,2317.76,2024-10-18,Rejected,False,-1
454945,Transportation,Payroll,Morris-Green,1095.08,2024-02-24,Approved,False,-1
454950,Transportation,Benefits,"Ramos, Peterson and Moon",2010.1,2025-07-20,Rejected,False,-1
454975,Defense,Payroll,Maldonado Inc,499150.92,2024-09-04,Rejected,False,-1
455076,Health,Benefits,Stevenson Group,499752.22,2024-10-12,Pending,False,-1
455132,Defense,Benefits,Lopez-Thomas,499863.47,2024-06-14,Pending,False,-1
455167,Health,Payroll,"Stanley, Vaughn and Hill",1545.55,2024-03-12,Approved,False,-1
455170,Transportation,Inspection,"Mckenzie, Johnson and Phillips",499551.31,2024-11-03,Rejected,False,-1
455186,Education,Procurement,"Hernandez, Walters and Walker",499225.31,2025-11-21,Rejected,False,-1
455368,Health,Inspection,"Johnson, Byrd and Cox",499454.47,2025-08-15,Rejected,False,-1
455412,Education,Procurement,Rowe-Peters,499537.64,2025-12-14,Rejected,False,-1
455551,Education,Benefits,"Oconnell, Blevins and Martinez",1900.15,2026-01-29,Rejected,False,-1
455721,Transportation,Benefits,"Shaw, Fitzgerald and Allen",498960.08,2025-02-22,Pending,False,-1
455746,Education,Procurement,Richardson-Hicks,888.24,2024-09-23,Rejected,False,-1
455792,Transportation,Benefits,Doyle and Sons,498208.66,2024-07-27,Pending,False,-1
455822,Transportation,Payroll,Frost-Anderson,498228.14,2025-02-27,Rejected,False,-1
455877,Education,Procurement,Cochran-Lewis,498965.48,2025-06-08,Approved,False,-1
455895,Education,Inspection,Alexander-Riddle,1660.43,2024-12-13,Rejected,False,-1
455920,Defense,Payroll,"Flores, Simpson and Ramos",498224.49,2025-07-19,Pending,False,-1
455936,Transportation,Inspection,Espinoza Ltd,2325.0,2025-03-22,Approved,False,-1
456024,Education,Procurement,"Hopkins, Davis and Cain",2260.02,2025-04-07,Approved,False,-1
456149,Transportation,Inspection,"Dalton, Archer and Brooks",826.22,2026-02-05,Rejected,False,-1
456514,Defense,Benefits,"Lam, Jackson and Mitchell",498819.29,2024-08-11,Approved,False,-1
456564,Education,Payroll,Holt-Smith,2620.19,2024-12-18,Rejected,False,-1
456609,Health,Benefits,"Sanders, Clark and Pierce",498965.6,2024-02-21,Pending,False,-1
456793,Health,Benefits,Long-Rose,1102.47,2025-02-21,Pending,False,-1
456878,Education,Procurement,"Allen, Carroll and Campbell",498985.46,2025-08-09,Pending,False,-1
457046,Health,Procurement,Walter and Sons,499854.48,2024-12-23,Rejected,False,-1
457275,Transportation,Benefits,James Group,461.24,2025-03-07,Rejected,False,-1
457278,Health,Inspection,Cruz-Braun,626.62,2025-02-26,Rejected,False,-1
457309,Education,Benefits,"Hubbard, Jones and Simpson",499879.49,2025-10-21,Rejected,False,-1
457320,Transportation,Payroll,Vargas Inc,498597.37,2024-07-26,Pending,False,-1
457438,Education,Payroll,Brown-Villanueva,1984.27,2025-10-31,Rejected,False,-1
457658,Transportation,Payroll,Gordon-Bray,236.8,2024-06-14,Approved,False,-1
457883,Education,Benefits,Lopez Group,3158.01,2026-01-10,Approved,False,-1
458001,Transportation,Benefits,Cabrera-Jordan,2686.85,2024-04-27,Approved,False,-1
458082,Transportation,Procurement,Andrade and Sons,1087.22,2025-01-20,Rejected,False,-1
458121,Education,Benefits,Durham-Brown,498996.11,2024-05-26,Rejected,False,-1
458255,Defense,Procurement,"Hughes, Bruce and Sanchez",499477.33,2025-07-19,Rejected,False,-1
458326,Education,Payroll,Mitchell Ltd,2506.39,2025-02-17,Pending,False,-1
458368,Health,Payroll,Carroll-Daniels,2886.73,2025-03-16,Pending,False,-1
458571,Health,Benefits,"Rodriguez, Carter and Williams",720.83,2025-07-31,Pending,False,-1
458587,Defense,Benefits,Harrison-York,498591.24,2024-07-11,Pending,False,-1
458726,Health,Procurement,Booth-Escobar,499670.9,2025-06-05,Pending,False,-1
458750,Defense,Benefits,Thompson Group,2645.74,2025-11-22,Rejected,False,-1
458813,Defense,Inspection,"Brown, Ross and Mcpherson",499832.95,2024-10-30,Pending,False,-1
458845,Transportation,Procurement,Fields-Stokes,499960.28,2026-01-10,Pending,False,-1
458949,Defense,Procurement,Ortiz-Evans,499808.06,2024-07-26,Approved,False,-1
459117,Transportation,Procurement,Weiss-Wells,2520.34,2025-05-04,Approved,False,-1
459178,Health,Procurement,"Payne, Williams and Smith",498916.49,2025-06-11,Approved,False,-1
459383,Transportation,Payroll,Garcia-Johnson,498679.46,2025-06-01,Approved,False,-1
459507,Education,Benefits,Rodriguez LLC,544.3,2024-02-24,Rejected,False,-1
459705,Transportation,Inspection,Anderson-Cherry,499825.15,2025-02-08,Approved,False,-1
459772,Education,Payroll,"Scott, Combs and Anderson",2644.95,2025-08-17,Rejected,False,-1
459777,Defense,Inspection,White-Munoz,499210.34,2024-12-27,Approved,False,-1
459797,Transportation,Payroll,"Clayton, Bates and Frazier",499031.01,2024-11-28,Pending,False,-1
459999,Education,Benefits,Burns-Underwood,2922.54,2025-11-23,Pending,False,-1
460739,Health,Payroll,Waller PLC,497905.14,2024-12-12,Approved,False,-1
460836,Education,Benefits,Jimenez Inc,2225.32,2024-09-24,Pending,False,-1
460944,Defense,Payroll,Mooney-Duncan,499932.89,2025-04-03,Pending,False,-1
460948,Health,Benefits,Hill-May,305.04,2024-02-22,Pending,False,-1
461009,Transportation,Benefits,"Salas, Fox and Mann",499453.33,2025-05-30,Rejected,False,-1
461016,Transportation,Procurement,Mclaughlin PLC,499018.13,2025-09-03,Approved,False,-1
461099,Defense,Procurement,Gonzalez-Griffin,3004.93,2024-07-10,Pending,False,-1
461183,Education,Payroll,Romero Group,2329.88,2025-07-30,Approved,False,-1
461232,Education,Payroll,Davis PLC,499990.69,2024-04-16,Pending,False,-1
461269,Health,Payroll,Ritter and Sons,498591.11,2025-06-07,Pending,False,-1
461288,Health,Benefits,"Edwards, Rodriguez and Thompson",2404.28,2024-10-10,Approved,False,-1
461536,Defense,Benefits,"Jackson, Reynolds and Graham",193.48,2024-09-30,Approved,False,-1
461626,Defense,Inspection,Murphy-Dodson,2519.24,2024-03-24,Pending,False,-1
461659,Defense,Inspection,"Sanford, Brooks and Ewing",499211.96,2025-08-12,Pending,False,-1
461712,Transportation,Payroll,"Lee, Page and Cunningham",2997.25,2025-04-05,Pending,False,-1
461743,Health,Procurement,Baker Inc,1524.83,2024-03-28,Pending,False,-1
461756,Health,Inspection,Yoder Group,559.62,2024-04-17,Rejected,False,-1
461884,Transportation,Inspection,Scott Group,1556.22,2024-07-21,Rejected,False,-1
462167,Health,Benefits,Williamson Inc,1033.57,2025-03-30,Pending,False,-1
462301,Education,Benefits,"Santos, Booker and Price",499397.03,2025-11-11,Pending,False,-1
462489,Health,Payroll,Williams Ltd,2623.34,2025-04-08,Approved,False,-1
462565,Health,Procurement,Moon PLC,1174.55,2025-11-30,Rejected,False,-1
462675,Defense,Payroll,"Williams, Brandt and Hernandez",499005.13,2025-01-15,Approved,False,-1
462852,Transportation,Benefits,"Wood, Ellis and Anderson",1621.2,2024-09-24,Rejected,False,-1
462973,Transportation,Payroll,"Silva, Rodgers and Knox",2219.32,2025-04-24,Pending,False,-1
463214,Transportation,Inspection,Russo LLC,499791.41,2025-12-29,Rejected,False,-1
463474,Education,Benefits,Brown Group,499458.2,2024-04-30,Pending,False,-1
463505,Health,Benefits,Brown PLC,499046.66,2024-08-17,Rejected,False,-1
463717,Health,Inspection,Walker PLC,2720.29,2024-11-21,Rejected,False,-1
463804,Health,Inspection,"Hoffman, Jacobson and Price",499836.95,2024-10-01,Approved,False,-1
463854,Transportation,Payroll,"Bradford, Russell and Burke",716.76,2025-02-19,Approved,False,-1
463888,Education,Payroll,"Jones, Morales and Davis",499509.86,2025-03-01,Rejected,False,-1
463910,Education,Benefits,Lowe-Cox,1255.94,2024-11-20,Rejected,False,-1
463919,Education,Procurement,Cervantes LLC,2648.56,2024-02-20,Rejected,False,-1
463969,Defense,Procurement,Wilkins-Davis,498678.83,2025-02-10,Rejected,False,-1
463985,Health,Payroll,"Deleon, Richardson and Richards",498693.56,2024-07-23,Approved,False,-1
464086,Education,Payroll,"Carter, Hernandez and Martin",2682.09,2025-01-01,Pending,False,-1
464130,Education,Payroll,"Carson, Torres and Hahn",414.09,2025-02-14,Pending,False,-1
464287,Education,Payroll,"Washington, Davis and Sullivan",206.62,2026-01-22,Approved,False,-1
464383,Education,Inspection,"Wright, Ward and Allison",1399.49,2025-09-02,Approved,False,-1
464532,Defense,Benefits,Wade Ltd,499669.8,2024-04-03,Approved,False,-1
464556,Education,Benefits,Galvan-Vasquez,2314.81,2026-01-28,Rejected,False,-1
464700,Health,Benefits,Sweeney-Scott,1345.77,2025-04-04,Pending,False,-1
464760,Defense,Procurement,"Erickson, Hamilton and Flowers",698.9,2025-12-22,Pending,False,-1
464913,Health,Inspection,"Lopez, Peters and Smith",2160.88,2024-10-24,Approved,False,-1
465080,Defense,Inspection,Hernandez Ltd,650.79,2025-10-29,Rejected,False,-1
465111,Transportation,Inspection,Bell Inc,1332.37,2024-04-14,Approved,False,-1
465169,Health,Benefits,Huang PLC,2060.25,2025-12-27,Rejected,False,-1
465475,Health,Inspection,Thomas-Harrell,1351.69,2025-05-24,Approved,False,-1
465527,Health,Inspection,Brown-Dennis,498550.05,2024-05-05,Rejected,False,-1
465598,Health,Procurement,"Mayo, Stephens and Brooks",498908.05,2024-07-28,Rejected,False,-1
465631,Transportation,Procurement,Oliver LLC,498045.18,2024-10-22,Rejected,False,-1
465708,Health,Procurement,Torres Inc,2419.68,2025-02-02,Rejected,False,-1
465716,Transportation,Benefits,Marks Ltd,1813.76,2024-06-17,Pending,False,-1
465836,Health,Inspection,"Fitzgerald, Rodriguez and Jones",498106.98,2024-12-23,Approved,False,-1
465961,Education,Procurement,Cisneros Group,498277.01,2025-12-14,Approved,False,-1
466094,Education,Inspection,Williams and Sons,498829.68,2024-05-06,Rejected,False,-1
466154,Education,Inspection,Robinson and Sons,677.12,2025-10-15,Approved,False,-1
466181,Defense,Inspection,"Dickerson, Hodges and Powell",574.38,2024-04-01,Approved,False,-1
466225,Defense,Benefits,Fischer-Anderson,498047.54,2024-12-26,Rejected,False,-1
466275,Defense,Benefits,"Horton, Dixon and Vance",192.02,2025-05-25,Approved,False,-1
466296,Defense,Benefits,Parsons Group,498246.55,2025-04-07,Rejected,False,-1
466517,Transportation,Payroll,Knight Ltd,498337.06,2025-05-24,Rejected,False,-1
466590,Transportation,Payroll,Welch-Ruiz,498052.18,2025-06-25,Pending,False,-1
466603,Education,Benefits,Norton-Ware,2069.29,2024-05-12,Rejected,False,-1
466692,Education,Payroll,"Green, Luna and Shaffer",499028.19,2025-03-26,Pending,False,-1
467027,Defense,Inspection,"Lane, Johnson and Swanson",1120.28,2025-12-26,Approved,False,-1
467297,Health,Payroll,"Miller, Nelson and Owens",2045.4,2026-01-26,Rejected,False,-1
467312,Health,Payroll,"Ferguson, Harris and Garcia",2303.46,2025-01-02,Pending,False,-1
467533,Education,Benefits,"Park, Craig and Foley",2371.4,2024-02-29,Pending,False,-1
467579,Transportation,Benefits,Ortiz Group,1617.66,2024-03-08,Rejected,False,-1
468174,Defense,Benefits,Bennett-Hernandez,988.94,2024-12-28,Pending,False,-1
468326,Education,Payroll,Hatfield Group,499968.4,2026-01-25,Approved,False,-1
468399,Education,Procurement,"Thomas, Brown and Smith",1622.66,2025-03-11,Pending,False,-1
468409,Transportation,Procurement,"Stanley, Ferguson and Nolan",2372.02,2024-03-28,Rejected,False,-1
468560,Defense,Inspection,"Kennedy, Brady and Beasley",498578.36,2024-08-18,Approved,False,-1
468577,Education,Procurement,"Brown, Hamilton and Mora",499171.84,2025-11-27,Pending,False,-1
468581,Education,Payroll,Long-Chandler,1495.77,2024-12-22,Approved,False,-1
468608,Transportation,Inspection,Dodson Inc,766.03,2024-09-14,Pending,False,-1
468637,Transportation,Benefits,Wilson and Sons,2108.12,2025-10-12,Approved,False,-1
468656,Education,Inspection,Harrison Group,498477.03,2025-12-24,Rejected,False,-1
468727,Defense,Payroll,Delgado Inc,499553.61,2024-08-05,Approved,False,-1
468766,Education,Inspection,"Howell, Lane and Melton",498249.89,2024-06-29,Pending,False,-1
468901,Defense,Benefits,Bates Inc,2603.02,2025-01-08,Pending,False,-1
469142,Education,Benefits,"Gutierrez, Valentine and Green",482.56,2024-04-26,Approved,False,-1
469169,Defense,Payroll,"Le, Patterson and Smith",499441.2,2025-02-14,Rejected,False,-1
469205,Education,Payroll,"Murphy, Harris and Wade",2956.63,2025-02-09,Pending,False,-1
469246,Transportation,Payroll,"Tucker, Thomas and Hunter",2000.28,2024-04-19,Pending,False,-1
469358,Health,Benefits,Simmons Group,737.95,2024-08-24,Pending,False,-1
469447,Transportation,Benefits,Turner PLC,177.09,2024-12-25,Approved,False,-1
469534,Defense,Benefits,Cobb and Sons,499041.5,2026-01-27,Rejected,False,-1
469699,Education,Payroll,Webster-Holland,1758.76,2025-02-22,Pending,False,-1
469738,Health,Procurement,"Cooley, Hull and White",2528.58,2025-03-08,Approved,False,-1
469779,Transportation,Inspection,Howard Group,965.6,2024-09-26,Rejected,False,-1
469836,Defense,Benefits,"Humphrey, Richmond and Ayala",238.22,2025-01-17,Approved,False,-1
469869,Education,Payroll,Marshall Group,3018.52,2025-04-18,Approved,False,-1
470061,Defense,Payroll,Thompson LLC,2117.89,2024-07-17,Rejected,False,-1
470093,Transportation,Inspection,Houston PLC,498354.12,2024-10-11,Pending,False,-1
470214,Education,Benefits,"Newman, Bowers and Mora",499267.95,2025-01-07,Approved,False,-1
470512,Health,Benefits,Jones-Daniels,499473.28,2024-09-01,Rejected,False,-1
470525,Transportation,Benefits,Lane LLC,2673.26,2025-04-29,Pending,False,-1
470637,Transportation,Benefits,Adams-Preston,1338.33,2026-02-05,Rejected,False,-1
470741,Health,Payroll,"Alvarado, Hayden and Banks",1920.81,2025-06-25,Rejected,False,-1
470920,Health,Inspection,Rose-Martin,1239.82,2024-08-08,Pending,False,-1
471056,Transportation,Benefits,Greer-Steele,1899.26,2026-01-16,Approved,False,-1
471165,Health,Payroll,Sanders Inc,2203.88,2025-03-30,Approved,False,-1
471358,Transportation,Inspection,Rodriguez-Rodriguez,287.09,2025-04-25,Approved,False,-1
471427,Education,Benefits,Martinez-White,499174.78,2025-02-17,Approved,False,-1
471435,Education,Benefits,"Hamilton, Bennett and Yoder",499022.94,2024-08-26,Approved,False,-1
471537,Health,Benefits,"Carroll, Gregory and Wilson",499394.52,2024-03-26,Approved,False,-1
471673,Education,Procurement,Obrien-Mason,848.54,2024-09-20,Rejected,False,-1
471793,Health,Benefits,"Jones, Wolf and Lane",1019.47,2024-05-26,Rejected,False,-1
471910,Defense,Benefits,Miles Ltd,2260.8,2025-07-07,Pending,False,-1
472005,Defense,Inspection,Robles Ltd,2706.09,2025-02-28,Rejected,False,-1
472041,Transportation,Procurement,Clark PLC,2570.28,2025-03-22,Rejected,False,-1
472124,Defense,Inspection,Whitaker Inc,727.23,2025-12-23,Pending,False,-1
472129,Health,Inspection,Bishop-Salazar,1740.38,2025-12-05,Pending,False,-1
472170,Health,Inspection,Stewart-Thomas,1319.55,2024-02-20,Pending,False,-1
472196,Defense,Benefits,Salazar-Ward,132.33,2024-04-09,Rejected,False,-1
472263,Transportation,Inspection,Miller-Walton,1870.85,2024-12-12,Rejected,False,-1
472352,Education,Inspection,Wilson-Tran,455.84,2025-04-04,Pending,False,-1
472373,Education,Procurement,Shelton and Sons,2966.46,2025-03-27,Approved,False,-1
472383,Health,Procurement,Ibarra-Patterson,498294.82,2025-01-30,Rejected,False,-1
472453,Defense,Procurement,Trujillo Group,2364.17,2024-08-08,Pending,False,-1
472473,Education,Benefits,"Hall, Fitzgerald and Hopkins",1817.13,2025-08-17,Approved,False,-1
472914,Defense,Procurement,"Reynolds, Gill and Garcia",911.56,2025-12-17,Rejected,False,-1
473040,Transportation,Payroll,"Jones, Avila and Wells",497954.58,2025-03-20,Approved,False,-1
473066,Education,Payroll,"Chavez, Salazar and Stewart",408.96,2025-07-02,Pending,False,-1
473130,Transportation,Benefits,"Pruitt, Castillo and Zamora",1613.17,2025-11-10,Pending,False,-1
473132,Transportation,Payroll,"Moran, Murphy and King",549.01,2024-07-13,Pending,False,-1
473194,Health,Inspection,Suarez-Griffin,498246.41,2024-06-12,Approved,False,-1
473207,Health,Procurement,"Mcfarland, Bush and Jacobs",583.22,2025-10-18,Rejected,False,-1
473446,Education,Payroll,"Stewart, Gray and Jones",1685.97,2024-03-10,Approved,False,-1
473679,Health,Benefits,Foster-Martin,498844.12,2024-08-29,Approved,False,-1
473690,Defense,Payroll,Bradley PLC,1831.41,2024-08-13,Approved,False,-1
473987,Transportation,Benefits,"Vincent, Moore and Weaver",204.17,2025-10-05,Approved,False,-1
474289,Defense,Procurement,Nicholson Inc,103.76,2025-07-13,Rejected,False,-1
474693,Defense,Benefits,Williams-Mann,1214.16,2025-04-26,Pending,False,-1
474937,Transportation,Procurement,Taylor-Hawkins,2126.58,2024-05-29,Rejected,False,-1
474942,Education,Inspection,Dunlap and Sons,2811.83,2024-07-28,Rejected,False,-1
475052,Health,Inspection,Jones Ltd,1795.99,2024-06-01,Approved,False,-1
475193,Health,Inspection,"Powell, Morse and Hernandez",956.9,2026-01-29,Pending,False,-1
475226,Defense,Payroll,Sanchez-Tucker,499025.21,2024-02-22,Approved,False,-1
475434,Transportation,Inspection,Mcdonald Ltd,499555.54,2025-11-18,Pending,False,-1
475607,Defense,Payroll,Turner Ltd,499303.42,2024-05-25,Rejected,False,-1
475615,Defense,Inspection,Dominguez Ltd,499076.63,2025-01-30,Rejected,False,-1
475664,Transportation,Procurement,"Williams, Cruz and Wells",2781.06,2025-01-22,Pending,False,-1
475692,Health,Inspection,"Morrison, Brown and Sherman",499939.64,2025-03-12,Approved,False,-1
475774,Defense,Procurement,Sellers LLC,2068.71,2024-12-18,Rejected,False,-1
475822,Education,Procurement,"Pena, Lloyd and Shelton",499549.99,2024-08-12,Approved,False,-1
475856,Defense,Procurement,Ruiz-Goodman,498195.86,2024-12-28,Approved,False,-1
476081,Education,Benefits,Graves and Sons,499311.94,2025-10-24,Rejected,False,-1
476104,Health,Payroll,Melendez-Smith,499611.42,2025-11-01,Pending,False,-1
476186,Education,Procurement,Garner-Price,498841.12,2024-11-04,Pending,False,-1
476288,Education,Benefits,Bautista-Lewis,1942.38,2024-09-21,Approved,False,-1
476377,Defense,Procurement,"Smith, Robinson and West",841.22,2025-12-11,Rejected,False,-1
476480,Health,Procurement,Rodriguez Inc,964.58,2024-10-16,Pending,False,-1
476529,Transportation,Benefits,Daniel LLC,499896.61,2025-04-03,Pending,False,-1
476537,Defense,Payroll,Glass-Winters,1640.36,2024-12-13,Rejected,False,-1
476611,Education,Inspection,Hale Ltd,1774.42,2025-11-23,Rejected,False,-1
476646,Health,Payroll,Hall Group,1233.33,2024-12-02,Rejected,False,-1
476920,Education,Payroll,Patterson-Sandoval,1027.36,2024-06-27,Rejected,False,-1
476955,Health,Benefits,Sweeney-Harris,372.01,2024-10-21,Approved,False,-1
477276,Transportation,Payroll,"Simmons, Graham and Lang",498941.94,2024-02-25,Rejected,False,-1
477295,Health,Payroll,"Smith, Guerra and Robinson",455.77,2025-01-20,Approved,False,-1
477357,Health,Inspection,Collier Group,2308.95,2024-02-16,Approved,False,-1
477372,Transportation,Payroll,Lopez Group,2632.6,2024-03-14,Pending,False,-1
477387,Health,Benefits,Hart Group,1562.93,2026-01-20,Pending,False,-1
477551,Education,Procurement,Ramirez PLC,1945.59,2025-07-30,Rejected,False,-1
477601,Health,Benefits,Davis LLC,499590.32,2025-11-19,Rejected,False,-1
477602,Health,Payroll,"Mata, Osborne and Hale",498809.81,2024-12-25,Pending,False,-1
477647,Health,Payroll,"Moses, Griffin and Carter",499377.96,2024-10-12,Rejected,False,-1
477739,Health,Procurement,Lewis-Wilson,498307.68,2024-06-26,Pending,False,-1
477959,Health,Procurement,Palmer-Newton,2038.87,2026-01-24,Rejected,False,-1
477991,Transportation,Inspection,Rivera PLC,498359.11,2025-05-20,Pending,False,-1
478093,Defense,Benefits,Gray-Stanley,499363.11,2025-02-21,Approved,False,-1
478142,Education,Inspection,Richardson Group,498534.16,2025-10-03,Pending,False,-1
478401,Health,Inspection,"Pena, Cobb and Hinton",1165.58,2025-03-28,Pending,False,-1
478455,Health,Benefits,"Nguyen, Dunlap and Obrien",1302.67,2025-12-19,Rejected,False,-1
478493,Health,Procurement,Grant-Webb,499054.4,2025-09-05,Rejected,False,-1
478547,Defense,Procurement,Simon-Gonzales,498054.3,2024-07-26,Rejected,False,-1
478634,Transportation,Procurement,Webb-Wagner,498526.17,2025-07-13,Approved,False,-1
478906,Education,Inspection,"Macias, Ramirez and Young",738.97,2025-01-07,Rejected,False,-1
478943,Transportation,Procurement,"Wilson, Frey and Cowan",1919.6,2025-08-01,Rejected,False,-1
478980,Defense,Payroll,Murphy Group,499297.32,2025-02-21,Approved,False,-1
479055,Defense,Benefits,Anderson Group,864.19,2024-03-21,Approved,False,-1
479168,Transportation,Inspection,Bell PLC,498382.77,2024-06-20,Rejected,False,-1
479251,Health,Inspection,"Sampson, Hobbs and Collins",1116.49,2025-02-07,Pending,False,-1
479373,Transportation,Procurement,"Skinner, Sanchez and Parker",2920.16,2024-06-01,Pending,False,-1
479517,Education,Procurement,Flores Group,499509.18,2025-01-29,Pending,False,-1
479519,Health,Procurement,"Thompson, Taylor and Parker",2146.2,2025-04-01,Approved,False,-1
479767,Health,Benefits,Richards Inc,2832.39,2025-09-28,Approved,False,-1
480034,Transportation,Procurement,Nichols Ltd,498600.91,2024-02-11,Rejected,False,-1
480095,Health,Payroll,Jones PLC,2814.85,2024-12-06,Pending,False,-1
480122,Health,Inspection,Adams Group,506.97,2024-04-19,Approved,False,-1
480308,Education,Procurement,"Mccoy, Simmons and Rosales",499261.26,2025-02-20,Pending,False,-1
480496,Health,Inspection,Hanson Ltd,498280.45,2024-12-23,Rejected,False,-1
480571,Education,Payroll,Mills-Lang,697.81,2025-05-30,Rejected,False,-1
480806,Health,Procurement,Marshall-Romero,498434.25,2025-10-10,Approved,False,-1
480844,Defense,Payroll,"Townsend, Martinez and Banks",497886.6,2026-01-01,Rejected,False,-1
480884,Health,Payroll,Eaton LLC,2331.69,2025-12-25,Rejected,False,-1
481125,Defense,Payroll,Lopez-Gomez,547.3,2025-05-02,Rejected,False,-1
481189,Transportation,Inspection,Becker-Day,2245.56,2025-08-03,Approved,False,-1
481249,Health,Benefits,Sutton Inc,2316.14,2025-01-28,Rejected,False,-1
481318,Defense,Benefits,Kane-Mejia,2010.97,2024-05-11,Approved,False,-1
481351,Transportation,Benefits,White-Cole,2567.51,2024-11-29,Approved,False,-1
481776,Defense,Procurement,Smith LLC,498919.8,2025-01-14,Pending,False,-1
481862,Education,Payroll,Holmes and Sons,956.48,2026-01-03,Approved,False,-1
481896,Transportation,Benefits,Hill-Peterson,497954.54,2025-01-09,Pending,False,-1
482196,Defense,Procurement,Hahn-Wilson,497890.75,2025-03-28,Pending,False,-1
482229,Defense,Procurement,Daniels-Martin,478.47,2024-12-17,Rejected,False,-1
482296,Transportation,Procurement,Jenkins-Gilmore,498767.26,2025-01-16,Rejected,False,-1
482463,Health,Benefits,Brown Group,2310.8,2025-05-14,Approved,False,-1
482754,Transportation,Payroll,Nichols-Harris,1269.56,2024-06-25,Rejected,False,-1
482822,Defense,Payroll,Patterson LLC,1291.62,2025-06-21,Approved,False,-1
482885,Health,Payroll,"Campbell, Bush and Howe",499984.5,2025-10-04,Approved,False,-1
483007,Education,Procurement,Bell-Savage,499294.23,2025-01-12,Pending,False,-1
483047,Education,Inspection,Martinez-Brown,1489.13,2024-09-14,Approved,False,-1
483206,Education,Benefits,Lam Group,499694.76,2025-02-05,Rejected,False,-1
483327,Transportation,Payroll,"Vasquez, Avila and Smith",415.28,2025-11-22,Approved,False,-1
483393,Transportation,Inspection,"Farrell, Harvey and Wilkinson",498345.18,2025-04-05,Approved,False,-1
483612,Defense,Payroll,Gregory Ltd,499753.69,2025-02-27,Rejected,False,-1
483767,Health,Inspection,Flores and Sons,2692.7,2024-07-16,Approved,False,-1
483846,Health,Payroll,"Decker, Smith and Anderson",1468.24,2024-10-01,Pending,False,-1
483989,Transportation,Payroll,Young-Gonzalez,1960.83,2025-07-15,Rejected,False,-1
483992,Health,Benefits,Wagner Group,2115.95,2024-07-02,Rejected,False,-1
484115,Health,Inspection,Howard Inc,1048.53,2025-01-19,Rejected,False,-1
484376,Health,Inspection,Nguyen-Taylor,498705.0,2024-05-30,Rejected,False,-1
484379,Health,Payroll,"Neal, Moran and Powell",499807.92,2025-11-09,Pending,False,-1
484536,Health,Payroll,Campbell-Cooke,499373.81,2025-06-14,Rejected,False,-1
484786,Education,Inspection,"Parker, Cooley and Carter",499717.65,2025-08-15,Pending,False,-1
484792,Health,Payroll,"Watson, Cohen and Parsons",2161.66,2024-10-02,Approved,False,-1
484860,Defense,Payroll,Shah Inc,1895.01,2024-07-10,Pending,False,-1
484971,Transportation,Procurement,"Miller, Hodge and Wilkerson",498428.21,2025-06-15,Pending,False,-1
485071,Health,Benefits,"Johnson, Logan and Reyes",499067.17,2025-07-27,Pending,False,-1
485239,Education,Payroll,Nelson Group,2428.35,2025-09-06,Approved,False,-1
485281,Health,Payroll,"Leonard, Roberts and Castillo",499126.66,2025-10-12,Pending,False,-1
485307,Health,Procurement,Murphy Group,2068.78,2024-06-09,Pending,False,-1
485373,Health,Inspection,Mcdowell Group,499166.41,2024-07-06,Approved,False,-1
485524,Transportation,Procurement,"Morris, Floyd and Bradley",2017.05,2024-03-22,Pending,False,-1
485584,Transportation,Benefits,Peterson-Wallace,498388.17,2025-07-23,Pending,False,-1
485847,Defense,Benefits,Middleton-Moon,499166.72,2024-09-01,Approved,False,-1
485995,Transportation,Benefits,Snyder-Davis,499074.56,2025-08-10,Pending,False,-1
486043,Education,Inspection,"Cook, Johnson and Carpenter",498733.11,2024-11-26,Rejected,False,-1
486172,Health,Inspection,Stevens PLC,2775.91,2024-06-05,Approved,False,-1
486211,Defense,Payroll,Joyce Group,498452.76,2025-11-22,Pending,False,-1
486349,Education,Benefits,Johnson-Nelson,307.54,2024-09-08,Pending,False,-1
486361,Education,Inspection,"Hughes, Schroeder and Thompson",940.06,2025-10-08,Pending,False,-1
486428,Transportation,Procurement,Harding Group,498120.9,2024-06-03,Approved,False,-1
486528,Education,Benefits,Anderson PLC,499243.75,2024-10-08,Pending,False,-1
486731,Transportation,Benefits,Moss LLC,538.99,2026-01-23,Rejected,False,-1
486816,Health,Inspection,"Weaver, Brock and Stewart",1754.2,2025-11-30,Pending,False,-1
486922,Education,Payroll,Perry-Brown,497886.84,2025-09-24,Approved,False,-1
486954,Health,Payroll,Sims Ltd,499742.25,2024-08-20,Pending,False,-1
487226,Health,Inspection,Mckinney Group,2758.59,2026-01-15,Pending,False,-1
487268,Transportation,Payroll,"Burton, Singh and Rodriguez",330.32,2025-01-16,Approved,False,-1
487284,Health,Inspection,"Burns, Larson and Gibbs",1639.62,2024-07-27,Rejected,False,-1
487350,Health,Procurement,Reese-Gonzalez,499436.25,2024-08-07,Rejected,False,-1
487670,Health,Benefits,Christensen Ltd,557.97,2025-12-19,Pending,False,-1
487693,Transportation,Benefits,Carter Group,1085.09,2025-05-08,Approved,False,-1
487800,Transportation,Payroll,Powell-Young,2756.61,2024-09-16,Approved,False,-1
487966,Defense,Benefits,Martinez-Golden,1782.7,2024-05-05,Approved,False,-1
487993,Health,Payroll,"Kent, Campbell and Edwards",498783.01,2024-02-23,Approved,False,-1
488012,Defense,Benefits,Dodson-Pierce,1741.84,2025-09-29,Rejected,False,-1
488018,Transportation,Benefits,"Davis, Smith and Perkins",568.97,2024-03-12,Pending,False,-1
488113,Education,Benefits,"Simmons, Davidson and Frederick",257.92,2025-11-04,Rejected,False,-1
488157,Health,Inspection,"Flores, Mccall and Trujillo",2725.8,2025-11-29,Rejected,False,-1
488459,Transportation,Procurement,Holland-Wagner,2469.43,2024-02-17,Pending,False,-1
488562,Education,Benefits,"Rodriguez, Jimenez and Sparks",499347.92,2024-07-04,Rejected,False,-1
488673,Education,Inspection,"Brown, Jenkins and Smith",498133.43,2024-06-12,Rejected,False,-1
488678,Defense,Inspection,"Aguirre, Smith and Evans",1409.44,2025-03-19,Approved,False,-1
488776,Health,Benefits,"Collins, Rodriguez and Trujillo",2924.15,2026-01-18,Pending,False,-1
488910,Defense,Procurement,Villa Group,257.2,2024-03-31,Rejected,False,-1
489026,Defense,Payroll,Valencia-Roy,634.73,2024-02-25,Approved,False,-1
489217,Education,Payroll,"West, Shelton and Pierce",498611.93,2024-08-31,Pending,False,-1
489234,Defense,Payroll,Logan-Ross,998.63,2025-07-01,Approved,False,-1
489247,Education,Procurement,Richardson-Peterson,498054.6,2024-05-27,Pending,False,-1
489317,Transportation,Inspection,"Peters, Harris and Coleman",498117.79,2024-10-24,Approved,False,-1
489446,Education,Benefits,Oconnor-James,1188.29,2024-06-02,Pending,False,-1
489578,Education,Inspection,Hahn and Sons,2088.86,2025-12-20,Pending,False,-1
489623,Health,Payroll,Olson-Obrien,2673.54,2025-10-04,Rejected,False,-1
489648,Education,Payroll,Jordan and Sons,2463.75,2025-01-15,Pending,False,-1
489727,Health,Procurement,Arnold-Ellis,1390.37,2026-01-26,Approved,False,-1
489775,Defense,Benefits,Hart-Williams,2658.09,2025-05-20,Approved,False,-1
489799,Transportation,Procurement,Williams-Hoover,499877.02,2024-09-27,Pending,False,-1
490029,Health,Inspection,Yang-Patrick,499476.17,2026-01-18,Approved,False,-1
490077,Health,Inspection,Meadows-Lee,369.52,2025-05-19,Rejected,False,-1
490234,Defense,Procurement,Spencer Inc,506.08,2024-06-12,Approved,False,-1
490264,Health,Procurement,"Dorsey, Pierce and Martinez",498356.28,2024-05-09,Rejected,False,-1
490453,Education,Procurement,Reed-Hampton,2302.82,2025-03-17,Pending,False,-1
490520,Education,Benefits,"Palmer, Jones and Perkins",1941.7,2025-01-06,Approved,False,-1
490550,Transportation,Benefits,Scott-Schmidt,2873.11,2025-06-22,Approved,False,-1
490564,Defense,Payroll,Bishop Inc,499668.74,2024-11-09,Rejected,False,-1
490595,Defense,Benefits,Rosales LLC,1022.58,2025-10-01,Pending,False,-1
490609,Education,Benefits,Mitchell Group,2882.66,2025-02-19,Rejected,False,-1
490715,Defense,Benefits,Miller Inc,1371.44,2024-05-12,Rejected,False,-1
490727,Education,Inspection,Robertson-Hood,725.11,2024-11-27,Approved,False,-1
490783,Transportation,Inspection,"Dudley, Rangel and Tucker",1459.29,2024-05-19,Approved,False,-1
490973,Defense,Procurement,"Cole, Wilson and Cooke",282.52,2025-09-18,Pending,False,-1
491151,Health,Inspection,Coleman Ltd,2083.93,2025-06-12,Approved,False,-1
491160,Defense,Payroll,Estrada Group,383.2,2025-06-26,Pending,False,-1
491215,Defense,Payroll,"Johnson, Simon and Lee",2464.43,2024-12-05,Rejected,False,-1
491293,Transportation,Procurement,"Fleming, Hanson and Bernard",2929.75,2024-03-19,Pending,False,-1
491642,Defense,Payroll,"Hardy, Price and Sellers",499283.91,2025-09-09,Approved,False,-1
491670,Education,Inspection,Washington-Maldonado,2298.92,2024-11-07,Approved,False,-1
491794,Defense,Benefits,Fernandez Inc,292.0,2025-01-09,Approved,False,-1
491827,Education,Procurement,Cooper Inc,497883.06,2024-08-02,Pending,False,-1
491897,Health,Procurement,May-Turner,136.45,2024-11-18,Pending,False,-1
491933,Transportation,Payroll,Brooks Group,499348.19,2025-12-25,Pending,False,-1
492004,Transportation,Benefits,Anderson-Holmes,3029.43,2024-10-11,Approved,False,-1
492152,Defense,Payroll,"Williams, Soto and Shah",1693.47,2026-01-02,Pending,False,-1
492453,Health,Procurement,Hernandez-Smith,2443.51,2025-05-17,Approved,False,-1
492520,Transportation,Payroll,Jones LLC,2014.75,2024-09-10,Rejected,False,-1
492582,Transportation,Benefits,"Stevens, Cortez and Fernandez",499702.88,2024-11-22,Rejected,False,-1
492810,Defense,Inspection,"White, Frye and Rodriguez",498793.39,2025-07-18,Rejected,False,-1
493209,Transportation,Inspection,Stewart-Harmon,2397.19,2025-03-16,Approved,False,-1
493256,Health,Procurement,Cross Ltd,499147.09,2025-09-20,Rejected,False,-1
493407,Transportation,Payroll,Harris PLC,499374.93,2024-10-19,Approved,False,-1
493471,Education,Inspection,"Owens, Owen and Mitchell",2389.94,2025-07-29,Approved,False,-1
494087,Transportation,Payroll,Nelson-Rodriguez,1063.14,2025-02-06,Rejected,False,-1
494150,Education,Benefits,Shaw Inc,1182.73,2024-12-27,Approved,False,-1
494174,Defense,Inspection,Rivera-Jimenez,2152.71,2024-09-24,Approved,False,-1
494346,Health,Inspection,Cole Inc,499517.93,2025-05-27,Rejected,False,-1
494436,Defense,Inspection,Oliver PLC,742.84,2025-08-25,Rejected,False,-1
494438,Health,Procurement,Rangel-Lopez,2781.22,2024-02-28,Approved,False,-1
494558,Education,Payroll,Smith-Velez,498101.91,2024-07-13,Rejected,False,-1
494596,Health,Procurement,"Dominguez, Doyle and Bradley",2807.63,2024-03-09,Rejected,False,-1
494908,Transportation,Payroll,Kline LLC,831.27,2026-01-22,Rejected,False,-1
494953,Health,Procurement,Reese PLC,499630.8,2026-01-18,Rejected,False,-1
494964,Health,Procurement,Faulkner-Lee,364.83,2024-09-26,Approved,False,-1
494982,Defense,Procurement,Green LLC,2104.93,2024-04-14,Pending,False,-1
495357,Education,Payroll,Crawford-Wilson,2823.11,2024-03-22,Rejected,False,-1
495363,Defense,Payroll,Yang-Shaffer,1371.33,2025-11-07,Rejected,False,-1
495406,Education,Benefits,Smith-Taylor,499543.29,2024-05-21,Approved,False,-1
495661,Education,Procurement,"Cantu, Webb and Elliott",498730.76,2024-12-05,Pending,False,-1
495768,Defense,Payroll,Davis-Kirk,498626.85,2024-03-05,Pending,False,-1
495770,Defense,Benefits,Adkins Ltd,440.69,2024-11-04,Rejected,False,-1
495829,Transportation,Benefits,Wong LLC,498081.5,2025-02-28,Rejected,False,-1
495859,Education,Inspection,"Davis, Rodriguez and Medina",744.91,2026-01-03,Rejected,False,-1
496016,Education,Procurement,Reyes PLC,2373.19,2025-03-31,Approved,False,-1
496059,Defense,Benefits,Miller and Sons,1755.06,2025-07-11,Approved,False,-1
496104,Health,Procurement,"King, Woods and Rojas",551.49,2025-06-01,Rejected,False,-1
496162,Transportation,Benefits,Cobb LLC,499548.06,2025-08-19,Approved,False,-1
496489,Transportation,Inspection,Diaz and Sons,499001.16,2025-08-30,Approved,False,-1
496533,Education,Procurement,"Steele, Taylor and Miller",140.46,2024-11-12,Approved,False,-1
496555,Health,Inspection,Cobb-Bowman,3020.36,2025-09-21,Pending,False,-1
496889,Transportation,Procurement,Rodriguez-Hernandez,3137.68,2025-11-18,Approved,False,-1
496955,Education,Payroll,Huber Group,2908.61,2024-09-15,Rejected,False,-1
497054,Health,Payroll,Garcia-Williams,498700.78,2025-12-20,Pending,False,-1
497072,Education,Payroll,Lane-Delgado,1762.75,2025-09-06,Pending,False,-1
497108,Health,Benefits,"Williams, Gill and Ross",1022.5,2026-02-08,Pending,False,-1
497402,Transportation,Payroll,Graham and Sons,2357.12,2025-05-16,Approved,False,-1
497406,Defense,Benefits,"Velazquez, Maxwell and Mcgee",2629.55,2025-02-23,Pending,False,-1
497532,Health,Procurement,"Ortiz, Mcmillan and Johnston",499049.45,2024-10-28,Pending,False,-1
497915,Defense,Payroll,"Bernard, Cooper and Harper",1003.1,2025-05-16,Approved,False,-1
498012,Transportation,Payroll,"Lyons, Lee and Hoffman",498458.17,2024-08-02,Approved,False,-1
498022,Education,Inspection,Martin Group,762.52,2025-07-30,Rejected,False,-1
498053,Transportation,Payroll,Wood-Harris,228.88,2024-05-03,Pending,False,-1
498263,Health,Procurement,"Pennington, Dyer and Lawson",2113.1,2024-10-08,Approved,False,-1
498264,Transportation,Inspection,Yu LLC,498410.77,2024-12-27,Rejected,False,-1
498307,Health,Inspection,Dickerson Inc,499604.89,2025-03-28,Approved,False,-1
498425,Defense,Payroll,Williams-Jenkins,499374.25,2025-11-15,Pending,False,-1
498521,Defense,Procurement,"Carpenter, Cohen and Barnes",843.55,2025-07-19,Pending,False,-1
498571,Defense,Inspection,Mills-Ross,498425.98,2025-07-26,Pending,False,-1
498610,Education,Procurement,Taylor Group,2972.04,2024-03-10,Approved,False,-1
498720,Education,Inspection,Weaver and Sons,1940.52,2025-06-25,Rejected,False,-1
498756,Education,Benefits,Avila Inc,2807.99,2025-06-14,Approved,False,-1
498803,Education,Procurement,Nguyen-Brown,555.61,2025-07-03,Pending,False,-1
498813,Education,Procurement,Huffman-Sheppard,2550.57,2025-09-26,Rejected,False,-1
499053,Education,Benefits,"Baker, Castillo and Williams",499034.96,2024-05-16,Approved,False,-1
499189,Education,Inspection,"Hawkins, Owens and Wood",3004.63,2024-11-12,Approved,False,-1
499417,Education,Payroll,Nelson and Sons,1837.46,2025-02-14,Approved,False,-1
499502,Health,Benefits,"Sullivan, Barnett and Smith",2652.78,2024-03-11,Pending,False,-1
499679,Defense,Procurement,"Park, Rowland and Morris",2031.46,2024-11-12,Rejected,False,-1
499731,Defense,Procurement,Webster LLC,1023.2,2025-03-15,Pending,False,-1
499763,Defense,Inspection,Bryant LLC,309.65,2025-06-13,Rejected,False,-1
499888,Education,Inspection,"Ellison, Walters and Martin",704.99,2025-02-04,Approved,False,-1
